代號,名稱,Date,外資買賣超
Y9999,加權指數,2026/05/20,"-45284.2"
Y9999,加權指數,2026/05/19,"-50806.7"
Y9999,加權指數,2026/05/18,"-43079.3"
Y9999,加權指數,2026/05/15,"2932.57"
Y9999,加權指數,2026/05/14,"4237.09"
Y9999,加權指數,2026/05/13,"-23490.33"
Y9999,加權指數,2026/05/12,"-45284.2"
Y9999,加權指數,2026/05/11,"-13,985.73"
Y9999,加權指數,2026/05/08,"-4,601.55"
Y9999,加權指數,2026/05/07,"36,308.66"
Y9999,加權指數,2026/05/06,"84,119.6"
Y9999,加權指數,2026/05/05,"11,513.81"
Y9999,加權指數,2026/05/04,"54,252.47"
Y9999,加權指數,2026/04/30,"-52,476.59"
Y9999,加權指數,2026/04/29,"-46,787.32"
Y9999,加權指數,2026/04/28,"-36,955.22"
Y9999,加權指數,2026/04/27,"-43,922.24"
Y9999,加權指數,2026/04/24,"39,005.02"
Y9999,加權指數,2026/04/23,448.69
Y9999,加權指數,2026/04/22,"11,396.91"
Y9999,加權指數,2026/04/21,"56,449.67"
Y9999,加權指數,2026/04/20,"3,908.35"
Y9999,加權指數,2026/04/17,721.14
Y9999,加權指數,2026/04/16,"38,364.65"
Y9999,加權指數,2026/04/15,"49,196.74"
Y9999,加權指數,2026/04/14,"61,777.26"
Y9999,加權指數,2026/04/13,"-19,091.47"
Y9999,加權指數,2026/04/10,"20,546.56"
Y9999,加權指數,2026/04/09,"25,910.7"
Y9999,加權指數,2026/04/08,"97,071.22"
Y9999,加權指數,2026/04/07,"7,050.06"
Y9999,加權指數,2026/04/02,"-32,393.43"
Y9999,加權指數,2026/04/01,"19,016.22"
Y9999,加權指數,2026/03/31,"-68,433.19"
Y9999,加權指數,2026/03/30,"-55,720.61"
Y9999,加權指數,2026/03/27,"-31,999.41"
Y9999,加權指數,2026/03/26,"-4,858.68"
Y9999,加權指數,2026/03/25,"33,397.88"
Y9999,加權指數,2026/03/24,"-8,166.37"
Y9999,加權指數,2026/03/23,"-71,944.6"
Y9999,加權指數,2026/03/20,"-35,511.27"
Y9999,加權指數,2026/03/19,"-80,504.54"
Y9999,加權指數,2026/03/18,"8,077.58"
Y9999,加權指數,2026/03/17,"2,516.81"
Y9999,加權指數,2026/03/16,"-37,817.06"
Y9999,加權指數,2026/03/13,"-52,545.58"
Y9999,加權指數,2026/03/12,"-61,473.07"
Y9999,加權指數,2026/03/11,"34,979.15"
Y9999,加權指數,2026/03/10,"-23,786.96"
Y9999,加權指數,2026/03/09,"-104,259.64"
Y9999,加權指數,2026/03/06,"-28,466.47"
Y9999,加權指數,2026/03/05,"-42,451.01"
Y9999,加權指數,2026/03/04,"-77,187.33"
Y9999,加權指數,2026/03/03,"-71,110.03"
Y9999,加權指數,2026/03/02,"-25,932.42"
Y9999,加權指數,2026/02/26,"-9,853.5"
Y9999,加權指數,2026/02/25,"44,235.76"
Y9999,加權指數,2026/02/24,"62,990.25"
Y9999,加權指數,2026/02/23,"12,863.32"
Y9999,加權指數,2026/02/11,"46,978.18"
Y9999,加權指數,2026/02/10,"49,543.22"
Y9999,加權指數,2026/02/09,"16,090.82"
Y9999,加權指數,2026/02/06,"-4,510.8"
Y9999,加權指數,2026/02/05,"-64,931.16"
Y9999,加權指數,2026/02/04,"12,241.81"
Y9999,加權指數,2026/02/03,"6,948.97"
Y9999,加權指數,2026/02/02,"-39,081.88"
Y9999,加權指數,2026/01/30,"-44,464.19"
Y9999,加權指數,2026/01/29,"18,118.14"
Y9999,加權指數,2026/01/28,"31,690.11"
Y9999,加權指數,2026/01/27,"18,076.47"
Y9999,加權指數,2026/01/26,"-1,755.56"
Y9999,加權指數,2026/01/23,"22,324.08"
Y9999,加權指數,2026/01/22,"17,538"
Y9999,加權指數,2026/01/21,"-39,795.29"
Y9999,加權指數,2026/01/20,"-1,092.49"
Y9999,加權指數,2026/01/19,"-25,786.35"
Y9999,加權指數,2026/01/16,"37,627.4"
Y9999,加權指數,2026/01/15,357.14
Y9999,加權指數,2026/01/14,"11,576.59"
Y9999,加權指數,2026/01/13,"13,737.73"
Y9999,加權指數,2026/01/12,"-12,506.69"
Y9999,加權指數,2026/01/09,"-7,038.12"
Y9999,加權指數,2026/01/08,"-1,847.2"
Y9999,加權指數,2026/01/07,"-32,098.73"
Y9999,加權指數,2026/01/06,932.39
Y9999,加權指數,2026/01/05,"-8,426.6"
Y9999,加權指數,2026/01/02,"12,100.36"
Y9999,加權指數,2025/12/31,"-3,863.79"
Y9999,加權指數,2025/12/30,"3,114.65"
Y9999,加權指數,2025/12/29,"4,517.91"
Y9999,加權指數,2025/12/26,"5,794.78"
Y9999,加權指數,2025/12/24,"-4,919.82"
Y9999,加權指數,2025/12/23,"-11,783.07"
Y9999,加權指數,2025/12/22,"20,299"
Y9999,加權指數,2025/12/19,"-1,784.8"
Y9999,加權指數,2025/12/18,"-22,948.28"
Y9999,加權指數,2025/12/17,"-36,013.1"
Y9999,加權指數,2025/12/16,"-50,295.7"
Y9999,加權指數,2025/12/15,"-41,340.44"
Y9999,加權指數,2025/12/12,"16,225.48"
Y9999,加權指數,2025/12/11,"-16,535.61"
Y9999,加權指數,2025/12/10,"20,184.97"
Y9999,加權指數,2025/12/09,"-5,577.19"
Y9999,加權指數,2025/12/08,"13,258.24"
Y9999,加權指數,2025/12/05,"35,897.36"
Y9999,加權指數,2025/12/04,"10,339.03"
Y9999,加權指數,2025/12/03,"15,778.37"
Y9999,加權指數,2025/12/02,"13,561.23"
Y9999,加權指數,2025/12/01,"-20,239.42"
Y9999,加權指數,2025/11/28,"-19,000.66"
Y9999,加權指數,2025/11/27,"11,533.45"
Y9999,加權指數,2025/11/26,"12,185.41"
Y9999,加權指數,2025/11/25,"5,832.18"
Y9999,加權指數,2025/11/24,"-27,811.04"
Y9999,加權指數,2025/11/21,"-77,503.75"
Y9999,加權指數,2025/11/20,"14,174.65"
Y9999,加權指數,2025/11/19,"-20,146.97"
Y9999,加權指數,2025/11/18,"-34,966.73"
Y9999,加權指數,2025/11/17,"8,586.1"
Y9999,加權指數,2025/11/14,"-48,709.71"
Y9999,加權指數,2025/11/13,"-4,724.66"
Y9999,加權指數,2025/11/12,"-8,908.96"
Y9999,加權指數,2025/11/11,"-15,358.56"
Y9999,加權指數,2025/11/10,"-2,672.96"
Y9999,加權指數,2025/11/07,"-28,934.54"
Y9999,加權指數,2025/11/06,"-5,176.76"
Y9999,加權指數,2025/11/05,"-47,594.75"
Y9999,加權指數,2025/11/04,"-3,534.29"
Y9999,加權指數,2025/11/03,"-4,618.72"
Y9999,加權指數,2025/10/31,"-27,950.75"
Y9999,加權指數,2025/10/30,"2,846.14"
Y9999,加權指數,2025/10/29,"5,087.56"
Y9999,加權指數,2025/10/28,"-23,315.8"
Y9999,加權指數,2025/10/27,"27,253.26"
Y9999,加權指數,2025/10/23,"-17,508.06"
Y9999,加權指數,2025/10/22,"-18,434.44"
Y9999,加權指數,2025/10/21,"2,948.01"
Y9999,加權指數,2025/10/20,"15,855.89"
Y9999,加權指數,2025/10/17,"-15,454.03"
Y9999,加權指數,2025/10/16,"12,072.59"
Y9999,加權指數,2025/10/15,"-12,271.94"
Y9999,加權指數,2025/10/14,"-12,651.53"
Y9999,加權指數,2025/10/13,"-44,153.12"
Y9999,加權指數,2025/10/09,"5,535.67"
Y9999,加權指數,2025/10/08,"-11,873.89"
Y9999,加權指數,2025/10/07,216.3
Y9999,加權指數,2025/10/03,"18,262.86"
Y9999,加權指數,2025/10/02,"20,045.26"
Y9999,加權指數,2025/10/01,"12,833.25"
Y9999,加權指數,2025/09/30,"3,982.89"
Y9999,加權指數,2025/09/26,"-17,406.82"
Y9999,加權指數,2025/09/25,407.22
Y9999,加權指數,2025/09/24,"-13,277.87"
Y9999,加權指數,2025/09/23,"9,770.48"
Y9999,加權指數,2025/09/22,"-7,655.07"
Y9999,加權指數,2025/09/19,"-14,543.78"
Y9999,加權指數,2025/09/18,"13,054.94"
Y9999,加權指數,2025/09/17,"-4,348.85"
Y9999,加權指數,2025/09/16,"28,035.7"
Y9999,加權指數,2025/09/15,"2,133.99"
Y9999,加權指數,2025/09/12,"25,006.47"
Y9999,加權指數,2025/09/11,"31,239.49"
Y9999,加權指數,2025/09/10,"43,800.15"
Y9999,加權指數,2025/09/09,"32,345.32"
Y9999,加權指數,2025/09/08,"11,552.61"
Y9999,加權指數,2025/09/05,"25,694.36"
Y9999,加權指數,2025/09/04,"10,663.7"
Y9999,加權指數,2025/09/03,"8,632.79"
Y9999,加權指數,2025/09/02,"8,590.13"
Y9999,加權指數,2025/09/01,"-4,737.95"
Y9999,加權指數,2025/08/29,"-9,613.6"
Y9999,加權指數,2025/08/28,"-8,926.33"
Y9999,加權指數,2025/08/27,"-1,992.98"
Y9999,加權指數,2025/08/26,"-12,565.18"
Y9999,加權指數,2025/08/25,"21,701.78"
Y9999,加權指數,2025/08/22,"-14,889.76"
Y9999,加權指數,2025/08/21,"-9,780.22"
Y9999,加權指數,2025/08/20,"-52,274.71"
Y9999,加權指數,2025/08/19,"-10,073.59"
Y9999,加權指數,2025/08/18,"5,493.63"
Y9999,加權指數,2025/08/15,"7,259.57"
Y9999,加權指數,2025/08/14,"-4,064.07"
Y9999,加權指數,2025/08/13,"4,913.64"
Y9999,加權指數,2025/08/12,"-7,237.54"
Y9999,加權指數,2025/08/11,"-3,851.04"
Y9999,加權指數,2025/08/08,"-4,016.19"
Y9999,加權指數,2025/08/07,"37,083.42"
Y9999,加權指數,2025/08/06,"-8,956.38"
Y9999,加權指數,2025/08/05,"10,117.43"
Y9999,加權指數,2025/08/04,"7,123.09"
Y9999,加權指數,2025/08/01,"-3,403.96"
Y9999,加權指數,2025/07/31,"8,816.33"
Y9999,加權指數,2025/07/30,"11,088.91"
Y9999,加權指數,2025/07/29,"-12,372.87"
Y9999,加權指數,2025/07/28,"4,729.03"
Y9999,加權指數,2025/07/25,"9,231.29"
Y9999,加權指數,2025/07/24,"8,210.57"
Y9999,加權指數,2025/07/23,"8,484.32"
Y9999,加權指數,2025/07/22,"11,711.83"
Y9999,加權指數,2025/07/21,"4,723.45"
Y9999,加權指數,2025/07/18,"29,685.33"
Y9999,加權指數,2025/07/17,"3,509.8"
Y9999,加權指數,2025/07/16,"13,819.73"
Y9999,加權指數,2025/07/15,"17,243.55"
Y9999,加權指數,2025/07/14,-326.36
Y9999,加權指數,2025/07/11,"15,668.05"
Y9999,加權指數,2025/07/10,"8,354.09"
Y9999,加權指數,2025/07/09,"8,261.67"
Y9999,加權指數,2025/07/08,"1,349.68"
Y9999,加權指數,2025/07/07,"-3,076.9"
Y9999,加權指數,2025/07/04,"2,253.91"
Y9999,加權指數,2025/07/03,"27,499.5"
Y9999,加權指數,2025/07/02,"7,562.44"
Y9999,加權指數,2025/07/01,"46,750.58"
Y9999,加權指數,2025/06/30,"-5,213.15"
Y9999,加權指數,2025/06/27,"27,297.27"
Y9999,加權指數,2025/06/26,"27,274.07"
Y9999,加權指數,2025/06/25,"30,555.72"
Y9999,加權指數,2025/06/24,"26,992.62"
Y9999,加權指數,2025/06/23,"-12,774.8"
Y9999,加權指數,2025/06/20,"-3,712.58"
Y9999,加權指數,2025/06/19,"-14,907.82"
Y9999,加權指數,2025/06/18,"15,489.25"
Y9999,加權指數,2025/06/17,"5,515.72"
Y9999,加權指數,2025/06/16,274.52
Y9999,加權指數,2025/06/13,"-2,727.32"
Y9999,加權指數,2025/06/12,964.41
Y9999,加權指數,2025/06/11,"5,963.36"
Y9999,加權指數,2025/06/10,"36,389.48"
Y9999,加權指數,2025/06/09,"-1,194.6"
Y9999,加權指數,2025/06/06,"-13,820.42"
Y9999,加權指數,2025/06/05,590.7
Y9999,加權指數,2025/06/04,"19,683.83"
Y9999,加權指數,2025/06/03,"-14,346.34"
Y9999,加權指數,2025/06/02,"-48,426.81"
Y9999,加權指數,2025/05/29,"-20,480.7"
Y9999,加權指數,2025/05/28,635.94
Y9999,加權指數,2025/05/27,"-11,891.99"
Y9999,加權指數,2025/05/26,"12,222.53"
Y9999,加權指數,2025/05/23,"-2,148.99"
Y9999,加權指數,2025/05/22,"1,178.39"
Y9999,加權指數,2025/05/21,"28,372.23"
Y9999,加權指數,2025/05/20,"4,103.49"
Y9999,加權指數,2025/05/19,"-12,074.27"
Y9999,加權指數,2025/05/16,"15,477.85"
Y9999,加權指數,2025/05/15,"7,747.02"
Y9999,加權指數,2025/05/14,"43,419.5"
Y9999,加權指數,2025/05/13,"14,333.03"
Y9999,加權指數,2025/05/12,"16,297.51"
Y9999,加權指數,2025/05/09,"22,288.38"
Y9999,加權指數,2025/05/08,"1,247.26"
Y9999,加權指數,2025/05/07,"11,248.76"
Y9999,加權指數,2025/05/06,"14,492.42"
Y9999,加權指數,2025/05/05,"24,905.77"
Y9999,加權指數,2025/05/02,"38,773.89"
Y9999,加權指數,2025/04/30,"-1,304.12"
Y9999,加權指數,2025/04/29,"10,153.01"
Y9999,加權指數,2025/04/28,"6,085.66"
Y9999,加權指數,2025/04/25,"12,674.92"
Y9999,加權指數,2025/04/24,"-5,335.7"
Y9999,加權指數,2025/04/23,"25,402.55"
Y9999,加權指數,2025/04/22,"-5,726.39"
Y9999,加權指數,2025/04/21,140.77
Y9999,加權指數,2025/04/18,"-14,163.21"
Y9999,加權指數,2025/04/17,"-12,666.44"
Y9999,加權指數,2025/04/16,"-17,304.44"
Y9999,加權指數,2025/04/15,768.23
Y9999,加權指數,2025/04/14,"-13,224.59"
Y9999,加權指數,2025/04/11,"31,169.89"
Y9999,加權指數,2025/04/10,"-6,732.24"
Y9999,加權指數,2025/04/09,"-28,320.31"
Y9999,加權指數,2025/04/08,"-33,510.01"
Y9999,加權指數,2025/04/07,"12,710.09"
Y9999,加權指數,2025/04/02,"-1,306.26"
Y9999,加權指數,2025/04/01,"-5,152.27"
Y9999,加權指數,2025/03/31,"-31,672.98"
Y9999,加權指數,2025/03/28,"-29,605.99"
Y9999,加權指數,2025/03/27,"-35,642.37"
Y9999,加權指數,2025/03/26,-53.61
Y9999,加權指數,2025/03/25,"6,072.16"
Y9999,加權指數,2025/03/24,"-10,181.2"
Y9999,加權指數,2025/03/21,"-16,255.28"
Y9999,加權指數,2025/03/20,"21,399.04"
Y9999,加權指數,2025/03/19,"-32,502.29"
Y9999,加權指數,2025/03/18,"-4,309.37"
Y9999,加權指數,2025/03/17,"-7,425.36"
Y9999,加權指數,2025/03/14,"-10,600.62"
Y9999,加權指數,2025/03/13,"-20,294.41"
Y9999,加權指數,2025/03/12,"-15,166.65"
Y9999,加權指數,2025/03/11,"-42,759.09"
Y9999,加權指數,2025/03/10,"-25,518.66"
Y9999,加權指數,2025/03/07,"-25,388.25"
Y9999,加權指數,2025/03/06,"-24,534.53"
Y9999,加權指數,2025/03/05,"-12,522.57"
Y9999,加權指數,2025/03/04,"-48,460.3"
Y9999,加權指數,2025/03/03,"-48,067.67"
Y9999,加權指數,2025/02/27,"-40,656.78"
Y9999,加權指數,2025/02/26,"-1,555.62"
Y9999,加權指數,2025/02/25,"-45,959.52"
Y9999,加權指數,2025/02/24,"-17,220.62"
Y9999,加權指數,2025/02/21,"15,614.72"
Y9999,加權指數,2025/02/20,"-14,171.57"
Y9999,加權指數,2025/02/19,"-1,226.02"
Y9999,加權指數,2025/02/18,"7,875.12"
Y9999,加權指數,2025/02/17,"23,908.51"
Y9999,加權指數,2025/02/14,"-20,847.77"
Y9999,加權指數,2025/02/13,-217.33
Y9999,加權指數,2025/02/12,"2,102.18"
Y9999,加權指數,2025/02/11,"9,137.49"
Y9999,加權指數,2025/02/10,"-17,183.38"
Y9999,加權指數,2025/02/07,"13,238.37"
Y9999,加權指數,2025/02/06,"3,141.69"
Y9999,加權指數,2025/02/05,"24,842.68"
Y9999,加權指數,2025/02/04,"-12,966.9"
Y9999,加權指數,2025/02/03,"-68,357.41"
Y9999,加權指數,2025/01/22,"13,020.14"
Y9999,加權指數,2025/01/21,313.2
Y9999,加權指數,2025/01/20,"9,332.01"
Y9999,加權指數,2025/01/17,"14,075.17"
Y9999,加權指數,2025/01/16,"26,385.83"
Y9999,加權指數,2025/01/15,"-27,380.98"
Y9999,加權指數,2025/01/14,"-11,489.61"
Y9999,加權指數,2025/01/13,"-47,103.77"
Y9999,加權指數,2025/01/10,"-15,096.06"
Y9999,加權指數,2025/01/09,"-24,440.26"
Y9999,加權指數,2025/01/08,"-15,626.78"
Y9999,加權指數,2025/01/07,"9,448.94"
Y9999,加權指數,2025/01/06,"48,623.59"
Y9999,加權指數,2025/01/03,"8,929.15"
Y9999,加權指數,2025/01/02,"-25,770.96"
Y9999,加權指數,2024/12/31,"-18,020.4"
Y9999,加權指數,2024/12/30,"-6,712.95"
Y9999,加權指數,2024/12/27,"4,249.94"
Y9999,加權指數,2024/12/26,"3,265.6"
Y9999,加權指數,2024/12/25,"10,319.85"
Y9999,加權指數,2024/12/24,"11,313.73"
Y9999,加權指數,2024/12/23,"35,882.22"
Y9999,加權指數,2024/12/20,"-43,231.46"
Y9999,加權指數,2024/12/19,"-29,532.61"
Y9999,加權指數,2024/12/18,"10,576.07"
Y9999,加權指數,2024/12/17,"2,466.32"
Y9999,加權指數,2024/12/16,"17,331.56"
Y9999,加權指數,2024/12/13,"-2,550.31"
Y9999,加權指數,2024/12/12,-840.44
Y9999,加權指數,2024/12/11,"-16,031.69"
Y9999,加權指數,2024/12/10,"-7,282.2"
Y9999,加權指數,2024/12/09,"4,273.83"
Y9999,加權指數,2024/12/06,"1,240.18"
Y9999,加權指數,2024/12/05,"1,702.84"
Y9999,加權指數,2024/12/04,"23,141.63"
Y9999,加權指數,2024/12/03,"18,628.15"
Y9999,加權指數,2024/12/02,"15,464.83"
Y9999,加權指數,2024/11/29,"-25,817.34"
Y9999,加權指數,2024/11/28,"-7,156.1"
Y9999,加權指數,2024/11/27,"-35,764.41"
Y9999,加權指數,2024/11/26,"-26,938.19"
Y9999,加權指數,2024/11/25,"6,621.77"
Y9999,加權指數,2024/11/22,"8,184.01"
Y9999,加權指數,2024/11/21,"-23,371.83"
Y9999,加權指數,2024/11/20,"-30,062.87"
Y9999,加權指數,2024/11/19,"11,631.72"
Y9999,加權指數,2024/11/18,"-8,135.65"
Y9999,加權指數,2024/11/15,"6,339.48"
Y9999,加權指數,2024/11/14,"-20,621.15"
Y9999,加權指數,2024/11/13,"-39,907.39"
Y9999,加權指數,2024/11/12,"-43,188.81"
Y9999,加權指數,2024/11/11,"1,070.45"
Y9999,加權指數,2024/11/08,678.47
Y9999,加權指數,2024/11/07,"5,174.15"
Y9999,加權指數,2024/11/06,177.28
Y9999,加權指數,2024/11/05,"9,771.64"
Y9999,加權指數,2024/11/04,"-1,292.44"
Y9999,加權指數,2024/11/01,"-17,509.19"
Y9999,加權指數,2024/10/30,"-2,013.57"
Y9999,加權指數,2024/10/29,"-22,888.82"
Y9999,加權指數,2024/10/28,"8,566.18"
Y9999,加權指數,2024/10/25,"17,312.78"
Y9999,加權指數,2024/10/24,"-3,641.96"
Y9999,加權指數,2024/10/23,"-6,415.33"
Y9999,加權指數,2024/10/22,"8,504.32"
Y9999,加權指數,2024/10/21,"20,706.46"
Y9999,加權指數,2024/10/18,"52,185"
Y9999,加權指數,2024/10/17,"-3,798.74"
Y9999,加權指數,2024/10/16,"-30,521.23"
Y9999,加權指數,2024/10/15,"31,717.93"
Y9999,加權指數,2024/10/14,"-1,322.05"
Y9999,加權指數,2024/10/11,"21,734.49"
Y9999,加權指數,2024/10/09,"14,511.54"
Y9999,加權指數,2024/10/08,"-22,965.66"
Y9999,加權指數,2024/10/07,"6,261.36"
Y9999,加權指數,2024/10/04,"-23,437.83"
Y9999,加權指數,2024/10/01,"-5,898"
Y9999,加權指數,2024/09/30,"-37,370.3"
Y9999,加權指數,2024/09/27,"22,658.69"
Y9999,加權指數,2024/09/26,"19,496.91"
Y9999,加權指數,2024/09/25,"33,011.96"
Y9999,加權指數,2024/09/24,"10,545.71"
Y9999,加權指數,2024/09/23,"11,268.91"
Y9999,加權指數,2024/09/20,"22,806.61"
Y9999,加權指數,2024/09/19,"27,068.78"
Y9999,加權指數,2024/09/18,"-12,070.95"
Y9999,加權指數,2024/09/16,-792.73
Y9999,加權指數,2024/09/13,"3,994.78"
Y9999,加權指數,2024/09/12,"36,322.3"
Y9999,加權指數,2024/09/11,"-6,737.95"
Y9999,加權指數,2024/09/10,"-23,403.82"
Y9999,加權指數,2024/09/09,"-45,869.85"
Y9999,加權指數,2024/09/06,"1,747.43"
Y9999,加權指數,2024/09/05,"-22,975"
Y9999,加權指數,2024/09/04,"-89,533.29"
Y9999,加權指數,2024/09/03,"-4,740.69"
Y9999,加權指數,2024/09/02,"-12,001.64"
Y9999,加權指數,2024/08/30,"-4,577.84"
Y9999,加權指數,2024/08/29,"-22,448.28"
Y9999,加權指數,2024/08/28,"-10,486.63"
Y9999,加權指數,2024/08/27,"-11,770.25"
Y9999,加權指數,2024/08/26,"-3,767.5"
Y9999,加權指數,2024/08/23,-503.92
Y9999,加權指數,2024/08/22,"-5,353.27"
Y9999,加權指數,2024/08/21,"-4,379.33"
Y9999,加權指數,2024/08/20,"4,560.82"
Y9999,加權指數,2024/08/19,"-3,312.47"
Y9999,加權指數,2024/08/16,"44,453.3"
Y9999,加權指數,2024/08/15,-252.89
Y9999,加權指數,2024/08/14,"23,242.31"
Y9999,加權指數,2024/08/13,"-4,169"
Y9999,加權指數,2024/08/12,"17,199.82"
Y9999,加權指數,2024/08/09,"24,349.14"
Y9999,加權指數,2024/08/08,"-40,629.25"
Y9999,加權指數,2024/08/07,"-4,230.24"
Y9999,加權指數,2024/08/06,"26,858.88"
Y9999,加權指數,2024/08/05,"-62,605.2"
Y9999,加權指數,2024/08/02,"-83,608.42"
Y9999,加權指數,2024/08/01,"17,789.04"
Y9999,加權指數,2024/07/31,"-15,927.1"
Y9999,加權指數,2024/07/30,"-21,672.33"
Y9999,加權指數,2024/07/29,"2,882.67"
Y9999,加權指數,2024/07/26,"-75,631.55"
Y9999,加權指數,2024/07/23,"14,045.92"
Y9999,加權指數,2024/07/22,"-3,783.66"
Y9999,加權指數,2024/07/19,"-59,539.66"
Y9999,加權指數,2024/07/18,"-49,284.4"
Y9999,加權指數,2024/07/17,"-26,164.21"
Y9999,加權指數,2024/07/16,"-3,533.86"
Y9999,加權指數,2024/07/15,"-11,169.84"
Y9999,加權指數,2024/07/12,"-37,778.51"
Y9999,加權指數,2024/07/11,"1,874.8"
Y9999,加權指數,2024/07/10,"-9,864.23"
Y9999,加權指數,2024/07/09,"-14,888.36"
Y9999,加權指數,2024/07/08,"-6,708.57"
Y9999,加權指數,2024/07/05,"-5,824.19"
Y9999,加權指數,2024/07/04,"33,844.25"
Y9999,加權指數,2024/07/03,"9,713.44"
Y9999,加權指數,2024/07/02,"-22,314.89"
Y9999,加權指數,2024/07/01,"-8,137.74"
Y9999,加權指數,2024/06/28,"8,511.42"
Y9999,加權指數,2024/06/27,"-14,387.5"
Y9999,加權指數,2024/06/26,"-8,922.49"
Y9999,加權指數,2024/06/25,"-9,940.5"
Y9999,加權指數,2024/06/24,"-41,157.97"
Y9999,加權指數,2024/06/21,"-14,687.87"
Y9999,加權指數,2024/06/20,"22,745.98"
Y9999,加權指數,2024/06/19,"43,505.36"
Y9999,加權指數,2024/06/18,"17,044.89"
Y9999,加權指數,2024/06/17,"-14,037.38"
Y9999,加權指數,2024/06/14,"20,034.36"
Y9999,加權指數,2024/06/13,"28,177.93"
Y9999,加權指數,2024/06/12,"16,924.44"
Y9999,加權指數,2024/06/11,"-29,287.38"
Y9999,加權指數,2024/06/07,"-8,668.39"
Y9999,加權指數,2024/06/06,"20,562.93"
Y9999,加權指數,2024/06/05,"-16,630.95"
Y9999,加權指數,2024/06/04,"-17,470.02"
Y9999,加權指數,2024/06/03,"4,440.36"
Y9999,加權指數,2024/05/31,"-30,219.9"
Y9999,加權指數,2024/05/30,"-40,080.84"
Y9999,加權指數,2024/05/29,"-24,823.71"
Y9999,加權指數,2024/05/28,"-1,111.99"
Y9999,加權指數,2024/05/27,"2,564.22"
Y9999,加權指數,2024/05/24,"7,136.54"
Y9999,加權指數,2024/05/23,"16,889.21"
Y9999,加權指數,2024/05/22,"30,010.17"
Y9999,加權指數,2024/05/21,"-1,754.87"
Y9999,加權指數,2024/05/20,"-5,025.89"
Y9999,加權指數,2024/05/17,"4,310.91"
Y9999,加權指數,2024/05/16,"46,781.67"
Y9999,加權指數,2024/05/15,"26,565.68"
Y9999,加權指數,2024/05/14,"21,074.3"
Y9999,加權指數,2024/05/13,"15,993.67"
Y9999,加權指數,2024/05/10,"15,534.41"
Y9999,加權指數,2024/05/09,"-20,388.14"
Y9999,加權指數,2024/05/08,"2,512.03"
Y9999,加權指數,2024/05/07,"5,982.96"
Y9999,加權指數,2024/05/06,"21,238.13"
Y9999,加權指數,2024/05/03,"16,262.38"
Y9999,加權指數,2024/05/02,"-16,746.9"
Y9999,加權指數,2024/04/30,"1,898.02"
Y9999,加權指數,2024/04/29,"32,010.86"
Y9999,加權指數,2024/04/26,"19,940.61"
Y9999,加權指數,2024/04/25,"-23,544.43"
Y9999,加權指數,2024/04/24,"28,438.94"
Y9999,加權指數,2024/04/23,"1,538.35"
Y9999,加權指數,2024/04/22,"-10,281.82"
Y9999,加權指數,2024/04/19,"-78,075.28"
Y9999,加權指數,2024/04/18,"-6,464.68"
Y9999,加權指數,2024/04/17,"-20,571.06"
Y9999,加權指數,2024/04/16,"-32,812.96"
Y9999,加權指數,2024/04/15,"-24,683.34"
Y9999,加權指數,2024/04/12,"-6,134.18"
Y9999,加權指數,2024/04/11,"-2,341.37"
Y9999,加權指數,2024/04/10,-409.52
Y9999,加權指數,2024/04/09,"21,854.37"
Y9999,加權指數,2024/04/08,"-8,857.39"
Y9999,加權指數,2024/04/03,"-15,499.49"
Y9999,加權指數,2024/04/02,"8,630.82"
Y9999,加權指數,2024/04/01,"-1,349.44"
Y9999,加權指數,2024/03/29,"-2,508.37"
Y9999,加權指數,2024/03/28,"-24,180.5"
Y9999,加權指數,2024/03/27,"-6,619.68"
Y9999,加權指數,2024/03/26,"-6,316.08"
Y9999,加權指數,2024/03/25,"-8,757.26"
Y9999,加權指數,2024/03/22,"3,242.51"
Y9999,加權指數,2024/03/21,"15,770.52"
Y9999,加權指數,2024/03/20,"-23,674.74"
Y9999,加權指數,2024/03/19,"-22,426.37"
Y9999,加權指數,2024/03/18,"-8,689.37"
Y9999,加權指數,2024/03/15,"-9,938.45"
Y9999,加權指數,2024/03/14,"3,086.53"
Y9999,加權指數,2024/03/13,"7,393.4"
Y9999,加權指數,2024/03/12,"3,522.57"
Y9999,加權指數,2024/03/11,"-4,623.52"
Y9999,加權指數,2024/03/08,"37,049.21"
Y9999,加權指數,2024/03/07,"9,882.07"
Y9999,加權指數,2024/03/06,"-2,894.16"
Y9999,加權指數,2024/03/05,"5,594.21"
Y9999,加權指數,2024/03/04,"33,961.45"
Y9999,加權指數,2024/03/01,"10,804.04"
Y9999,加權指數,2024/02/29,"2,658.69"
Y9999,加權指數,2024/02/27,"-10,620.33"
Y9999,加權指數,2024/02/26,"6,002.54"
Y9999,加權指數,2024/02/23,"27,743.53"
Y9999,加權指數,2024/02/22,"15,134.51"
Y9999,加權指數,2024/02/21,"-13,679.67"
Y9999,加權指數,2024/02/20,"4,631.15"
Y9999,加權指數,2024/02/19,"-10,026.49"
Y9999,加權指數,2024/02/16,709.79
Y9999,加權指數,2024/02/15,"49,225.21"
Y9999,加權指數,2024/02/05,"-5,475.58"
Y9999,加權指數,2024/02/02,"15,462.29"
Y9999,加權指數,2024/02/01,"22,792.65"
Y9999,加權指數,2024/01/31,"-11,705.24"
Y9999,加權指數,2024/01/30,"1,201.47"
Y9999,加權指數,2024/01/29,"9,520.58"
Y9999,加權指數,2024/01/26,"4,854.44"
Y9999,加權指數,2024/01/25,"23,688.99"
Y9999,加權指數,2024/01/24,868.66
Y9999,加權指數,2024/01/23,"7,355.94"
Y9999,加權指數,2024/01/22,"35,895.67"
Y9999,加權指數,2024/01/19,"78,495.34"
Y9999,加權指數,2024/01/18,"-7,669.52"
Y9999,加權指數,2024/01/17,"-71,347.36"
Y9999,加權指數,2024/01/16,"-40,962.26"
Y9999,加權指數,2024/01/15,"-7,003.81"
Y9999,加權指數,2024/01/12,"3,244.74"
Y9999,加權指數,2024/01/11,"4,310.14"
Y9999,加權指數,2024/01/10,"-1,813.84"
Y9999,加權指數,2024/01/09,-735.18
Y9999,加權指數,2024/01/08,"3,382.16"
Y9999,加權指數,2024/01/05,"-3,107.8"
Y9999,加權指數,2024/01/04,"-1,673.21"
Y9999,加權指數,2024/01/03,"-19,086.24"
Y9999,加權指數,2024/01/02,"2,759.47"
Y9999,加權指數,2023/12/29,"10,698.89"
Y9999,加權指數,2023/12/28,"17,730.53"
Y9999,加權指數,2023/12/27,"31,954.06"
Y9999,加權指數,2023/12/26,"15,889.37"
Y9999,加權指數,2023/12/25,"-1,671.98"
Y9999,加權指數,2023/12/22,"5,166.07"
Y9999,加權指數,2023/12/21,"-2,322"
Y9999,加權指數,2023/12/20,"22,840.26"
Y9999,加權指數,2023/12/19,285.82
Y9999,加權指數,2023/12/18,"1,144.99"
Y9999,加權指數,2023/12/15,"19,209.07"
Y9999,加權指數,2023/12/14,"30,014.74"
Y9999,加權指數,2023/12/13,"3,806.87"
Y9999,加權指數,2023/12/12,"9,270.55"
Y9999,加權指數,2023/12/11,"1,630.6"
Y9999,加權指數,2023/12/08,"13,742.02"
Y9999,加權指數,2023/12/07,"-3,942.01"
Y9999,加權指數,2023/12/06,223.72
Y9999,加權指數,2023/12/05,"-9,051.73"
Y9999,加權指數,2023/12/04,"-4,948.7"
Y9999,加權指數,2023/12/01,"1,811.17"
Y9999,加權指數,2023/11/30,"6,785.82"
Y9999,加權指數,2023/11/29,"9,358.28"
Y9999,加權指數,2023/11/28,"19,891.8"
Y9999,加權指數,2023/11/27,-5.71
Y9999,加權指數,2023/11/24,"3,092.2"
Y9999,加權指數,2023/11/23,"1,446.27"
Y9999,加權指數,2023/11/22,"-6,818.43"
Y9999,加權指數,2023/11/21,"36,544.93"
Y9999,加權指數,2023/11/20,"8,751.46"
Y9999,加權指數,2023/11/17,"20,543.61"
Y9999,加權指數,2023/11/16,"18,020.12"
Y9999,加權指數,2023/11/15,"44,608.72"
Y9999,加權指數,2023/11/14,"9,784.37"
Y9999,加權指數,2023/11/13,"19,670.46"
Y9999,加權指數,2023/11/10,"-6,205.17"
Y9999,加權指數,2023/11/09,"-2,032.71"
Y9999,加權指數,2023/11/08,"2,114.86"
Y9999,加權指數,2023/11/07,"1,130.28"
Y9999,加權指數,2023/11/06,"15,957.94"
Y9999,加權指數,2023/11/03,"8,912.92"
Y9999,加權指數,2023/11/02,"14,550.1"
Y9999,加權指數,2023/11/01,"-5,254.62"
Y9999,加權指數,2023/10/31,"-14,325.02"
Y9999,加權指數,2023/10/30,"-5,744.87"
Y9999,加權指數,2023/10/27,"-8,580.7"
Y9999,加權指數,2023/10/26,"-23,895.41"
Y9999,加權指數,2023/10/25,"-7,347.44"
Y9999,加權指數,2023/10/24,"-11,912.7"
Y9999,加權指數,2023/10/23,"-10,944.6"
Y9999,加權指數,2023/10/20,"-5,282.55"
Y9999,加權指數,2023/10/19,"-11,403.17"
Y9999,加權指數,2023/10/18,"-5,128.23"
Y9999,加權指數,2023/10/17,"-2,996.91"
Y9999,加權指數,2023/10/16,"-13,957.5"
Y9999,加權指數,2023/10/13,"-5,650.37"
Y9999,加權指數,2023/10/12,"21,887.14"
Y9999,加權指數,2023/10/11,"22,029.25"
Y9999,加權指數,2023/10/06,"-3,486.46"
Y9999,加權指數,2023/10/05,"-1,385.39"
Y9999,加權指數,2023/10/04,"-24,084.81"
Y9999,加權指數,2023/10/03,"-14,313.48"
Y9999,加權指數,2023/10/02,"5,400.18"
Y9999,加權指數,2023/09/28,"-7,164.77"
Y9999,加權指數,2023/09/27,"-1,222.69"
Y9999,加權指數,2023/09/26,"-20,922.44"
Y9999,加權指數,2023/09/25,"-2,701.96"
Y9999,加權指數,2023/09/22,"-14,213.54"
Y9999,加權指數,2023/09/21,"-29,207.69"
Y9999,加權指數,2023/09/20,"-16,402.7"
Y9999,加權指數,2023/09/19,"-11,157.85"
Y9999,加權指數,2023/09/18,"-21,849.36"
Y9999,加權指數,2023/09/15,"9,537"
Y9999,加權指數,2023/09/14,"17,763.32"
Y9999,加權指數,2023/09/13,"-1,407.63"
Y9999,加權指數,2023/09/12,"8,049.58"
Y9999,加權指數,2023/09/11,"-10,074.78"
Y9999,加權指數,2023/09/08,"-13,152.44"
Y9999,加權指數,2023/09/07,"-16,943.6"
Y9999,加權指數,2023/09/06,"-6,530.21"
Y9999,加權指數,2023/09/05,"1,866.69"
Y9999,加權指數,2023/09/04,"1,087.76"
Y9999,加權指數,2023/09/01,"-7,474.88"
Y9999,加權指數,2023/08/31,"-5,056.61"
Y9999,加權指數,2023/08/30,"7,150.11"
Y9999,加權指數,2023/08/29,"4,411.83"
Y9999,加權指數,2023/08/28,"-1,821.15"
Y9999,加權指數,2023/08/25,"-30,640.66"
Y9999,加權指數,2023/08/24,"11,407.01"
Y9999,加權指數,2023/08/23,"6,114.08"
Y9999,加權指數,2023/08/22,"6,157.08"
Y9999,加權指數,2023/08/21,"8,546.85"
Y9999,加權指數,2023/08/18,"-17,488.71"
Y9999,加權指數,2023/08/17,"-15,457.63"
Y9999,加權指數,2023/08/16,"-13,354.17"
Y9999,加權指數,2023/08/15,249.1
Y9999,加權指數,2023/08/14,"-13,651.82"
Y9999,加權指數,2023/08/11,"-1,593.41"
Y9999,加權指數,2023/08/10,"-8,299.63"
Y9999,加權指數,2023/08/09,"3,758.14"
Y9999,加權指數,2023/08/08,"-16,250.19"
Y9999,加權指數,2023/08/07,"-2,255.2"
Y9999,加權指數,2023/08/04,"-9,298.02"
Y9999,加權指數,2023/08/02,"-16,654.14"
Y9999,加權指數,2023/08/01,"8,438.31"
Y9999,加權指數,2023/07/31,"-8,166.54"
Y9999,加權指數,2023/07/28,705.79
Y9999,加權指數,2023/07/27,"9,519.8"
Y9999,加權指數,2023/07/26,"2,245.5"
Y9999,加權指數,2023/07/25,"8,201.63"
Y9999,加權指數,2023/07/24,"-19,851.19"
Y9999,加權指數,2023/07/21,"-28,692.71"
Y9999,加權指數,2023/07/20,"-5,669.92"
Y9999,加權指數,2023/07/19,-406
Y9999,加權指數,2023/07/18,"-7,466.6"
Y9999,加權指數,2023/07/17,"2,484.66"
Y9999,加權指數,2023/07/14,"9,174.22"
Y9999,加權指數,2023/07/13,"16,985.97"
Y9999,加權指數,2023/07/12,"-6,488.76"
Y9999,加權指數,2023/07/11,"14,763.39"
Y9999,加權指數,2023/07/10,"-13,483.38"
Y9999,加權指數,2023/07/07,"-20,651.35"
Y9999,加權指數,2023/07/06,"-35,786.66"
Y9999,加權指數,2023/07/05,"-12,033.56"
Y9999,加權指數,2023/07/04,"-1,656.24"
Y9999,加權指數,2023/07/03,"5,173.68"
Y9999,加權指數,2023/06/30,"-9,178.76"
Y9999,加權指數,2023/06/29,"-4,950.98"
Y9999,加權指數,2023/06/28,"-9,052.52"
Y9999,加權指數,2023/06/27,"-10,599.35"
Y9999,加權指數,2023/06/26,"-23,695.19"
Y9999,加權指數,2023/06/21,-971.27
Y9999,加權指數,2023/06/20,"5,271.47"
Y9999,加權指數,2023/06/19,"-4,294.25"
Y9999,加權指數,2023/06/16,"3,115.71"
Y9999,加權指數,2023/06/15,"8,195.5"
Y9999,加權指數,2023/06/14,"4,938.51"
Y9999,加權指數,2023/06/13,"33,841.85"
Y9999,加權指數,2023/06/12,"7,800.82"
Y9999,加權指數,2023/06/09,"5,823.68"
Y9999,加權指數,2023/06/08,"-16,234.17"
Y9999,加權指數,2023/06/07,"10,696.39"
Y9999,加權指數,2023/06/06,"1,858.38"
Y9999,加權指數,2023/06/05,"1,372.32"
Y9999,加權指數,2023/06/02,"15,446.81"
Y9999,加權指數,2023/06/01,"-3,755.22"
Y9999,加權指數,2023/05/31,"5,788.65"
Y9999,加權指數,2023/05/30,"7,183.31"
Y9999,加權指數,2023/05/29,"26,142.81"
Y9999,加權指數,2023/05/26,"41,093.87"
Y9999,加權指數,2023/05/25,"21,241.25"
Y9999,加權指數,2023/05/24,"-5,190.16"
Y9999,加權指數,2023/05/23,"5,188.25"
Y9999,加權指數,2023/05/22,"4,959.33"
Y9999,加權指數,2023/05/19,"27,747.8"
Y9999,加權指數,2023/05/18,"26,366.83"
Y9999,加權指數,2023/05/17,"15,199.83"
Y9999,加權指數,2023/05/16,"8,545.72"
Y9999,加權指數,2023/05/15,"-9,417.53"
Y9999,加權指數,2023/05/12,"-5,107.43"
Y9999,加權指數,2023/05/11,"-6,991.95"
Y9999,加權指數,2023/05/10,"-4,735.21"
Y9999,加權指數,2023/05/09,"4,707.8"
Y9999,加權指數,2023/05/08,"5,563.92"
Y9999,加權指數,2023/05/05,-552.7
Y9999,加權指數,2023/05/04,"-3,181.96"
Y9999,加權指數,2023/05/03,"-7,987.64"
Y9999,加權指數,2023/05/02,"3,522.72"
Y9999,加權指數,2023/04/28,487.55
Y9999,加權指數,2023/04/27,"-11,824.16"
Y9999,加權指數,2023/04/26,"-4,716.83"
Y9999,加權指數,2023/04/25,"-17,730.47"
Y9999,加權指數,2023/04/24,857.68
Y9999,加權指數,2023/04/21,-183.63
Y9999,加權指數,2023/04/20,"-8,016.31"
Y9999,加權指數,2023/04/19,"-9,632.11"
Y9999,加權指數,2023/04/18,"-8,109.92"
Y9999,加權指數,2023/04/17,-634.3
Y9999,加權指數,2023/04/14,"15,117.73"
Y9999,加權指數,2023/04/13,"-7,707.64"
Y9999,加權指數,2023/04/12,"5,757.87"
Y9999,加權指數,2023/04/11,"8,197.21"
Y9999,加權指數,2023/04/10,898.56
Y9999,加權指數,2023/04/07,"1,445.34"
Y9999,加權指數,2023/04/06,"-5,195.65"
Y9999,加權指數,2023/03/31,"9,893.15"
Y9999,加權指數,2023/03/30,"9,929.95"
Y9999,加權指數,2023/03/29,"9,725.1"
Y9999,加權指數,2023/03/28,"-1,881.23"
Y9999,加權指數,2023/03/27,-902.27
Y9999,加權指數,2023/03/24,"9,691.84"
Y9999,加權指數,2023/03/23,"15,104.84"
Y9999,加權指數,2023/03/22,"24,022.06"
Y9999,加權指數,2023/03/21,"-2,999.62"
Y9999,加權指數,2023/03/20,"-3,745.56"
Y9999,加權指數,2023/03/17,"9,943.92"
Y9999,加權指數,2023/03/16,"-10,536.71"
Y9999,加權指數,2023/03/15,"-7,090.13"
Y9999,加權指數,2023/03/14,"-26,132.28"
Y9999,加權指數,2023/03/13,"5,075.92"
Y9999,加權指數,2023/03/10,"-19,573.99"
Y9999,加權指數,2023/03/09,"-12,066.06"
Y9999,加權指數,2023/03/08,"-15,186.6"
Y9999,加權指數,2023/03/07,"3,778.19"
Y9999,加權指數,2023/03/06,"8,146.49"
Y9999,加權指數,2023/03/03,"-1,721.39"
Y9999,加權指數,2023/03/02,"-2,668.78"
Y9999,加權指數,2023/03/01,"-3,916.72"
Y9999,加權指數,2023/02/24,"-7,083.16"
Y9999,加權指數,2023/02/23,"13,960.97"
Y9999,加權指數,2023/02/22,"-10,292.61"
Y9999,加權指數,2023/02/21,-54.9
Y9999,加權指數,2023/02/20,"-1,978.89"
Y9999,加權指數,2023/02/17,"-9,920.71"
Y9999,加權指數,2023/02/16,"8,247.31"
Y9999,加權指數,2023/02/15,"-6,167.35"
Y9999,加權指數,2023/02/14,"8,559.35"
Y9999,加權指數,2023/02/13,"-4,880.87"
Y9999,加權指數,2023/02/10,592.42
Y9999,加權指數,2023/02/09,-299.14
Y9999,加權指數,2023/02/08,"16,161.32"
Y9999,加權指數,2023/02/07,"-2,941.02"
Y9999,加權指數,2023/02/06,"-10,914.57"
Y9999,加權指數,2023/02/03,"11,574.77"
Y9999,加權指數,2023/02/02,"20,875.21"
Y9999,加權指數,2023/02/01,"10,821.68"
Y9999,加權指數,2023/01/31,"2,865.22"
Y9999,加權指數,2023/01/30,"68,787.41"
Y9999,加權指數,2023/01/17,"12,812.3"
Y9999,加權指數,2023/01/16,"17,240.82"
Y9999,加權指數,2023/01/13,"28,322.83"
Y9999,加權指數,2023/01/12,216.3
Y9999,加權指數,2023/01/11,"3,734.43"
Y9999,加權指數,2023/01/10,"17,073.08"
Y9999,加權指數,2023/01/09,"34,616.88"
Y9999,加權指數,2023/01/06,"10,291.33"
Y9999,加權指數,2023/01/05,"2,475.66"
Y9999,加權指數,2023/01/04,"-4,687.49"
Y9999,加權指數,2023/01/03,"1,839.45"
Y9999,加權指數,2022/12/30,-57.9
Y9999,加權指數,2022/12/29,"-10,896.04"
Y9999,加權指數,2022/12/28,"-9,670.02"
Y9999,加權指數,2022/12/27,"3,669.08"
Y9999,加權指數,2022/12/26,"-3,792.76"
Y9999,加權指數,2022/12/23,"-12,027.85"
Y9999,加權指數,2022/12/22,"8,733.21"
Y9999,加權指數,2022/12/21,"-2,087.21"
Y9999,加權指數,2022/12/20,"-8,856.68"
Y9999,加權指數,2022/12/19,"-13,049.19"
Y9999,加權指數,2022/12/16,"-14,091.33"
Y9999,加權指數,2022/12/15,-742.66
Y9999,加權指數,2022/12/14,"13,818.69"
Y9999,加權指數,2022/12/13,"-10,024.03"
Y9999,加權指數,2022/12/12,"-4,835.62"
Y9999,加權指數,2022/12/09,"6,015.36"
Y9999,加權指數,2022/12/08,"-8,024.1"
Y9999,加權指數,2022/12/07,"-2,906.5"
Y9999,加權指數,2022/12/06,"-11,589.34"
Y9999,加權指數,2022/12/05,-524.43
Y9999,加權指數,2022/12/02,619.79
Y9999,加權指數,2022/12/01,"12,376.59"
Y9999,加權指數,2022/11/30,"19,257.17"
Y9999,加權指數,2022/11/29,"6,811.81"
Y9999,加權指數,2022/11/28,"-9,884.6"
Y9999,加權指數,2022/11/25,"-1,933.8"
Y9999,加權指數,2022/11/24,"22,821.16"
Y9999,加權指數,2022/11/23,"2,251.46"
Y9999,加權指數,2022/11/22,514.96
Y9999,加權指數,2022/11/21,"-1,305.92"
Y9999,加權指數,2022/11/18,"-2,070.36"
Y9999,加權指數,2022/11/17,"-1,819.08"
Y9999,加權指數,2022/11/16,"11,631.65"
Y9999,加權指數,2022/11/15,"32,598.92"
Y9999,加權指數,2022/11/14,"35,132.04"
Y9999,加權指數,2022/11/11,"44,041.93"
Y9999,加權指數,2022/11/10,"-1,725.12"
Y9999,加權指數,2022/11/09,"23,034.51"
Y9999,加權指數,2022/11/08,"9,687.43"
Y9999,加權指數,2022/11/07,"9,604.43"
Y9999,加權指數,2022/11/04,"-8,794.04"
Y9999,加權指數,2022/11/03,"-11,471.73"
Y9999,加權指數,2022/11/02,-450.99
Y9999,加權指數,2022/11/01,-568.42
Y9999,加權指數,2022/10/31,"5,229.5"
Y9999,加權指數,2022/10/28,"-10,840.33"
Y9999,加權指數,2022/10/27,"10,981.39"
Y9999,加權指數,2022/10/26,"3,260.75"
Y9999,加權指數,2022/10/25,"-9,574.41"
Y9999,加權指數,2022/10/24,-535.81
Y9999,加權指數,2022/10/21,"-5,020.69"
Y9999,加權指數,2022/10/20,"-11,174.05"
Y9999,加權指數,2022/10/19,"-11,273.71"
Y9999,加權指數,2022/10/18,"-3,238.64"
Y9999,加權指數,2022/10/17,"-7,250.74"
Y9999,加權指數,2022/10/14,"10,265.04"
Y9999,加權指數,2022/10/13,"-7,572.48"
Y9999,加權指數,2022/10/12,"-15,657.72"
Y9999,加權指數,2022/10/11,"-29,626.26"
Y9999,加權指數,2022/10/07,"-8,062.62"
Y9999,加權指數,2022/10/06,"12,609.91"
Y9999,加權指數,2022/10/05,"4,211.04"
Y9999,加權指數,2022/10/04,"5,872.84"
Y9999,加權指數,2022/10/03,"-8,347.19"
Y9999,加權指數,2022/09/30,"-4,775.38"
Y9999,加權指數,2022/09/29,"-1,180.83"
Y9999,加權指數,2022/09/28,"-10,812.87"
Y9999,加權指數,2022/09/27,"-5,202.4"
Y9999,加權指數,2022/09/26,"-6,246.04"
Y9999,加權指數,2022/09/23,"-12,077.96"
Y9999,加權指數,2022/09/22,"-17,724.91"
Y9999,加權指數,2022/09/21,"-7,706.63"
Y9999,加權指數,2022/09/20,"3,503.12"
Y9999,加權指數,2022/09/19,"-6,719.18"
Y9999,加權指數,2022/09/16,"-15,813.74"
Y9999,加權指數,2022/09/15,"-5,364.91"
Y9999,加權指數,2022/09/14,"-12,022.26"
Y9999,加權指數,2022/09/13,"7,693.58"
Y9999,加權指數,2022/09/12,"10,652.3"
Y9999,加權指數,2022/09/08,"-2,219.88"
Y9999,加權指數,2022/09/07,"-16,032.64"
Y9999,加權指數,2022/09/06,300.69
Y9999,加權指數,2022/09/05,"-2,108.55"
Y9999,加權指數,2022/09/02,"-12,932.84"
Y9999,加權指數,2022/09/01,"-30,645.7"
Y9999,加權指數,2022/08/31,"3,307.17"
Y9999,加權指數,2022/08/30,"-16,811.85"
Y9999,加權指數,2022/08/29,"-22,370.83"
Y9999,加權指數,2022/08/26,"3,412.27"
Y9999,加權指數,2022/08/25,"2,234.88"
Y9999,加權指數,2022/08/24,"-9,329.03"
Y9999,加權指數,2022/08/23,"-15,021.63"
Y9999,加權指數,2022/08/22,"-13,971.26"
Y9999,加權指數,2022/08/19,"-6,812.95"
Y9999,加權指數,2022/08/18,"-7,193.32"
Y9999,加權指數,2022/08/17,-822.82
Y9999,加權指數,2022/08/16,"-4,973.31"
Y9999,加權指數,2022/08/15,"-4,881.33"
Y9999,加權指數,2022/08/12,"6,941.14"
Y9999,加權指數,2022/08/11,"13,426.1"
Y9999,加權指數,2022/08/10,"-16,062.67"
Y9999,加權指數,2022/08/09,"-3,442.28"
Y9999,加權指數,2022/08/08,"-2,080.14"
Y9999,加權指數,2022/08/05,"24,537.57"
Y9999,加權指數,2022/08/04,"-3,610.84"
Y9999,加權指數,2022/08/03,"-4,954.81"
Y9999,加權指數,2022/08/02,"-17,766.35"
Y9999,加權指數,2022/08/01,"-5,733.37"
Y9999,加權指數,2022/07/29,"14,394.6"
Y9999,加權指數,2022/07/28,"-3,652.94"
Y9999,加權指數,2022/07/27,"6,915.75"
Y9999,加權指數,2022/07/26,"-2,361.87"
Y9999,加權指數,2022/07/25,"-1,480.46"
Y9999,加權指數,2022/07/22,"-3,853.84"
Y9999,加權指數,2022/07/21,"11,915.21"
Y9999,加權指數,2022/07/20,"-3,167.99"
Y9999,加權指數,2022/07/19,"-1,114.57"
Y9999,加權指數,2022/07/18,"1,324.36"
Y9999,加權指數,2022/07/15,"-10,466.84"
Y9999,加權指數,2022/07/14,"1,972.85"
Y9999,加權指數,2022/07/13,"6,221.16"
Y9999,加權指數,2022/07/12,"-8,708.56"
Y9999,加權指數,2022/07/11,"-2,387.93"
Y9999,加權指數,2022/07/08,"-3,844.45"
Y9999,加權指數,2022/07/07,"16,445.49"
Y9999,加權指數,2022/07/06,"-5,538.5"
Y9999,加權指數,2022/07/05,"1,408.32"
Y9999,加權指數,2022/07/04,"-3,709.82"
Y9999,加權指數,2022/07/01,"-9,465.06"
Y9999,加權指數,2022/06/30,"-19,042.45"
Y9999,加權指數,2022/06/29,"-4,683.78"
Y9999,加權指數,2022/06/28,"-9,646.05"
Y9999,加權指數,2022/06/27,"8,031.8"
Y9999,加權指數,2022/06/24,"-3,595.35"
Y9999,加權指數,2022/06/23,"-7,216.14"
Y9999,加權指數,2022/06/22,"-20,432.14"
Y9999,加權指數,2022/06/21,"18,080.18"
Y9999,加權指數,2022/06/20,"-8,212.02"
Y9999,加權指數,2022/06/17,"-15,707.19"
Y9999,加權指數,2022/06/16,"1,087.86"
Y9999,加權指數,2022/06/15,"-20,134"
Y9999,加權指數,2022/06/14,"-22,264.01"
Y9999,加權指數,2022/06/13,"-44,483.45"
Y9999,加權指數,2022/06/10,"-17,677.74"
Y9999,加權指數,2022/06/09,"-9,116.84"
Y9999,加權指數,2022/06/08,"4,309.65"
Y9999,加權指數,2022/06/07,"-15,811.79"
Y9999,加權指數,2022/06/06,"-2,114.46"
Y9999,加權指數,2022/06/02,"-8,063.55"
Y9999,加權指數,2022/06/01,"-10,492.34"
Y9999,加權指數,2022/05/31,"22,245.02"
Y9999,加權指數,2022/05/30,"26,510.99"
Y9999,加權指數,2022/05/27,"19,318.79"
Y9999,加權指數,2022/05/26,"-10,897.17"
Y9999,加權指數,2022/05/25,"5,416.48"
Y9999,加權指數,2022/05/24,"-6,920.74"
Y9999,加權指數,2022/05/23,"2,394.72"
Y9999,加權指數,2022/05/20,"6,375.17"
Y9999,加權指數,2022/05/19,"-12,951.93"
Y9999,加權指數,2022/05/18,"11,029.52"
Y9999,加權指數,2022/05/17,-775.92
Y9999,加權指數,2022/05/16,"-1,233.32"
Y9999,加權指數,2022/05/13,"3,091.05"
Y9999,加權指數,2022/05/12,"-8,296.17"
Y9999,加權指數,2022/05/11,"-14,915.47"
Y9999,加權指數,2022/05/10,-706.26
Y9999,加權指數,2022/05/09,"-19,176.93"
Y9999,加權指數,2022/05/06,"-20,997.44"
Y9999,加權指數,2022/05/05,"3,545.49"
Y9999,加權指數,2022/05/04,-523.84
Y9999,加權指數,2022/05/03,464.39
Y9999,加權指數,2022/04/29,"6,336.39"
Y9999,加權指數,2022/04/28,"-14,843.98"
Y9999,加權指數,2022/04/27,"-17,717.63"
Y9999,加權指數,2022/04/26,"-13,640.99"
Y9999,加權指數,2022/04/25,"-36,912.34"
Y9999,加權指數,2022/04/22,"-19,293.77"
Y9999,加權指數,2022/04/21,"3,737.1"
Y9999,加權指數,2022/04/20,"3,330.09"
Y9999,加權指數,2022/04/19,"3,084.77"
Y9999,加權指數,2022/04/18,"-7,853.76"
Y9999,加權指數,2022/04/15,"-18,626.42"
Y9999,加權指數,2022/04/14,"-1,347.2"
Y9999,加權指數,2022/04/13,"10,404"
Y9999,加權指數,2022/04/12,"-9,100.41"
Y9999,加權指數,2022/04/11,"-30,817.1"
Y9999,加權指數,2022/04/08,"-10,361.27"
Y9999,加權指數,2022/04/07,"-41,034.55"
Y9999,加權指數,2022/04/06,"-25,064.96"
Y9999,加權指數,2022/04/01,"-10,234.75"
Y9999,加權指數,2022/03/31,"2,233.29"
Y9999,加權指數,2022/03/30,"21,494.83"
Y9999,加權指數,2022/03/29,"-7,692.34"
Y9999,加權指數,2022/03/28,"-11,602.1"
Y9999,加權指數,2022/03/25,563.84
Y9999,加權指數,2022/03/24,"-2,901.3"
Y9999,加權指數,2022/03/23,"10,344.77"
Y9999,加權指數,2022/03/22,-680.67
Y9999,加權指數,2022/03/21,"6,683.05"
Y9999,加權指數,2022/03/18,"-2,149.9"
Y9999,加權指數,2022/03/17,"43,016.52"
Y9999,加權指數,2022/03/16,"-12,291.75"
Y9999,加權指數,2022/03/15,"-50,155.44"
Y9999,加權指數,2022/03/14,"-13,370.98"
Y9999,加權指數,2022/03/11,"-21,338.53"
Y9999,加權指數,2022/03/10,"2,019.7"
Y9999,加權指數,2022/03/09,"-29,316.4"
Y9999,加權指數,2022/03/08,"-41,210.26"
Y9999,加權指數,2022/03/07,"-74,488.3"
Y9999,加權指數,2022/03/04,"-40,137.84"
Y9999,加權指數,2022/03/03,"-6,803.28"
Y9999,加權指數,2022/03/02,"-18,937.68"
Y9999,加權指數,2022/03/01,"5,813.68"
Y9999,加權指數,2022/02/25,"-49,007.85"
Y9999,加權指數,2022/02/24,"-47,973.91"
Y9999,加權指數,2022/02/23,"-11,944.24"
Y9999,加權指數,2022/02/22,"-33,716.62"
Y9999,加權指數,2022/02/21,"-9,589.52"
Y9999,加權指數,2022/02/18,"7,555.69"
Y9999,加權指數,2022/02/17,"15,688.22"
Y9999,加權指數,2022/02/16,"7,803.24"
Y9999,加權指數,2022/02/15,"-14,347.1"
Y9999,加權指數,2022/02/14,"-18,143.56"
Y9999,加權指數,2022/02/11,"5,256.19"
Y9999,加權指數,2022/02/10,"9,772.5"
Y9999,加權指數,2022/02/09,"9,951.67"
Y9999,加權指數,2022/02/08,"-1,264.18"
Y9999,加權指數,2022/02/07,"-4,272.24"
Y9999,加權指數,2022/01/26,"-13,531.81"
Y9999,加權指數,2022/01/25,"-43,185.35"
Y9999,加權指數,2022/01/24,771.66
Y9999,加權指數,2022/01/21,"-37,183.42"
Y9999,加權指數,2022/01/20,"-5,678.39"
Y9999,加權指數,2022/01/19,126.22
Y9999,加權指數,2022/01/18,"-6,154.46"
Y9999,加權指數,2022/01/17,"7,064.49"
Y9999,加權指數,2022/01/14,"16,726.76"
Y9999,加權指數,2022/01/13,"17,914.72"
Y9999,加權指數,2022/01/12,"13,118.71"
Y9999,加權指數,2022/01/11,"3,643.28"
Y9999,加權指數,2022/01/10,"-3,551.56"
Y9999,加權指數,2022/01/07,"-12,125.35"
Y9999,加權指數,2022/01/06,"-5,989.46"
Y9999,加權指數,2022/01/05,"9,274.33"
Y9999,加權指數,2022/01/04,"25,520.32"
Y9999,加權指數,2022/01/03,"15,970.14"
Y9999,加權指數,2021/12/30,"2,826.82"
Y9999,加權指數,2021/12/29,"10,907.23"
Y9999,加權指數,2021/12/28,"18,889.31"
Y9999,加權指數,2021/12/27,"10,654.19"
Y9999,加權指數,2021/12/24,"6,665.06"
Y9999,加權指數,2021/12/23,"16,706.7"
Y9999,加權指數,2021/12/22,"2,017.74"
Y9999,加權指數,2021/12/21,"10,780.2"
Y9999,加權指數,2021/12/20,"-18,144.45"
Y9999,加權指數,2021/12/17,"3,900.43"
Y9999,加權指數,2021/12/16,"-2,415.69"
Y9999,加權指數,2021/12/15,"-4,759.54"
Y9999,加權指數,2021/12/14,"-14,079.54"
Y9999,加權指數,2021/12/13,"-9,118.97"
Y9999,加權指數,2021/12/10,"-3,056.9"
Y9999,加權指數,2021/12/09,"5,195.77"
Y9999,加權指數,2021/12/08,"15,720.74"
Y9999,加權指數,2021/12/07,439.9
Y9999,加權指數,2021/12/06,"-5,853.36"
Y9999,加權指數,2021/12/03,"7,528.21"
Y9999,加權指數,2021/12/02,"12,583.01"
Y9999,加權指數,2021/12/01,"8,509.5"
Y9999,加權指數,2021/11/30,"-15,437.35"
Y9999,加權指數,2021/11/29,"7,081.49"
Y9999,加權指數,2021/11/26,"-28,591.1"
Y9999,加權指數,2021/11/25,"-7,907.61"
Y9999,加權指數,2021/11/24,"1,218"
Y9999,加權指數,2021/11/23,"-12,394.73"
Y9999,加權指數,2021/11/22,876.55
Y9999,加權指數,2021/11/19,"7,687.5"
Y9999,加權指數,2021/11/18,"10,078.99"
Y9999,加權指數,2021/11/17,-553.43
Y9999,加權指數,2021/11/16,"7,747.38"
Y9999,加權指數,2021/11/15,"5,641.84"
Y9999,加權指數,2021/11/12,"7,383.75"
Y9999,加權指數,2021/11/11,"-7,214.14"
Y9999,加權指數,2021/11/10,324.72
Y9999,加權指數,2021/11/09,"18,746.81"
Y9999,加權指數,2021/11/08,"11,031.57"
Y9999,加權指數,2021/11/05,"26,084.05"
Y9999,加權指數,2021/11/04,"-7,186.29"
Y9999,加權指數,2021/11/03,"3,987.46"
Y9999,加權指數,2021/11/02,"2,347.34"
Y9999,加權指數,2021/11/01,"-2,676.27"
Y9999,加權指數,2021/10/29,"-11,006.2"
Y9999,加權指數,2021/10/28,"-7,462.94"
Y9999,加權指數,2021/10/27,"2,442.55"
Y9999,加權指數,2021/10/26,"6,448.18"
Y9999,加權指數,2021/10/25,"4,511.58"
Y9999,加權指數,2021/10/22,"-1,848.42"
Y9999,加權指數,2021/10/21,"5,493.11"
Y9999,加權指數,2021/10/20,"-6,073.93"
Y9999,加權指數,2021/10/19,"9,909.86"
Y9999,加權指數,2021/10/18,"4,052.24"
Y9999,加權指數,2021/10/15,"26,574.7"
Y9999,加權指數,2021/10/14,"3,433.08"
Y9999,加權指數,2021/10/13,"-8,137.8"
Y9999,加權指數,2021/10/12,"-15,377.06"
Y9999,加權指數,2021/10/08,"-14,669.51"
Y9999,加權指數,2021/10/07,"22,779.18"
Y9999,加權指數,2021/10/06,"-20,861.56"
Y9999,加權指數,2021/10/05,"-13,501.04"
Y9999,加權指數,2021/10/04,"-1,117.3"
Y9999,加權指數,2021/10/01,"-35,855.94"
Y9999,加權指數,2021/09/30,"-6,683.34"
Y9999,加權指數,2021/09/29,"-30,609.43"
Y9999,加權指數,2021/09/28,"-12,223.44"
Y9999,加權指數,2021/09/27,"11,253.43"
Y9999,加權指數,2021/09/24,"7,592.92"
Y9999,加權指數,2021/09/23,"3,737.23"
Y9999,加權指數,2021/09/22,"-33,026.51"
Y9999,加權指數,2021/09/17,"1,731.24"
Y9999,加權指數,2021/09/16,"-3,938.96"
Y9999,加權指數,2021/09/15,"1,398.32"
Y9999,加權指數,2021/09/14,"6,416.73"
Y9999,加權指數,2021/09/13,-260.89
Y9999,加權指數,2021/09/10,"14,579.97"
Y9999,加權指數,2021/09/09,-36.34
Y9999,加權指數,2021/09/08,-884.53
Y9999,加權指數,2021/09/07,"6,420.04"
Y9999,加權指數,2021/09/06,"6,478.02"
Y9999,加權指數,2021/09/03,"30,781.41"
Y9999,加權指數,2021/09/02,"-2,503.35"
Y9999,加權指數,2021/09/01,"11,264.16"
Y9999,加權指數,2021/08/31,"23,354.14"
Y9999,加權指數,2021/08/30,"18,884.62"
Y9999,加權指數,2021/08/27,"17,336.49"
Y9999,加權指數,2021/08/26,"-15,745.7"
Y9999,加權指數,2021/08/25,"16,863.39"
Y9999,加權指數,2021/08/24,"-11,232.4"
Y9999,加權指數,2021/08/23,"13,989.01"
Y9999,加權指數,2021/08/20,"-12,032.19"
Y9999,加權指數,2021/08/19,"-44,729.01"
Y9999,加權指數,2021/08/18,-103.52
Y9999,加權指數,2021/08/17,"-6,556.14"
Y9999,加權指數,2021/08/16,"6,309.45"
Y9999,加權指數,2021/08/13,"-21,738.55"
Y9999,加權指數,2021/08/12,"5,823.83"
Y9999,加權指數,2021/08/11,"6,379.7"
Y9999,加權指數,2021/08/10,"-5,843.15"
Y9999,加權指數,2021/08/09,"-7,644.23"
Y9999,加權指數,2021/08/06,"-8,445.96"
Y9999,加權指數,2021/08/05,"4,966.73"
Y9999,加權指數,2021/08/04,"10,378.55"
Y9999,加權指數,2021/08/03,661.8
Y9999,加權指數,2021/08/02,"23,610.5"
Y9999,加權指數,2021/07/30,"-15,734.61"
Y9999,加權指數,2021/07/29,"18,691.6"
Y9999,加權指數,2021/07/28,"-18,514.96"
Y9999,加權指數,2021/07/27,"-2,486.46"
Y9999,加權指數,2021/07/26,"-15,129.76"
Y9999,加權指數,2021/07/23,"3,063.54"
Y9999,加權指數,2021/07/22,"35,433.71"
Y9999,加權指數,2021/07/21,"-16,124.42"
Y9999,加權指數,2021/07/20,"-24,621.89"
Y9999,加權指數,2021/07/19,"-41,032.51"
Y9999,加權指數,2021/07/16,"-21,508.84"
Y9999,加權指數,2021/07/15,"15,857.41"
Y9999,加權指數,2021/07/14,"14,962.38"
Y9999,加權指數,2021/07/13,"22,501.39"
Y9999,加權指數,2021/07/12,"13,195.73"
Y9999,加權指數,2021/07/09,"-39,095.19"
Y9999,加權指數,2021/07/08,"-3,344.36"
Y9999,加權指數,2021/07/07,"-10,610.5"
Y9999,加權指數,2021/07/06,589.64
Y9999,加權指數,2021/07/05,"11,635.87"
Y9999,加權指數,2021/07/02,"-18,252.76"
Y9999,加權指數,2021/07/01,"-17,830.17"
Y9999,加權指數,2021/06/30,"19,506.77"
Y9999,加權指數,2021/06/29,"-13,444.27"
Y9999,加權指數,2021/06/28,"5,612.25"
Y9999,加權指數,2021/06/25,"7,531.97"
Y9999,加權指數,2021/06/24,"4,682.47"
Y9999,加權指數,2021/06/23,"11,767.32"
Y9999,加權指數,2021/06/22,"-9,935.15"
Y9999,加權指數,2021/06/21,"-31,567.87"
Y9999,加權指數,2021/06/18,"-15,317.64"
Y9999,加權指數,2021/06/17,"-6,430.97"
Y9999,加權指數,2021/06/16,"-17,773.47"
Y9999,加權指數,2021/06/15,"14,491.43"
Y9999,加權指數,2021/06/11,"11,763.43"
Y9999,加權指數,2021/06/10,"17,904.99"
Y9999,加權指數,2021/06/09,"-14,381.92"
Y9999,加權指數,2021/06/08,"-5,484.56"
Y9999,加權指數,2021/06/07,"-6,150.1"
Y9999,加權指數,2021/06/04,"-16,787.14"
Y9999,加權指數,2021/06/03,"7,678.98"
Y9999,加權指數,2021/06/02,"-9,141.48"
Y9999,加權指數,2021/06/01,"1,996.11"
Y9999,加權指數,2021/05/31,"13,314.84"
Y9999,加權指數,2021/05/28,"18,517.04"
Y9999,加權指數,2021/05/27,"-11,978.48"
Y9999,加權指數,2021/05/26,"2,501.74"
Y9999,加權指數,2021/05/25,"-2,816.1"
Y9999,加權指數,2021/05/24,"1,180.15"
Y9999,加權指數,2021/05/21,"17,602.47"
Y9999,加權指數,2021/05/20,"-16,020.87"
Y9999,加權指數,2021/05/19,"-28,206.44"
Y9999,加權指數,2021/05/18,"22,610.45"
Y9999,加權指數,2021/05/17,"32,932.29"
Y9999,加權指數,2021/05/14,"-12,499.39"
Y9999,加權指數,2021/05/13,"-19,807.37"
Y9999,加權指數,2021/05/12,"-10,149.85"
Y9999,加權指數,2021/05/11,"-39,721.71"
Y9999,加權指數,2021/05/10,-963.81
Y9999,加權指數,2021/05/07,"16,282.82"
Y9999,加權指數,2021/05/06,"-6,130.29"
Y9999,加權指數,2021/05/05,"-12,274.98"
Y9999,加權指數,2021/05/04,"1,969.45"
Y9999,加權指數,2021/05/03,"-7,985.22"
Y9999,加權指數,2021/04/29,"-7,976.37"
Y9999,加權指數,2021/04/28,"5,835.59"
Y9999,加權指數,2021/04/27,"2,475.83"
Y9999,加權指數,2021/04/26,"14,862.82"
Y9999,加權指數,2021/04/23,"17,825.09"
Y9999,加權指數,2021/04/22,"4,005.67"
Y9999,加權指數,2021/04/21,"-19,865.7"
Y9999,加權指數,2021/04/20,"-2,016.7"
Y9999,加權指數,2021/04/19,"5,222.95"
Y9999,加權指數,2021/04/16,"4,923.55"
Y9999,加權指數,2021/04/15,"4,403.42"
Y9999,加權指數,2021/04/14,"-1,042.01"
Y9999,加權指數,2021/04/13,"-1,637.91"
Y9999,加權指數,2021/04/12,"-6,510.76"
Y9999,加權指數,2021/04/09,"-3,980.36"
Y9999,加權指數,2021/04/08,753.52
Y9999,加權指數,2021/04/07,"7,257.18"
Y9999,加權指數,2021/04/06,"13,668.79"
Y9999,加權指數,2021/04/01,"14,278.67"
Y9999,加權指數,2021/03/31,"-15,426.41"
Y9999,加權指數,2021/03/30,"10,761.04"
Y9999,加權指數,2021/03/29,"8,125.05"
Y9999,加權指數,2021/03/26,"22,469.52"
Y9999,加權指數,2021/03/25,"-16,714.35"
Y9999,加權指數,2021/03/24,"-34,228.73"
Y9999,加權指數,2021/03/23,"-5,157.33"
Y9999,加權指數,2021/03/22,"-5,005.34"
Y9999,加權指數,2021/03/19,"-36,267.12"
Y9999,加權指數,2021/03/18,"10,048.59"
Y9999,加權指數,2021/03/17,"-12,815.89"
Y9999,加權指數,2021/03/16,"-1,160.36"
Y9999,加權指數,2021/03/15,"-2,580.51"
Y9999,加權指數,2021/03/12,"6,017.27"
Y9999,加權指數,2021/03/11,"18,924.65"
Y9999,加權指數,2021/03/10,"-2,902.54"
Y9999,加權指數,2021/03/09,"-1,905.29"
Y9999,加權指數,2021/03/08,"-15,361.03"
Y9999,加權指數,2021/03/05,"-25,814.55"
Y9999,加權指數,2021/03/04,"-49,988.13"
Y9999,加權指數,2021/03/03,"13,507.52"
Y9999,加權指數,2021/03/02,"-5,830.41"
Y9999,加權指數,2021/02/26,"-90,428.77"
Y9999,加權指數,2021/02/25,"21,974.82"
Y9999,加權指數,2021/02/24,"-22,387.46"
Y9999,加權指數,2021/02/23,"4,832.51"
Y9999,加權指數,2021/02/22,"-1,399.29"
Y9999,加權指數,2021/02/19,"-18,332.63"
Y9999,加權指數,2021/02/18,"-2,195.93"
Y9999,加權指數,2021/02/17,"28,056.59"
Y9999,加權指數,2021/02/05,"-7,046.4"
Y9999,加權指數,2021/02/04,"-12,198.06"
Y9999,加權指數,2021/02/03,-757.79
Y9999,加權指數,2021/02/02,"8,694.04"
Y9999,加權指數,2021/02/01,"15,040.77"
Y9999,加權指數,2021/01/29,"-33,725.76"
Y9999,加權指數,2021/01/28,"-31,759.88"
Y9999,加權指數,2021/01/27,"-5,027.83"
Y9999,加權指數,2021/01/26,"-27,136.78"
Y9999,加權指數,2021/01/25,"-20,788.36"
Y9999,加權指數,2021/01/22,"-32,233.37"
Y9999,加權指數,2021/01/21,"1,367.78"
Y9999,加權指數,2021/01/20,"-21,366.54"
Y9999,加權指數,2021/01/19,"7,957.07"
Y9999,加權指數,2021/01/18,-909.24
Y9999,加權指數,2021/01/15,"-2,282.98"
Y9999,加權指數,2021/01/14,"-7,199.92"
Y9999,加權指數,2021/01/13,"16,018.47"
Y9999,加權指數,2021/01/12,"-5,862.61"
Y9999,加權指數,2021/01/11,-865.84
Y9999,加權指數,2021/01/08,"21,371.86"
Y9999,加權指數,2021/01/07,"16,424.49"
Y9999,加權指數,2021/01/06,69.36
Y9999,加權指數,2021/01/05,"2,497.53"
Y9999,加權指數,2021/01/04,"24,961.65"
Y9999,加權指數,2020/12/31,"5,040.62"
Y9999,加權指數,2020/12/30,"26,058.06"
Y9999,加權指數,2020/12/29,-823.43
Y9999,加權指數,2020/12/28,"12,041.39"
Y9999,加權指數,2020/12/25,"5,310.1"
Y9999,加權指數,2020/12/24,"3,364.23"
Y9999,加權指數,2020/12/23,680.7
Y9999,加權指數,2020/12/22,"-10,064.3"
Y9999,加權指數,2020/12/21,"10,043.68"
Y9999,加權指數,2020/12/18,335.16
Y9999,加權指數,2020/12/17,"2,327.69"
Y9999,加權指數,2020/12/16,"28,120.11"
Y9999,加權指數,2020/12/15,"-15,793.52"
Y9999,加權指數,2020/12/14,"-3,867.68"
Y9999,加權指數,2020/12/11,-859.05
Y9999,加權指數,2020/12/10,"-13,510.51"
Y9999,加權指數,2020/12/09,-892
Y9999,加權指數,2020/12/08,"4,173.58"
Y9999,加權指數,2020/12/07,"-6,097"
Y9999,加權指數,2020/12/04,"14,668.29"
Y9999,加權指數,2020/12/03,"-6,889.4"
Y9999,加權指數,2020/12/02,-671.14
Y9999,加權指數,2020/12/01,"1,315.05"
Y9999,加權指數,2020/11/30,"-33,144.98"
Y9999,加權指數,2020/11/27,"-3,524.43"
Y9999,加權指數,2020/11/26,"3,867.03"
Y9999,加權指數,2020/11/25,"-9,725.11"
Y9999,加權指數,2020/11/24,"-3,876.15"
Y9999,加權指數,2020/11/23,"10,056.78"
Y9999,加權指數,2020/11/20,"-4,436.39"
Y9999,加權指數,2020/11/19,"-4,777.11"
Y9999,加權指數,2020/11/18,"21,807.63"
Y9999,加權指數,2020/11/17,"15,297.64"
Y9999,加權指數,2020/11/16,"23,068.06"
Y9999,加權指數,2020/11/13,"6,446.44"
Y9999,加權指數,2020/11/12,"6,646.83"
Y9999,加權指數,2020/11/11,"16,280.79"
Y9999,加權指數,2020/11/10,"-2,881.12"
Y9999,加權指數,2020/11/09,"19,242.56"
Y9999,加權指數,2020/11/06,"13,505.27"
Y9999,加權指數,2020/11/05,"14,654.03"
Y9999,加權指數,2020/11/04,"5,822.41"
Y9999,加權指數,2020/11/03,"13,284.17"
Y9999,加權指數,2020/11/02,"3,392.38"
Y9999,加權指數,2020/10/30,"-22,993.77"
Y9999,加權指數,2020/10/29,"-17,182.89"
Y9999,加權指數,2020/10/28,"-8,561.33"
Y9999,加權指數,2020/10/27,"-5,765.33"
Y9999,加權指數,2020/10/26,-220.84
Y9999,加權指數,2020/10/23,"-3,187.83"
Y9999,加權指數,2020/10/22,"6,297.73"
Y9999,加權指數,2020/10/21,-482.56
Y9999,加權指數,2020/10/20,"-3,146.35"
Y9999,加權指數,2020/10/19,"12,906.62"
Y9999,加權指數,2020/10/16,"-4,311.62"
Y9999,加權指數,2020/10/15,"-13,908.43"
Y9999,加權指數,2020/10/14,"-6,957.16"
Y9999,加權指數,2020/10/13,209.03
Y9999,加權指數,2020/10/12,"12,028.26"
Y9999,加權指數,2020/10/08,"15,787.78"
Y9999,加權指數,2020/10/07,"5,330.62"
Y9999,加權指數,2020/10/06,"8,893.99"
Y9999,加權指數,2020/10/05,277.93
Y9999,加權指數,2020/09/30,"4,522.02"
Y9999,加權指數,2020/09/29,"-1,316.94"
Y9999,加權指數,2020/09/28,"9,945.65"
Y9999,加權指數,2020/09/25,-376.57
Y9999,加權指數,2020/09/24,"-43,155.47"
Y9999,加權指數,2020/09/23,"-11,910.36"
Y9999,加權指數,2020/09/22,"-12,129.9"
Y9999,加權指數,2020/09/21,"-8,488.9"
Y9999,加權指數,2020/09/18,"-1,864.35"
Y9999,加權指數,2020/09/17,"-9,356.17"
Y9999,加權指數,2020/09/16,"17,148.05"
Y9999,加權指數,2020/09/15,"4,188.83"
Y9999,加權指數,2020/09/14,"8,412"
Y9999,加權指數,2020/09/11,"3,656.84"
Y9999,加權指數,2020/09/10,"4,600.83"
Y9999,加權指數,2020/09/09,"-11,585.21"
Y9999,加權指數,2020/09/08,"2,924.52"
Y9999,加權指數,2020/09/07,"-9,002.76"
Y9999,加權指數,2020/09/04,"-22,251.2"
Y9999,加權指數,2020/09/03,"11,222.7"
Y9999,加權指數,2020/09/02,"-4,277.47"
Y9999,加權指數,2020/09/01,"5,032.35"
Y9999,加權指數,2020/08/31,"-16,204.65"
Y9999,加權指數,2020/08/28,"-6,879.83"
Y9999,加權指數,2020/08/27,"-7,496.3"
Y9999,加權指數,2020/08/26,"2,147.5"
Y9999,加權指數,2020/08/25,"3,082.04"
Y9999,加權指數,2020/08/24,"-1,163.7"
Y9999,加權指數,2020/08/21,"5,036.78"
Y9999,加權指數,2020/08/20,"-12,511.28"
Y9999,加權指數,2020/08/19,-438.96
Y9999,加權指數,2020/08/18,"-2,718.52"
Y9999,加權指數,2020/08/17,"8,308.91"
Y9999,加權指數,2020/08/14,"3,567.15"
Y9999,加權指數,2020/08/13,"7,242.41"
Y9999,加權指數,2020/08/12,"-9,079.28"
Y9999,加權指數,2020/08/11,"-5,874.16"
Y9999,加權指數,2020/08/10,"1,431.83"
Y9999,加權指數,2020/08/07,"-11,705.66"
Y9999,加權指數,2020/08/06,"3,928.51"
Y9999,加權指數,2020/08/05,-519.1
Y9999,加權指數,2020/08/04,"4,996.73"
Y9999,加權指數,2020/08/03,"-29,609.44"
Y9999,加權指數,2020/07/31,"-9,091.6"
Y9999,加權指數,2020/07/30,"-3,483.42"
Y9999,加權指數,2020/07/29,"-7,361.09"
Y9999,加權指數,2020/07/28,"-8,370.55"
Y9999,加權指數,2020/07/27,"6,736.61"
Y9999,加權指數,2020/07/24,"-10,497.26"
Y9999,加權指數,2020/07/23,"-8,889.5"
Y9999,加權指數,2020/07/22,"-2,660.61"
Y9999,加權指數,2020/07/21,"11,367.5"
Y9999,加權指數,2020/07/20,"3,665.9"
Y9999,加權指數,2020/07/17,740.4
Y9999,加權指數,2020/07/16,"-6,353.01"
Y9999,加權指數,2020/07/15,"3,508.46"
Y9999,加權指數,2020/07/14,"-5,945.35"
Y9999,加權指數,2020/07/13,"4,113.29"
Y9999,加權指數,2020/07/10,-136.24
Y9999,加權指數,2020/07/09,"-6,523.24"
Y9999,加權指數,2020/07/08,"-4,695.09"
Y9999,加權指數,2020/07/07,"4,028.21"
Y9999,加權指數,2020/07/06,"19,745.41"
Y9999,加權指數,2020/07/03,"9,596.68"
Y9999,加權指數,2020/07/02,"2,538.61"
Y9999,加權指數,2020/07/01,"2,836.16"
Y9999,加權指數,2020/06/30,"6,256.06"
Y9999,加權指數,2020/06/29,"-13,628.64"
Y9999,加權指數,2020/06/24,"8,495.56"
Y9999,加權指數,2020/06/23,"4,510.09"
Y9999,加權指數,2020/06/22,"2,038.28"
Y9999,加權指數,2020/06/19,"-10,361.37"
Y9999,加權指數,2020/06/18,"2,073.85"
Y9999,加權指數,2020/06/17,"3,227.8"
Y9999,加權指數,2020/06/16,"18,069.44"
Y9999,加權指數,2020/06/15,"-15,241.42"
Y9999,加權指數,2020/06/12,-464.53
Y9999,加權指數,2020/06/11,257
Y9999,加權指數,2020/06/10,"9,850.44"
Y9999,加權指數,2020/06/09,"5,931.41"
Y9999,加權指數,2020/06/08,"8,271.75"
Y9999,加權指數,2020/06/05,"7,388.82"
Y9999,加權指數,2020/06/04,"4,790.81"
Y9999,加權指數,2020/06/03,"17,538.72"
Y9999,加權指數,2020/06/02,972.38
Y9999,加權指數,2020/06/01,"14,995.05"
Y9999,加權指數,2020/05/29,"-11,264.64"
Y9999,加權指數,2020/05/28,"-7,333.81"
Y9999,加權指數,2020/05/27,93.63
Y9999,加權指數,2020/05/26,"14,259.16"
Y9999,加權指數,2020/05/25,"-4,291.59"
Y9999,加權指數,2020/05/22,"-27,809.65"
Y9999,加權指數,2020/05/21,"1,377.84"
Y9999,加權指數,2020/05/20,"3,707.19"
Y9999,加權指數,2020/05/19,"4,480.61"
Y9999,加權指數,2020/05/18,"-15,558.51"
Y9999,加權指數,2020/05/15,-413.3
Y9999,加權指數,2020/05/14,"-17,084.32"
Y9999,加權指數,2020/05/13,"-5,379.65"
Y9999,加權指數,2020/05/12,"-24,343.03"
Y9999,加權指數,2020/05/11,"2,397.65"
Y9999,加權指數,2020/05/08,"-3,834.96"
Y9999,加權指數,2020/05/07,"-1,279.22"
Y9999,加權指數,2020/05/06,"-6,188.44"
Y9999,加權指數,2020/05/05,"-11,994.6"
Y9999,加權指數,2020/05/04,"-36,375.11"
Y9999,加權指數,2020/04/30,"18,071.44"
Y9999,加權指數,2020/04/29,"18,109.56"
Y9999,加權指數,2020/04/28,"-1,883.77"
Y9999,加權指數,2020/04/27,"16,942.46"
Y9999,加權指數,2020/04/24,"-5,506.62"
Y9999,加權指數,2020/04/23,"-3,927.61"
Y9999,加權指數,2020/04/22,"-3,945.09"
Y9999,加權指數,2020/04/21,"-23,583.02"
Y9999,加權指數,2020/04/20,292.56
Y9999,加權指數,2020/04/17,"18,294.51"
Y9999,加權指數,2020/04/16,"-13,116.05"
Y9999,加權指數,2020/04/15,"-3,589.29"
Y9999,加權指數,2020/04/14,"14,381.62"
Y9999,加權指數,2020/04/13,"-7,480.24"
Y9999,加權指數,2020/04/10,-731.1
Y9999,加權指數,2020/04/09,"-6,970.1"
Y9999,加權指數,2020/04/08,737.24
Y9999,加權指數,2020/04/07,"3,606.1"
Y9999,加權指數,2020/04/06,"2,090.03"
Y9999,加權指數,2020/04/01,"-4,244.33"
Y9999,加權指數,2020/03/31,"-5,832.03"
Y9999,加權指數,2020/03/30,"-5,266.76"
Y9999,加權指數,2020/03/27,"-8,414.44"
Y9999,加權指數,2020/03/26,"8,348.85"
Y9999,加權指數,2020/03/25,"-1,886.66"
Y9999,加權指數,2020/03/24,"4,479.35"
Y9999,加權指數,2020/03/23,"-13,648.1"
Y9999,加權指數,2020/03/20,"-21,265.15"
Y9999,加權指數,2020/03/19,"-18,256.97"
Y9999,加權指數,2020/03/18,"-27,209.09"
Y9999,加權指數,2020/03/17,"-20,046.94"
Y9999,加權指數,2020/03/16,"-31,794.49"
Y9999,加權指數,2020/03/13,"-31,034"
Y9999,加權指數,2020/03/12,"-35,324.65"
Y9999,加權指數,2020/03/11,"-20,741"
Y9999,加權指數,2020/03/10,"-10,765.26"
Y9999,加權指數,2020/03/09,"-51,018.28"
Y9999,加權指數,2020/03/06,"-27,646.32"
Y9999,加權指數,2020/03/05,-872.38
Y9999,加權指數,2020/03/04,"5,652.9"
Y9999,加權指數,2020/03/03,"-13,841.92"
Y9999,加權指數,2020/03/02,"-18,640.65"
Y9999,加權指數,2020/02/27,"-21,389.33"
Y9999,加權指數,2020/02/26,"-32,036.98"
Y9999,加權指數,2020/02/25,"-10,692.4"
Y9999,加權指數,2020/02/24,"-24,973.12"
Y9999,加權指數,2020/02/21,"-4,366.37"
Y9999,加權指數,2020/02/20,"-8,178.51"
Y9999,加權指數,2020/02/19,"3,330.5"
Y9999,加權指數,2020/02/18,"-20,028.2"
Y9999,加權指數,2020/02/17,"-4,508.22"
Y9999,加權指數,2020/02/14,"1,609.16"
Y9999,加權指數,2020/02/13,"2,685.1"
Y9999,加權指數,2020/02/12,"6,636.4"
Y9999,加權指數,2020/02/11,"-1,147.92"
Y9999,加權指數,2020/02/10,"-4,058.71"
Y9999,加權指數,2020/02/07,"-8,351.29"
Y9999,加權指數,2020/02/06,"5,705.13"
Y9999,加權指數,2020/02/05,-659.31
Y9999,加權指數,2020/02/04,"-3,422.27"
Y9999,加權指數,2020/02/03,"1,918.42"
Y9999,加權指數,2020/01/31,"-15,390.61"
Y9999,加權指數,2020/01/30,"-16,701.88"
Y9999,加權指數,2020/01/20,"5,552.47"
Y9999,加權指數,2020/01/17,"-1,483.76"
Y9999,加權指數,2020/01/16,"-3,697.2"
Y9999,加權指數,2020/01/15,"-7,932.66"
Y9999,加權指數,2020/01/14,"4,740.71"
Y9999,加權指數,2020/01/13,"10,772.01"
Y9999,加權指數,2020/01/10,"7,083.33"
Y9999,加權指數,2020/01/09,"5,903.05"
Y9999,加權指數,2020/01/08,-686.14
Y9999,加權指數,2020/01/07,"-9,390.44"
Y9999,加權指數,2020/01/06,"-9,288.27"
Y9999,加權指數,2020/01/03,-193.66
Y9999,加權指數,2020/01/02,"-3,915.52"
Y9999,加權指數,2019/12/31,"-9,121.98"
Y9999,加權指數,2019/12/30,"-1,796.59"
Y9999,加權指數,2019/12/27,"7,564.35"
Y9999,加權指數,2019/12/26,29.6
Y9999,加權指數,2019/12/25,"1,231.16"
Y9999,加權指數,2019/12/24,"1,086.61"
Y9999,加權指數,2019/12/23,"1,959.29"
Y9999,加權指數,2019/12/20,"-4,561.43"
Y9999,加權指數,2019/12/19,"-6,949.8"
Y9999,加權指數,2019/12/18,"5,299.45"
Y9999,加權指數,2019/12/17,"9,715.38"
Y9999,加權指數,2019/12/16,"2,178.72"
Y9999,加權指數,2019/12/13,"14,248.52"
Y9999,加權指數,2019/12/12,"9,293.28"
Y9999,加權指數,2019/12/11,"4,022.15"
Y9999,加權指數,2019/12/10,"-2,583.39"
Y9999,加權指數,2019/12/09,"4,507.95"
Y9999,加權指數,2019/12/06,"3,467.01"
Y9999,加權指數,2019/12/05,"5,233.41"
Y9999,加權指數,2019/12/04,"-3,945.62"
Y9999,加權指數,2019/12/03,"4,739.54"
Y9999,加權指數,2019/12/02,"4,331.31"
Y9999,加權指數,2019/11/29,"-11,536.21"
Y9999,加權指數,2019/11/28,"2,090.34"
Y9999,加權指數,2019/11/27,"2,801.54"
Y9999,加權指數,2019/11/26,580.58
Y9999,加權指數,2019/11/25,"1,989.34"
Y9999,加權指數,2019/11/22,-125.81
Y9999,加權指數,2019/11/21,"-10,130.68"
Y9999,加權指數,2019/11/20,"2,772.69"
Y9999,加權指數,2019/11/19,"10,916.25"
Y9999,加權指數,2019/11/18,"3,210.45"
Y9999,加權指數,2019/11/15,"4,708.93"
Y9999,加權指數,2019/11/14,"3,728.31"
Y9999,加權指數,2019/11/13,"-6,195.42"
Y9999,加權指數,2019/11/12,"5,094.71"
Y9999,加權指數,2019/11/11,"4,558.14"
Y9999,加權指數,2019/11/08,"1,555.86"
Y9999,加權指數,2019/11/07,"5,294.54"
Y9999,加權指數,2019/11/06,"7,607.49"
Y9999,加權指數,2019/11/05,"12,135.57"
Y9999,加權指數,2019/11/04,"12,136.45"
Y9999,加權指數,2019/11/01,"7,854"
Y9999,加權指數,2019/10/31,"7,075.28"
Y9999,加權指數,2019/10/30,"7,369.74"
Y9999,加權指數,2019/10/29,"6,055.88"
Y9999,加權指數,2019/10/28,"6,297.24"
Y9999,加權指數,2019/10/25,"3,385.68"
Y9999,加權指數,2019/10/24,"13,741.33"
Y9999,加權指數,2019/10/23,"4,336.53"
Y9999,加權指數,2019/10/22,"14,884.11"
Y9999,加權指數,2019/10/21,"5,113.08"
Y9999,加權指數,2019/10/18,"6,113.55"
Y9999,加權指數,2019/10/17,"9,227.66"
Y9999,加權指數,2019/10/16,"9,455.15"
Y9999,加權指數,2019/10/15,"4,986.55"
Y9999,加權指數,2019/10/14,"11,612.27"
Y9999,加權指數,2019/10/09,"-7,667.62"
Y9999,加權指數,2019/10/08,"8,728.94"
Y9999,加權指數,2019/10/07,"2,783.6"
Y9999,加權指數,2019/10/04,-918.17
Y9999,加權指數,2019/10/03,"-7,722.09"
Y9999,加權指數,2019/10/02,"2,436.02"
Y9999,加權指數,2019/10/01,"15,086.98"
Y9999,加權指數,2019/09/27,"2,908.71"
Y9999,加權指數,2019/09/26,-737.06
Y9999,加權指數,2019/09/25,"-2,679.34"
Y9999,加權指數,2019/09/24,"1,463.29"
Y9999,加權指數,2019/09/23,"2,330.7"
Y9999,加權指數,2019/09/20,"4,078.04"
Y9999,加權指數,2019/09/19,"1,464.37"
Y9999,加權指數,2019/09/18,"17,216.46"
Y9999,加權指數,2019/09/17,"3,955.3"
Y9999,加權指數,2019/09/16,"7,846.71"
Y9999,加權指數,2019/09/12,"6,927.2"
Y9999,加權指數,2019/09/11,"7,300.12"
Y9999,加權指數,2019/09/10,"2,599.56"
Y9999,加權指數,2019/09/09,"3,899.55"
Y9999,加權指數,2019/09/06,"8,998.04"
Y9999,加權指數,2019/09/05,"15,401.08"
Y9999,加權指數,2019/09/04,"4,533.4"
Y9999,加權指數,2019/09/03,"-7,090.22"
Y9999,加權指數,2019/09/02,"3,151.46"
Y9999,加權指數,2019/08/30,"13,870.83"
Y9999,加權指數,2019/08/29,"-1,495.3"
Y9999,加權指數,2019/08/28,"1,899.18"
Y9999,加權指數,2019/08/27,"-8,530.59"
Y9999,加權指數,2019/08/26,"-13,844.03"
Y9999,加權指數,2019/08/23,"-1,530.78"
Y9999,加權指數,2019/08/22,"-3,054.79"
Y9999,加權指數,2019/08/21,"-2,099.45"
Y9999,加權指數,2019/08/20,"-3,207.28"
Y9999,加權指數,2019/08/19,"-3,870.6"
Y9999,加權指數,2019/08/16,"-10,965.93"
Y9999,加權指數,2019/08/15,"-6,724.61"
Y9999,加權指數,2019/08/14,"-2,365.01"
Y9999,加權指數,2019/08/13,"-7,810.71"
Y9999,加權指數,2019/08/12,"-4,247.55"
Y9999,加權指數,2019/08/08,"1,821.07"
Y9999,加權指數,2019/08/07,"-13,173.56"
Y9999,加權指數,2019/08/06,"-5,591.69"
Y9999,加權指數,2019/08/05,"-14,195.95"
Y9999,加權指數,2019/08/02,"-19,036.46"
Y9999,加權指數,2019/08/01,"-14,415.28"
Y9999,加權指數,2019/07/31,"-2,834.17"
Y9999,加權指數,2019/07/30,984.12
Y9999,加權指數,2019/07/29,"-4,414.57"
Y9999,加權指數,2019/07/26,"-5,547.47"
Y9999,加權指數,2019/07/25,"1,865.59"
Y9999,加權指數,2019/07/24,-264.8
Y9999,加權指數,2019/07/23,624.95
Y9999,加權指數,2019/07/22,"4,530.98"
Y9999,加權指數,2019/07/19,"6,776.32"
Y9999,加權指數,2019/07/18,"-3,975.93"
Y9999,加權指數,2019/07/17,"-3,159.43"
Y9999,加權指數,2019/07/16,794.73
Y9999,加權指數,2019/07/15,312.02
Y9999,加權指數,2019/07/12,"-1,160.41"
Y9999,加權指數,2019/07/11,"4,526.94"
Y9999,加權指數,2019/07/10,"1,663.97"
Y9999,加權指數,2019/07/09,"-3,514.48"
Y9999,加權指數,2019/07/08,"-4,868.13"
Y9999,加權指數,2019/07/05,64.68
Y9999,加權指數,2019/07/04,"2,104.77"
Y9999,加權指數,2019/07/03,"-7,380.48"
Y9999,加權指數,2019/07/02,"-4,575.33"
Y9999,加權指數,2019/07/01,"5,942.95"
Y9999,加權指數,2019/06/28,"-2,469.11"
Y9999,加權指數,2019/06/27,"12,284.84"
Y9999,加權指數,2019/06/26,"-1,515.53"
Y9999,加權指數,2019/06/25,-853.24
Y9999,加權指數,2019/06/24,"3,213.27"
Y9999,加權指數,2019/06/21,"5,027.31"
Y9999,加權指數,2019/06/20,"6,584.57"
Y9999,加權指數,2019/06/19,"16,378.35"
Y9999,加權指數,2019/06/18,"1,386.55"
Y9999,加權指數,2019/06/17,"-3,390.16"
Y9999,加權指數,2019/06/14,"-3,302.32"
Y9999,加權指數,2019/06/13,"-7,367.55"
Y9999,加權指數,2019/06/12,-285.97
Y9999,加權指數,2019/06/11,"2,392.3"
Y9999,加權指數,2019/06/10,"8,017.96"
Y9999,加權指數,2019/06/06,"-1,490.35"
Y9999,加權指數,2019/06/05,-872.69
Y9999,加權指數,2019/06/04,"-5,110.4"
Y9999,加權指數,2019/06/03,"4,406.01"
Y9999,加權指數,2019/05/31,"1,329.37"
Y9999,加權指數,2019/05/30,"-2,775.68"
Y9999,加權指數,2019/05/29,"-5,410.88"
Y9999,加權指數,2019/05/28,"-6,492.77"
Y9999,加權指數,2019/05/27,"-3,729.07"
Y9999,加權指數,2019/05/24,"-8,279.24"
Y9999,加權指數,2019/05/23,"-9,689.77"
Y9999,加權指數,2019/05/22,"-10,269.79"
Y9999,加權指數,2019/05/21,"-7,548.55"
Y9999,加權指數,2019/05/20,"-3,223.1"
Y9999,加權指數,2019/05/17,"-8,223.94"
Y9999,加權指數,2019/05/16,"-12,693.57"
Y9999,加權指數,2019/05/15,"-12,985.1"
Y9999,加權指數,2019/05/14,"-10,338.24"
Y9999,加權指數,2019/05/13,"-3,627.11"
Y9999,加權指數,2019/05/10,"-4,960.76"
Y9999,加權指數,2019/05/09,"-18,029.46"
Y9999,加權指數,2019/05/08,"-7,130.7"
Y9999,加權指數,2019/05/07,-778.72
Y9999,加權指數,2019/05/06,"-12,377.83"
Y9999,加權指數,2019/05/03,"2,605.58"
Y9999,加權指數,2019/05/02,"5,377.22"
Y9999,加權指數,2019/04/30,964.78
Y9999,加權指數,2019/04/29,"-1,101.59"
Y9999,加權指數,2019/04/26,"-6,061.57"
Y9999,加權指數,2019/04/25,781.91
Y9999,加權指數,2019/04/24,-553.62
Y9999,加權指數,2019/04/23,"2,569.16"
Y9999,加權指數,2019/04/22,428.28
Y9999,加權指數,2019/04/19,"8,063.61"
Y9999,加權指數,2019/04/18,"1,346.04"
Y9999,加權指數,2019/04/17,"8,421.95"
Y9999,加權指數,2019/04/16,"5,518.76"
Y9999,加權指數,2019/04/15,"3,811.68"
Y9999,加權指數,2019/04/12,"1,527.45"
Y9999,加權指數,2019/04/11,"-4,824.18"
Y9999,加權指數,2019/04/10,-885.56
Y9999,加權指數,2019/04/09,"3,886.98"
Y9999,加權指數,2019/04/08,"5,850.14"
Y9999,加權指數,2019/04/03,"2,233.08"
Y9999,加權指數,2019/04/02,"7,487.48"
Y9999,加權指數,2019/04/01,"7,611.71"
Y9999,加權指數,2019/03/29,"4,493.11"
Y9999,加權指數,2019/03/28,-265.09
Y9999,加權指數,2019/03/27,"-2,353.2"
Y9999,加權指數,2019/03/26,757.52
Y9999,加權指數,2019/03/25,"-5,684.51"
Y9999,加權指數,2019/03/22,"3,414.13"
Y9999,加權指數,2019/03/21,"9,063.97"
Y9999,加權指數,2019/03/20,"5,308.73"
Y9999,加權指數,2019/03/19,-673.86
Y9999,加權指數,2019/03/18,"3,986.14"
Y9999,加權指數,2019/03/15,"4,685.18"
Y9999,加權指數,2019/03/14,"-2,756.73"
Y9999,加權指數,2019/03/13,"2,511.18"
Y9999,加權指數,2019/03/12,"2,235.39"
Y9999,加權指數,2019/03/11,"-9,978.68"
Y9999,加權指數,2019/03/08,"-11,580.55"
Y9999,加權指數,2019/03/07,"-4,764.58"
Y9999,加權指數,2019/03/06,"2,170.18"
Y9999,加權指數,2019/03/05,"-5,706.9"
Y9999,加權指數,2019/03/04,"-2,431.64"
Y9999,加權指數,2019/02/27,"3,643.99"
Y9999,加權指數,2019/02/26,"2,662.22"
Y9999,加權指數,2019/02/25,"7,616.72"
Y9999,加權指數,2019/02/22,"1,379.79"
Y9999,加權指數,2019/02/21,"3,703.05"
Y9999,加權指數,2019/02/20,"8,936.48"
Y9999,加權指數,2019/02/19,"1,015.54"
Y9999,加權指數,2019/02/18,"4,888.96"
Y9999,加權指數,2019/02/15,"-4,014.35"
Y9999,加權指數,2019/02/14,"-1,302.13"
Y9999,加權指數,2019/02/13,"3,417.57"
Y9999,加權指數,2019/02/12,"9,852.94"
Y9999,加權指數,2019/02/11,"12,432.62"
Y9999,加權指數,2019/01/30,878.28
Y9999,加權指數,2019/01/29,"-1,875.43"
Y9999,加權指數,2019/01/28,"5,615.93"
Y9999,加權指數,2019/01/25,"15,477.39"
Y9999,加權指數,2019/01/24,"2,283.1"
Y9999,加權指數,2019/01/23,581.8
Y9999,加權指數,2019/01/22,"1,448.53"
Y9999,加權指數,2019/01/21,"4,568.49"
Y9999,加權指數,2019/01/18,"4,546.91"
Y9999,加權指數,2019/01/17,"1,108.37"
Y9999,加權指數,2019/01/16,"-2,205.2"
Y9999,加權指數,2019/01/15,"8,894.31"
Y9999,加權指數,2019/01/14,"-3,949.02"
Y9999,加權指數,2019/01/11,"5,757.28"
Y9999,加權指數,2019/01/10,-500.1
Y9999,加權指數,2019/01/09,"11,515.97"
Y9999,加權指數,2019/01/08,-652.76
Y9999,加權指數,2019/01/07,"8,593.87"
Y9999,加權指數,2019/01/04,"-9,056.58"
Y9999,加權指數,2019/01/03,"-7,701.52"
Y9999,加權指數,2019/01/02,"-8,223.44"
Y9999,加權指數,2018/12/28,"3,600.86"
Y9999,加權指數,2018/12/27,"7,215.8"
Y9999,加權指數,2018/12/26,"-2,646.96"
Y9999,加權指數,2018/12/25,"-4,389.6"
Y9999,加權指數,2018/12/24,"-2,438.79"
Y9999,加權指數,2018/12/22,"-1,035.2"
Y9999,加權指數,2018/12/21,"-3,591.18"
Y9999,加權指數,2018/12/20,"-5,064.71"
Y9999,加權指數,2018/12/19,"3,231.42"
Y9999,加權指數,2018/12/18,"-4,399.08"
Y9999,加權指數,2018/12/17,693.28
Y9999,加權指數,2018/12/14,"-5,540.18"
Y9999,加權指數,2018/12/13,"1,618.29"
Y9999,加權指數,2018/12/12,"-2,349.5"
Y9999,加權指數,2018/12/11,"-4,777.85"
Y9999,加權指數,2018/12/10,"-7,794.91"
Y9999,加權指數,2018/12/07,"-4,836.21"
Y9999,加權指數,2018/12/06,"-18,647.46"
Y9999,加權指數,2018/12/05,"-9,815.17"
Y9999,加權指數,2018/12/04,"-3,918.54"
Y9999,加權指數,2018/12/03,"4,894.78"
Y9999,加權指數,2018/11/30,512.26
Y9999,加權指數,2018/11/29,"-1,295.86"
Y9999,加權指數,2018/11/28,"2,706.73"
Y9999,加權指數,2018/11/27,"-3,767.82"
Y9999,加權指數,2018/11/26,"5,330.45"
Y9999,加權指數,2018/11/23,520.02
Y9999,加權指數,2018/11/22,"-1,025.02"
Y9999,加權指數,2018/11/21,721.03
Y9999,加權指數,2018/11/20,"-5,952.2"
Y9999,加權指數,2018/11/19,"3,951.07"
Y9999,加權指數,2018/11/16,-894.43
Y9999,加權指數,2018/11/15,"2,479.1"
Y9999,加權指數,2018/11/14,-642.21
Y9999,加權指數,2018/11/13,"1,771.59"
Y9999,加權指數,2018/11/12,"1,331.43"
Y9999,加權指數,2018/11/09,"-3,711.97"
Y9999,加權指數,2018/11/08,"4,186.76"
Y9999,加權指數,2018/11/07,"5,813.42"
Y9999,加權指數,2018/11/06,"-3,279.54"
Y9999,加權指數,2018/11/05,"1,150.24"
Y9999,加權指數,2018/11/02,"4,123.03"
Y9999,加權指數,2018/11/01,"2,841.89"
Y9999,加權指數,2018/10/31,"9,227.66"
Y9999,加權指數,2018/10/30,898.21
Y9999,加權指數,2018/10/29,"2,017.42"
Y9999,加權指數,2018/10/26,"-1,359.82"
Y9999,加權指數,2018/10/25,"-7,613.93"
Y9999,加權指數,2018/10/24,"-5,863.95"
Y9999,加權指數,2018/10/23,"-10,722.71"
Y9999,加權指數,2018/10/22,"-2,758.63"
Y9999,加權指數,2018/10/19,"-2,914.5"
Y9999,加權指數,2018/10/18,"-2,715.34"
Y9999,加權指數,2018/10/17,"-4,636.88"
Y9999,加權指數,2018/10/16,"-8,807.69"
Y9999,加權指數,2018/10/15,"-16,471.86"
Y9999,加權指數,2018/10/12,"-4,155.04"
Y9999,加權指數,2018/10/11,"-27,460.57"
Y9999,加權指數,2018/10/09,"-4,100.41"
Y9999,加權指數,2018/10/08,"-7,620.6"
Y9999,加權指數,2018/10/05,"-5,349.12"
Y9999,加權指數,2018/10/04,"-12,246.68"
Y9999,加權指數,2018/10/03,329.68
Y9999,加權指數,2018/10/02,"-12,080.63"
Y9999,加權指數,2018/10/01,"2,228.97"
Y9999,加權指數,2018/09/28,"1,773.96"
Y9999,加權指數,2018/09/27,"11,542.4"
Y9999,加權指數,2018/09/26,-663.37
Y9999,加權指數,2018/09/25,"4,293.18"
Y9999,加權指數,2018/09/21,"13,007.79"
Y9999,加權指數,2018/09/20,"4,926.26"
Y9999,加權指數,2018/09/19,"9,242.18"
Y9999,加權指數,2018/09/18,"2,060.24"
Y9999,加權指數,2018/09/17,-426.16
Y9999,加權指數,2018/09/14,"9,311.34"
Y9999,加權指數,2018/09/13,"2,956.04"
Y9999,加權指數,2018/09/12,"1,437.03"
Y9999,加權指數,2018/09/11,"2,556.28"
Y9999,加權指數,2018/09/10,"4,494.33"
Y9999,加權指數,2018/09/07,"1,117.83"
Y9999,加權指數,2018/09/06,316.06
Y9999,加權指數,2018/09/05,"-2,862.45"
Y9999,加權指數,2018/09/04,"3,808.26"
Y9999,加權指數,2018/09/03,"-1,405.5"
Y9999,加權指數,2018/08/31,"3,723.36"
Y9999,加權指數,2018/08/30,"4,262.21"
Y9999,加權指數,2018/08/29,"13,044.38"
Y9999,加權指數,2018/08/28,"7,747.34"
Y9999,加權指數,2018/08/27,"7,962.72"
Y9999,加權指數,2018/08/24,"-2,514.76"
Y9999,加權指數,2018/08/23,"3,647.17"
Y9999,加權指數,2018/08/22,"-1,839.35"
Y9999,加權指數,2018/08/21,"4,489"
Y9999,加權指數,2018/08/20,"3,805.03"
Y9999,加權指數,2018/08/17,"-5,301.95"
Y9999,加權指數,2018/08/16,558.19
Y9999,加權指數,2018/08/15,"-2,354.74"
Y9999,加權指數,2018/08/14,-632.3
Y9999,加權指數,2018/08/13,"-2,967.89"
Y9999,加權指數,2018/08/10,"-2,566.83"
Y9999,加權指數,2018/08/09,"-1,469.56"
Y9999,加權指數,2018/08/08,"8,977.17"
Y9999,加權指數,2018/08/07,"-2,246.03"
Y9999,加權指數,2018/08/06,"-1,471.41"
Y9999,加權指數,2018/08/03,"1,803.25"
Y9999,加權指數,2018/08/02,"-4,522.15"
Y9999,加權指數,2018/08/01,"1,561.34"
Y9999,加權指數,2018/07/31,-48.11
Y9999,加權指數,2018/07/30,778.05
Y9999,加權指數,2018/07/27,"7,112.58"
Y9999,加權指數,2018/07/26,"2,611.72"
Y9999,加權指數,2018/07/25,"-1,609.13"
Y9999,加權指數,2018/07/24,-407.59
Y9999,加權指數,2018/07/23,"5,075.53"
Y9999,加權指數,2018/07/20,"6,909.05"
Y9999,加權指數,2018/07/19,243.82
Y9999,加權指數,2018/07/18,"8,159.67"
Y9999,加權指數,2018/07/17,"1,524.11"
Y9999,加權指數,2018/07/16,"-3,454.76"
Y9999,加權指數,2018/07/13,"2,063.89"
Y9999,加權指數,2018/07/12,353.44
Y9999,加權指數,2018/07/11,"-8,312.63"
Y9999,加權指數,2018/07/10,"2,529.04"
Y9999,加權指數,2018/07/09,"5,272.71"
Y9999,加權指數,2018/07/06,"-4,038.91"
Y9999,加權指數,2018/07/05,"-5,579.24"
Y9999,加權指數,2018/07/04,"1,527.56"
Y9999,加權指數,2018/07/03,"-8,074.62"
Y9999,加權指數,2018/07/02,"-7,537.2"
Y9999,加權指數,2018/06/29,"2,411.21"
Y9999,加權指數,2018/06/28,"-8,163.76"
Y9999,加權指數,2018/06/27,"-11,624.19"
Y9999,加權指數,2018/06/26,"-5,870.48"
Y9999,加權指數,2018/06/25,"-8,557.91"
Y9999,加權指數,2018/06/22,"-9,915.68"
Y9999,加權指數,2018/06/21,"-9,226.25"
Y9999,加權指數,2018/06/20,"-7,307.57"
Y9999,加權指數,2018/06/19,"-20,669.26"
Y9999,加權指數,2018/06/15,"-9,565.65"
Y9999,加權指數,2018/06/14,"-14,196.4"
Y9999,加權指數,2018/06/13,235.15
Y9999,加權指數,2018/06/12,"-3,999.89"
Y9999,加權指數,2018/06/11,401.81
Y9999,加權指數,2018/06/08,"-3,710.24"
Y9999,加權指數,2018/06/07,"4,894.9"
Y9999,加權指數,2018/06/06,"10,918.3"
Y9999,加權指數,2018/06/05,"2,083.39"
Y9999,加權指數,2018/06/04,"7,266.67"
Y9999,加權指數,2018/06/01,"2,439.64"
Y9999,加權指數,2018/05/31,"-2,910.93"
Y9999,加權指數,2018/05/30,"-15,401.93"
Y9999,加權指數,2018/05/29,"-5,130.09"
Y9999,加權指數,2018/05/28,"2,142.66"
Y9999,加權指數,2018/05/25,-527.81
Y9999,加權指數,2018/05/24,429.31
Y9999,加權指數,2018/05/23,"-1,864.52"
Y9999,加權指數,2018/05/22,-944.95
Y9999,加權指數,2018/05/21,"3,002.65"
Y9999,加權指數,2018/05/18,913.42
Y9999,加權指數,2018/05/17,"-3,019.05"
Y9999,加權指數,2018/05/16,-13.49
Y9999,加權指數,2018/05/15,-667.71
Y9999,加權指數,2018/05/14,"7,784.08"
Y9999,加權指數,2018/05/11,"7,894.06"
Y9999,加權指數,2018/05/10,"2,980.43"
Y9999,加權指數,2018/05/09,"1,084.45"
Y9999,加權指數,2018/05/08,-454.03
Y9999,加權指數,2018/05/07,"-2,591.08"
Y9999,加權指數,2018/05/04,"-3,188.18"
Y9999,加權指數,2018/05/03,"-10,333.26"
Y9999,加權指數,2018/05/02,"-5,184.53"
Y9999,加權指數,2018/04/30,-243.79
Y9999,加權指數,2018/04/27,192.56
Y9999,加權指數,2018/04/26,"-3,449.26"
Y9999,加權指數,2018/04/25,"-6,706.14"
Y9999,加權指數,2018/04/24,"-7,807.09"
Y9999,加權指數,2018/04/23,"-12,045.74"
Y9999,加權指數,2018/04/20,"-20,556.63"
Y9999,加權指數,2018/04/19,"5,371.33"
Y9999,加權指數,2018/04/18,"-1,588.24"
Y9999,加權指數,2018/04/17,"-8,828.43"
Y9999,加權指數,2018/04/16,"-1,717.33"
Y9999,加權指數,2018/04/13,"-1,257.96"
Y9999,加權指數,2018/04/12,"-5,549.97"
Y9999,加權指數,2018/04/11,"-1,188.19"
Y9999,加權指數,2018/04/10,"2,067.83"
Y9999,加權指數,2018/04/09,-579.31
Y9999,加權指數,2018/04/03,"-8,985.82"
Y9999,加權指數,2018/04/02,"-1,809.06"
Y9999,加權指數,2018/03/31,143.52
Y9999,加權指數,2018/03/30,"1,724.69"
Y9999,加權指數,2018/03/29,"-12,258.92"
Y9999,加權指數,2018/03/28,"-8,451.2"
Y9999,加權指數,2018/03/27,"2,621.98"
Y9999,加權指數,2018/03/26,"-8,000.58"
Y9999,加權指數,2018/03/23,"-7,255.38"
Y9999,加權指數,2018/03/22,"4,405.42"
Y9999,加權指數,2018/03/21,"-1,404.79"
Y9999,加權指數,2018/03/20,-19.11
Y9999,加權指數,2018/03/19,"2,546.75"
Y9999,加權指數,2018/03/16,"1,450.56"
Y9999,加權指數,2018/03/15,"-2,405.17"
Y9999,加權指數,2018/03/14,"-7,577.72"
Y9999,加權指數,2018/03/13,"8,939.57"
Y9999,加權指數,2018/03/12,"12,720.93"
Y9999,加權指數,2018/03/09,"-1,459.5"
Y9999,加權指數,2018/03/08,-550.17
Y9999,加權指數,2018/03/07,-843.8
Y9999,加權指數,2018/03/06,"4,207.74"
Y9999,加權指數,2018/03/05,"-10,124.05"
Y9999,加權指數,2018/03/02,"-15,464.63"
Y9999,加權指數,2018/03/01,"-2,469.86"
Y9999,加權指數,2018/02/27,"-1,060.39"
Y9999,加權指數,2018/02/26,567.95
Y9999,加權指數,2018/02/23,"2,768.46"
Y9999,加權指數,2018/02/22,"-5,587.78"
Y9999,加權指數,2018/02/21,"9,620.12"
Y9999,加權指數,2018/02/12,"-18,608.62"
Y9999,加權指數,2018/02/09,"-19,084.54"
Y9999,加權指數,2018/02/08,"-7,359.95"
Y9999,加權指數,2018/02/07,"-15,373.11"
Y9999,加權指數,2018/02/06,"-31,159"
Y9999,加權指數,2018/02/05,"-8,814.99"
Y9999,加權指數,2018/02/02,-799.84
Y9999,加權指數,2018/02/01,"1,575.28"
Y9999,加權指數,2018/01/31,"2,575.58"
Y9999,加權指數,2018/01/30,"-2,400.59"
Y9999,加權指數,2018/01/29,"2,651.76"
Y9999,加權指數,2018/01/26,"1,409.13"
Y9999,加權指數,2018/01/25,"7,451.88"
Y9999,加權指數,2018/01/24,"2,587.4"
Y9999,加權指數,2018/01/23,"4,004.3"
Y9999,加權指數,2018/01/22,"3,459.65"
Y9999,加權指數,2018/01/19,"8,965.19"
Y9999,加權指數,2018/01/18,"10,138.75"
Y9999,加權指數,2018/01/17,"9,933.24"
Y9999,加權指數,2018/01/16,"3,768.2"
Y9999,加權指數,2018/01/15,"1,590.88"
Y9999,加權指數,2018/01/12,-95.79
Y9999,加權指數,2018/01/11,"-1,389.37"
Y9999,加權指數,2018/01/10,"-3,825.83"
Y9999,加權指數,2018/01/09,-536.95
Y9999,加權指數,2018/01/08,"4,990.37"
Y9999,加權指數,2018/01/05,"4,955.64"
Y9999,加權指數,2018/01/04,"6,030.9"
Y9999,加權指數,2018/01/03,"3,540.7"
Y9999,加權指數,2018/01/02,"8,143.71"
Y9999,加權指數,2017/12/29,"6,967.55"
Y9999,加權指數,2017/12/28,"6,786.04"
Y9999,加權指數,2017/12/27,"2,816.36"
Y9999,加權指數,2017/12/26,"-2,490.69"
Y9999,加權指數,2017/12/25,689.64
Y9999,加權指數,2017/12/22,"1,211.16"
Y9999,加權指數,2017/12/21,"-2,938.21"
Y9999,加權指數,2017/12/20,-511.68
Y9999,加權指數,2017/12/19,"-5,545.26"
Y9999,加權指數,2017/12/18,5.16
Y9999,加權指數,2017/12/15,"-4,128.2"
Y9999,加權指數,2017/12/14,"3,069.41"
Y9999,加權指數,2017/12/13,-800.48
Y9999,加權指數,2017/12/12,"-4,795.74"
Y9999,加權指數,2017/12/11,"-3,693.04"
Y9999,加權指數,2017/12/08,"-2,068.88"
Y9999,加權指數,2017/12/07,"-6,203.53"
Y9999,加權指數,2017/12/06,"-10,509.15"
Y9999,加權指數,2017/12/05,"-1,021.56"
Y9999,加權指數,2017/12/04,"-1,380.63"
Y9999,加權指數,2017/12/01,"-6,760.49"
Y9999,加權指數,2017/11/30,"-13,351.4"
Y9999,加權指數,2017/11/29,"-6,094.8"
Y9999,加權指數,2017/11/28,"-8,211.37"
Y9999,加權指數,2017/11/27,"-7,892.25"
Y9999,加權指數,2017/11/24,"-1,417.77"
Y9999,加權指數,2017/11/23,"2,215.18"
Y9999,加權指數,2017/11/22,"8,839.05"
Y9999,加權指數,2017/11/21,"5,029.72"
Y9999,加權指數,2017/11/20,"-3,695.83"
Y9999,加權指數,2017/11/17,"1,246.73"
Y9999,加權指數,2017/11/16,"-2,545.58"
Y9999,加權指數,2017/11/15,"-12,786.09"
Y9999,加權指數,2017/11/14,"1,059.23"
Y9999,加權指數,2017/11/13,"2,906.16"
Y9999,加權指數,2017/11/10,"-1,838.91"
Y9999,加權指數,2017/11/09,"-2,101.92"
Y9999,加權指數,2017/11/08,"-3,469.75"
Y9999,加權指數,2017/11/07,135.22
Y9999,加權指數,2017/11/06,"-3,071.17"
Y9999,加權指數,2017/11/03,-710.15
Y9999,加權指數,2017/11/02,-982.97
Y9999,加權指數,2017/11/01,"-1,768.6"
Y9999,加權指數,2017/10/31,"-1,809.63"
Y9999,加權指數,2017/10/30,"2,995.85"
Y9999,加權指數,2017/10/27,"-1,263.8"
Y9999,加權指數,2017/10/26,421.5
Y9999,加權指數,2017/10/25,-159.74
Y9999,加權指數,2017/10/24,442.48
Y9999,加權指數,2017/10/23,888.06
Y9999,加權指數,2017/10/20,"2,856.41"
Y9999,加權指數,2017/10/19,"3,815.34"
Y9999,加權指數,2017/10/18,"3,260.17"
Y9999,加權指數,2017/10/17,256.16
Y9999,加權指數,2017/10/16,"4,055.66"
Y9999,加權指數,2017/10/13,"2,460.27"
Y9999,加權指數,2017/10/12,"6,497.17"
Y9999,加權指數,2017/10/11,"10,476.24"
Y9999,加權指數,2017/10/06,"2,257.23"
Y9999,加權指數,2017/10/05,"2,978.11"
Y9999,加權指數,2017/10/03,"-4,076.78"
Y9999,加權指數,2017/10/02,"1,372.19"
Y9999,加權指數,2017/09/30,330.78
Y9999,加權指數,2017/09/29,"4,337.32"
Y9999,加權指數,2017/09/28,"-7,975.16"
Y9999,加權指數,2017/09/27,"-1,584.41"
Y9999,加權指數,2017/09/26,"-8,369.54"
Y9999,加權指數,2017/09/25,"-4,240.34"
Y9999,加權指數,2017/09/22,"-8,259.6"
Y9999,加權指數,2017/09/21,"-5,718.6"
Y9999,加權指數,2017/09/20,"-3,858.6"
Y9999,加權指數,2017/09/19,"-5,793.82"
Y9999,加權指數,2017/09/18,"3,031.57"
Y9999,加權指數,2017/09/15,"-1,005.19"
Y9999,加權指數,2017/09/14,"-2,582.17"
Y9999,加權指數,2017/09/13,"-8,956.13"
Y9999,加權指數,2017/09/12,"-2,659.58"
Y9999,加權指數,2017/09/11,"-3,085.54"
Y9999,加權指數,2017/09/08,"4,200.28"
Y9999,加權指數,2017/09/07,"-2,283.12"
Y9999,加權指數,2017/09/06,"-4,169.6"
Y9999,加權指數,2017/09/05,-731.98
Y9999,加權指數,2017/09/04,"-1,981.48"
Y9999,加權指數,2017/09/01,"1,163.22"
Y9999,加權指數,2017/08/31,"2,597.27"
Y9999,加權指數,2017/08/30,"4,022.6"
Y9999,加權指數,2017/08/29,"-3,439.65"
Y9999,加權指數,2017/08/28,"-1,557.08"
Y9999,加權指數,2017/08/25,"4,994.34"
Y9999,加權指數,2017/08/24,"7,973.8"
Y9999,加權指數,2017/08/23,288.97
Y9999,加權指數,2017/08/22,"4,043.38"
Y9999,加權指數,2017/08/21,"-2,953.04"
Y9999,加權指數,2017/08/18,"-5,273.38"
Y9999,加權指數,2017/08/17,"3,811.71"
Y9999,加權指數,2017/08/16,"-4,423.56"
Y9999,加權指數,2017/08/15,"2,364.27"
Y9999,加權指數,2017/08/14,"-2,036.3"
Y9999,加權指數,2017/08/11,"-8,800.24"
Y9999,加權指數,2017/08/10,11.95
Y9999,加權指數,2017/08/09,"-7,315.09"
Y9999,加權指數,2017/08/08,-484.85
Y9999,加權指數,2017/08/07,85.77
Y9999,加權指數,2017/08/04,-750.98
Y9999,加權指數,2017/08/03,"-4,798.54"
Y9999,加權指數,2017/08/02,"7,960.95"
Y9999,加權指數,2017/08/01,-379.81
Y9999,加權指數,2017/07/31,"-1,498.53"
Y9999,加權指數,2017/07/28,"-6,619.89"
Y9999,加權指數,2017/07/27,"6,254.56"
Y9999,加權指數,2017/07/26,"-2,334.69"
Y9999,加權指數,2017/07/25,483.69
Y9999,加權指數,2017/07/24,"1,540.2"
Y9999,加權指數,2017/07/21,"-4,721.17"
Y9999,加權指數,2017/07/20,-981.16
Y9999,加權指數,2017/07/19,"3,641.05"
Y9999,加權指數,2017/07/18,"2,557.3"
Y9999,加權指數,2017/07/17,-201.2
Y9999,加權指數,2017/07/14,"-2,819.04"
Y9999,加權指數,2017/07/13,"1,818.44"
Y9999,加權指數,2017/07/12,"3,145.51"
Y9999,加權指數,2017/07/11,"10,570.53"
Y9999,加權指數,2017/07/10,"-2,181.69"
Y9999,加權指數,2017/07/07,"-6,219.74"
Y9999,加權指數,2017/07/06,-274.76
Y9999,加權指數,2017/07/05,"-2,875.35"
Y9999,加權指數,2017/07/04,"-4,241.87"
Y9999,加權指數,2017/07/03,-57.1
Y9999,加權指數,2017/06/30,407.9
Y9999,加權指數,2017/06/29,"4,886.25"
Y9999,加權指數,2017/06/28,"-2,184.42"
Y9999,加權指數,2017/06/27,251.82
Y9999,加權指數,2017/06/26,"16,279.7"
Y9999,加權指數,2017/06/23,"-2,319.15"
Y9999,加權指數,2017/06/22,"2,582.65"
Y9999,加權指數,2017/06/21,"1,793.03"
Y9999,加權指數,2017/06/20,"1,763.15"
Y9999,加權指數,2017/06/19,"2,480.63"
Y9999,加權指數,2017/06/16,"2,834.39"
Y9999,加權指數,2017/06/15,"1,012.26"
Y9999,加權指數,2017/06/14,"-1,692.18"
Y9999,加權指數,2017/06/13,"-7,956.94"
Y9999,加權指數,2017/06/12,"-13,414.76"
Y9999,加權指數,2017/06/09,"-3,712.75"
Y9999,加權指數,2017/06/08,"3,177.13"
Y9999,加權指數,2017/06/07,"1,677.21"
Y9999,加權指數,2017/06/06,"1,182.98"
Y9999,加權指數,2017/06/05,"4,773.76"
Y9999,加權指數,2017/06/03,87.17
Y9999,加權指數,2017/06/02,"4,796.45"
Y9999,加權指數,2017/06/01,"2,693.38"
Y9999,加權指數,2017/05/31,"-4,819.12"
Y9999,加權指數,2017/05/26,"1,620.4"
Y9999,加權指數,2017/05/25,"5,103.53"
Y9999,加權指數,2017/05/24,"1,224.81"
Y9999,加權指數,2017/05/23,"2,069.2"
Y9999,加權指數,2017/05/22,"1,186.94"
Y9999,加權指數,2017/05/19,"-1,279.21"
Y9999,加權指數,2017/05/18,"-3,976.1"
Y9999,加權指數,2017/05/17,"1,246.76"
Y9999,加權指數,2017/05/16,699.56
Y9999,加權指數,2017/05/15,449.52
Y9999,加權指數,2017/05/12,"1,141.57"
Y9999,加權指數,2017/05/11,"3,999.86"
Y9999,加權指數,2017/05/10,"4,522.34"
Y9999,加權指數,2017/05/09,"5,196.46"
Y9999,加權指數,2017/05/08,"5,573.23"
Y9999,加權指數,2017/05/05,-796.46
Y9999,加權指數,2017/05/04,"4,875.72"
Y9999,加權指數,2017/05/03,"7,011.85"
Y9999,加權指數,2017/05/02,"11,046.77"
Y9999,加權指數,2017/04/28,"3,309.47"
Y9999,加權指數,2017/04/27,"3,718.68"
Y9999,加權指數,2017/04/26,"11,048.47"
Y9999,加權指數,2017/04/25,"12,901.4"
Y9999,加權指數,2017/04/24,"2,592.22"
Y9999,加權指數,2017/04/21,"2,524.76"
Y9999,加權指數,2017/04/20,-605.92
Y9999,加權指數,2017/04/19,"-10,379.17"
Y9999,加權指數,2017/04/18,-40.46
Y9999,加權指數,2017/04/17,-2.4
Y9999,加權指數,2017/04/14,"-2,290.78"
Y9999,加權指數,2017/04/13,"1,076.13"
Y9999,加權指數,2017/04/12,"2,462.51"
Y9999,加權指數,2017/04/11,-329.13
Y9999,加權指數,2017/04/10,"-1,169.01"
Y9999,加權指數,2017/04/07,"-4,994.65"
Y9999,加權指數,2017/04/06,-503.39
Y9999,加權指數,2017/04/05,"10,983.81"
Y9999,加權指數,2017/03/31,"-1,331.27"
Y9999,加權指數,2017/03/30,"2,042.03"
Y9999,加權指數,2017/03/29,"2,421.77"
Y9999,加權指數,2017/03/28,"12,276.26"
Y9999,加權指數,2017/03/27,"8,734.77"
Y9999,加權指數,2017/03/24,"1,992.55"
Y9999,加權指數,2017/03/23,"3,452.35"
Y9999,加權指數,2017/03/22,510.08
Y9999,加權指數,2017/03/21,"15,557.4"
Y9999,加權指數,2017/03/20,"2,852.95"
Y9999,加權指數,2017/03/17,"13,431.1"
Y9999,加權指數,2017/03/16,"12,193.85"
Y9999,加權指數,2017/03/15,-281.84
Y9999,加權指數,2017/03/14,"8,489.65"
Y9999,加權指數,2017/03/13,"5,745.53"
Y9999,加權指數,2017/03/10,"-5,151.56"
Y9999,加權指數,2017/03/09,"-10,462"
Y9999,加權指數,2017/03/08,"1,099.32"
Y9999,加權指數,2017/03/07,"1,160.1"
Y9999,加權指數,2017/03/06,"-1,322.25"
Y9999,加權指數,2017/03/03,"-4,593.25"
Y9999,加權指數,2017/03/02,"3,233.61"
Y9999,加權指數,2017/03/01,"-3,561.99"
Y9999,加權指數,2017/02/24,"-1,336.81"
Y9999,加權指數,2017/02/23,"4,918.25"
Y9999,加權指數,2017/02/22,"3,152.2"
Y9999,加權指數,2017/02/21,"7,589.64"
Y9999,加權指數,2017/02/20,"1,288.91"
Y9999,加權指數,2017/02/18,755.76
Y9999,加權指數,2017/02/17,"1,434.99"
Y9999,加權指數,2017/02/16,"3,186.64"
Y9999,加權指數,2017/02/15,"12,656.41"
Y9999,加權指數,2017/02/14,"5,427.07"
Y9999,加權指數,2017/02/13,"3,810.22"
Y9999,加權指數,2017/02/10,"5,421.18"
Y9999,加權指數,2017/02/09,"3,561.65"
Y9999,加權指數,2017/02/08,"-5,956.29"
Y9999,加權指數,2017/02/07,"3,212.04"
Y9999,加權指數,2017/02/06,"2,280.62"
Y9999,加權指數,2017/02/03,"-4,677.12"
Y9999,加權指數,2017/02/02,326.2
Y9999,加權指數,2017/01/24,"12,376.22"
Y9999,加權指數,2017/01/23,"10,383.48"
Y9999,加權指數,2017/01/20,"2,312.42"
Y9999,加權指數,2017/01/19,"-3,081.04"
Y9999,加權指數,2017/01/18,"1,689.91"
Y9999,加權指數,2017/01/17,"3,175.69"
Y9999,加權指數,2017/01/16,"-6,052.91"
Y9999,加權指數,2017/01/13,627.92
Y9999,加權指數,2017/01/12,"10,025.3"
Y9999,加權指數,2017/01/11,"3,801.6"
Y9999,加權指數,2017/01/10,"3,431.79"
Y9999,加權指數,2017/01/09,888.25
Y9999,加權指數,2017/01/06,"2,661.63"
Y9999,加權指數,2017/01/05,"2,949.27"
Y9999,加權指數,2017/01/04,360.35
Y9999,加權指數,2017/01/03,-473.05
Y9999,加權指數,2016/12/30,"6,861.18"
Y9999,加權指數,2016/12/29,"-1,645.3"
Y9999,加權指數,2016/12/28,"3,560.13"
Y9999,加權指數,2016/12/27,"-1,018.69"
Y9999,加權指數,2016/12/26,-972.55
Y9999,加權指數,2016/12/23,"-6,169.28"
Y9999,加權指數,2016/12/22,"-6,900.94"
Y9999,加權指數,2016/12/21,"-5,854.51"
Y9999,加權指數,2016/12/20,"-1,776.08"
Y9999,加權指數,2016/12/19,"-1,940.39"
Y9999,加權指數,2016/12/16,"-1,186.09"
Y9999,加權指數,2016/12/15,"1,895.71"
Y9999,加權指數,2016/12/14,578.96
Y9999,加權指數,2016/12/13,"3,570.14"
Y9999,加權指數,2016/12/12,216.51
Y9999,加權指數,2016/12/09,"6,839.43"
Y9999,加權指數,2016/12/08,"12,507.19"
Y9999,加權指數,2016/12/07,"1,981.14"
Y9999,加權指數,2016/12/06,"6,894.47"
Y9999,加權指數,2016/12/05,"-5,904.31"
Y9999,加權指數,2016/12/02,"-10,003.4"
Y9999,加權指數,2016/12/01,312.55
Y9999,加權指數,2016/11/30,"1,160.05"
Y9999,加權指數,2016/11/29,-373.76
Y9999,加權指數,2016/11/28,"4,199.81"
Y9999,加權指數,2016/11/25,753.51
Y9999,加權指數,2016/11/24,"-3,755.25"
Y9999,加權指數,2016/11/23,"1,882.2"
Y9999,加權指數,2016/11/22,"4,025.38"
Y9999,加權指數,2016/11/21,"-2,426.01"
Y9999,加權指數,2016/11/18,"-6,285.86"
Y9999,加權指數,2016/11/17,"-4,265.5"
Y9999,加權指數,2016/11/16,"-7,506.08"
Y9999,加權指數,2016/11/15,"-12,002.6"
Y9999,加權指數,2016/11/14,"-14,644.85"
Y9999,加權指數,2016/11/11,"-24,074.36"
Y9999,加權指數,2016/11/10,-331.33
Y9999,加權指數,2016/11/09,"-14,642.63"
Y9999,加權指數,2016/11/08,"2,034.33"
Y9999,加權指數,2016/11/07,"-3,465.48"
Y9999,加權指數,2016/11/04,"-4,679.61"
Y9999,加權指數,2016/11/03,"-4,158.18"
Y9999,加權指數,2016/11/02,"-5,030.42"
Y9999,加權指數,2016/11/01,"-2,319.47"
Y9999,加權指數,2016/10/31,"-2,504.3"
Y9999,加權指數,2016/10/28,-831.01
Y9999,加權指數,2016/10/27,"-7,702.96"
Y9999,加權指數,2016/10/26,"-2,325.38"
Y9999,加權指數,2016/10/25,"3,364.56"
Y9999,加權指數,2016/10/24,-624.43
Y9999,加權指數,2016/10/21,"-1,082.73"
Y9999,加權指數,2016/10/20,"2,583.15"
Y9999,加權指數,2016/10/19,"6,427.84"
Y9999,加權指數,2016/10/18,"3,245.45"
Y9999,加權指數,2016/10/17,-733.08
Y9999,加權指數,2016/10/14,"-2,486.59"
Y9999,加權指數,2016/10/13,"-6,565.24"
Y9999,加權指數,2016/10/12,"2,093.95"
Y9999,加權指數,2016/10/11,"2,346.99"
Y9999,加權指數,2016/10/07,"-1,074.16"
Y9999,加權指數,2016/10/06,"-1,060.22"
Y9999,加權指數,2016/10/05,"2,684.83"
Y9999,加權指數,2016/10/04,"4,219.25"
Y9999,加權指數,2016/10/03,"2,617.14"
Y9999,加權指數,2016/09/30,"-7,727.5"
Y9999,加權指數,2016/09/29,"12,969.67"
Y9999,加權指數,2016/09/26,"-2,784.24"
Y9999,加權指數,2016/09/23,"4,638.18"
Y9999,加權指數,2016/09/22,"1,974.28"
Y9999,加權指數,2016/09/21,"6,423.24"
Y9999,加權指數,2016/09/20,"1,198.87"
Y9999,加權指數,2016/09/19,"11,576.29"
Y9999,加權指數,2016/09/14,"-6,593.48"
Y9999,加權指數,2016/09/13,"-7,529.25"
Y9999,加權指數,2016/09/12,"-14,836.07"
Y9999,加權指數,2016/09/10,"-5,804.53"
Y9999,加權指數,2016/09/09,"-7,641.55"
Y9999,加權指數,2016/09/08,"1,632.18"
Y9999,加權指數,2016/09/07,"4,981.79"
Y9999,加權指數,2016/09/06,"9,393.84"
Y9999,加權指數,2016/09/05,"7,921.88"
Y9999,加權指數,2016/09/02,715.51
Y9999,加權指數,2016/09/01,"-8,622.45"
Y9999,加權指數,2016/08/31,"-1,714.98"
Y9999,加權指數,2016/08/30,"1,576.57"
Y9999,加權指數,2016/08/29,-221.32
Y9999,加權指數,2016/08/26,"3,688.96"
Y9999,加權指數,2016/08/25,"8,359"
Y9999,加權指數,2016/08/24,-30.97
Y9999,加權指數,2016/08/23,646.94
Y9999,加權指數,2016/08/22,"-2,367"
Y9999,加權指數,2016/08/19,"-3,565.72"
Y9999,加權指數,2016/08/18,"4,516.09"
Y9999,加權指數,2016/08/17,"3,813.12"
Y9999,加權指數,2016/08/16,686.11
Y9999,加權指數,2016/08/15,"2,297.52"
Y9999,加權指數,2016/08/12,"4,567.87"
Y9999,加權指數,2016/08/11,"2,384.2"
Y9999,加權指數,2016/08/10,"6,644.83"
Y9999,加權指數,2016/08/09,"5,715.52"
Y9999,加權指數,2016/08/08,"5,135.7"
Y9999,加權指數,2016/08/05,"11,235.11"
Y9999,加權指數,2016/08/04,"1,400"
Y9999,加權指數,2016/08/03,"-3,111.29"
Y9999,加權指數,2016/08/02,"3,205.8"
Y9999,加權指數,2016/08/01,"12,411.33"
Y9999,加權指數,2016/07/29,"-2,214.76"
Y9999,加權指數,2016/07/28,"9,137.03"
Y9999,加權指數,2016/07/27,"11,223.36"
Y9999,加權指數,2016/07/26,"11,856.96"
Y9999,加權指數,2016/07/25,"5,540.92"
Y9999,加權指數,2016/07/22,"5,386.11"
Y9999,加權指數,2016/07/21,"15,995.35"
Y9999,加權指數,2016/07/20,"13,063.24"
Y9999,加權指數,2016/07/19,"17,243.57"
Y9999,加權指數,2016/07/18,"13,039.55"
Y9999,加權指數,2016/07/15,"15,177.66"
Y9999,加權指數,2016/07/14,"7,039.76"
Y9999,加權指數,2016/07/13,"8,579.46"
Y9999,加權指數,2016/07/12,"12,356.94"
Y9999,加權指數,2016/07/11,"13,614.96"
Y9999,加權指數,2016/07/07,"2,144.96"
Y9999,加權指數,2016/07/06,"-14,653.67"
Y9999,加權指數,2016/07/05,-873.51
Y9999,加權指數,2016/07/04,"5,526.35"
Y9999,加權指數,2016/07/01,"10,771.73"
Y9999,加權指數,2016/06/30,"9,478.13"
Y9999,加權指數,2016/06/29,"5,885.16"
Y9999,加權指數,2016/06/28,"1,647.19"
Y9999,加權指數,2016/06/27,"-1,587.14"
Y9999,加權指數,2016/06/24,"-14,685.96"
Y9999,加權指數,2016/06/23,"1,895"
Y9999,加權指數,2016/06/22,"4,853.56"
Y9999,加權指數,2016/06/21,"7,062.24"
Y9999,加權指數,2016/06/20,"3,929.38"
Y9999,加權指數,2016/06/17,"5,771.39"
Y9999,加權指數,2016/06/16,"-8,594.9"
Y9999,加權指數,2016/06/15,"3,807.52"
Y9999,加權指數,2016/06/14,"2,996.6"
Y9999,加權指數,2016/06/13,"-5,789.71"
Y9999,加權指數,2016/06/08,"11,861.94"
Y9999,加權指數,2016/06/07,"13,973.02"
Y9999,加權指數,2016/06/06,"4,759.2"
Y9999,加權指數,2016/06/04,410.07
Y9999,加權指數,2016/06/03,"8,511.64"
Y9999,加權指數,2016/06/02,"6,350.3"
Y9999,加權指數,2016/06/01,"8,679.76"
Y9999,加權指數,2016/05/31,"2,929.21"
Y9999,加權指數,2016/05/30,"12,643.37"
Y9999,加權指數,2016/05/27,"3,341.01"
Y9999,加權指數,2016/05/26,534.46
Y9999,加權指數,2016/05/25,"2,757.44"
Y9999,加權指數,2016/05/24,-839.49
Y9999,加權指數,2016/05/23,"8,145.41"
Y9999,加權指數,2016/05/20,-246.56
Y9999,加權指數,2016/05/19,"-8,273.35"
Y9999,加權指數,2016/05/18,"-1,940.98"
Y9999,加權指數,2016/05/17,"-4,653.6"
Y9999,加權指數,2016/05/16,"-2,803.54"
Y9999,加權指數,2016/05/13,"-12,951.1"
Y9999,加權指數,2016/05/12,"-3,006.87"
Y9999,加權指數,2016/05/11,"-8,980.82"
Y9999,加權指數,2016/05/10,"-2,682.81"
Y9999,加權指數,2016/05/09,"-6,122.99"
Y9999,加權指數,2016/05/06,"-12,421"
Y9999,加權指數,2016/05/05,"-9,722.79"
Y9999,加權指數,2016/05/04,"-12,929.92"
Y9999,加權指數,2016/05/03,"-12,772.97"
Y9999,加權指數,2016/04/29,"-6,326.61"
Y9999,加權指數,2016/04/28,"-6,402.56"
Y9999,加權指數,2016/04/27,22.53
Y9999,加權指數,2016/04/26,"3,106.29"
Y9999,加權指數,2016/04/25,"3,958.48"
Y9999,加權指數,2016/04/22,"3,462.34"
Y9999,加權指數,2016/04/21,"6,820.66"
Y9999,加權指數,2016/04/20,"-1,135.37"
Y9999,加權指數,2016/04/19,-377.62
Y9999,加權指數,2016/04/18,916.61
Y9999,加權指數,2016/04/15,"7,662.45"
Y9999,加權指數,2016/04/14,"6,681.14"
Y9999,加權指數,2016/04/13,"14,817.37"
Y9999,加權指數,2016/04/12,"-1,216.52"
Y9999,加權指數,2016/04/11,-930.27
Y9999,加權指數,2016/04/08,-734.18
Y9999,加權指數,2016/04/07,"-6,135.76"
Y9999,加權指數,2016/04/06,"-7,327.43"
Y9999,加權指數,2016/04/01,"-4,552.69"
Y9999,加權指數,2016/03/31,"5,274.72"
Y9999,加權指數,2016/03/30,"13,520.43"
Y9999,加權指數,2016/03/29,"3,490.37"
Y9999,加權指數,2016/03/28,"2,746.19"
Y9999,加權指數,2016/03/25,"-3,534.05"
Y9999,加權指數,2016/03/24,"2,349.4"
Y9999,加權指數,2016/03/23,"3,431.9"
Y9999,加權指數,2016/03/22,"3,656"
Y9999,加權指數,2016/03/21,"4,276.69"
Y9999,加權指數,2016/03/18,"15,350.62"
Y9999,加權指數,2016/03/17,"13,476.11"
Y9999,加權指數,2016/03/16,"10,866.07"
Y9999,加權指數,2016/03/15,"4,103.79"
Y9999,加權指數,2016/03/14,"8,515.8"
Y9999,加權指數,2016/03/11,"11,135.46"
Y9999,加權指數,2016/03/10,"6,882.31"
Y9999,加權指數,2016/03/09,"2,777.48"
Y9999,加權指數,2016/03/08,"4,595.7"
Y9999,加權指數,2016/03/07,"4,763.68"
Y9999,加權指數,2016/03/04,"4,904.67"
Y9999,加權指數,2016/03/03,"12,464.07"
Y9999,加權指數,2016/03/02,"6,509.07"
Y9999,加權指數,2016/03/01,"2,723.26"
Y9999,加權指數,2016/02/26,"8,775.91"
Y9999,加權指數,2016/02/25,"6,720.78"
Y9999,加權指數,2016/02/24,-743.14
Y9999,加權指數,2016/02/23,"1,214.97"
Y9999,加權指數,2016/02/22,"2,399.08"
Y9999,加權指數,2016/02/19,"2,397.93"
Y9999,加權指數,2016/02/18,"10,458.53"
Y9999,加權指數,2016/02/17,"2,082.88"
Y9999,加權指數,2016/02/16,"8,396.23"
Y9999,加權指數,2016/02/15,"-3,323.17"
Y9999,加權指數,2016/02/03,"-1,791.67"
Y9999,加權指數,2016/02/02,"3,923.67"
Y9999,加權指數,2016/02/01,"6,776.36"
Y9999,加權指數,2016/01/30,"2,508.15"
Y9999,加權指數,2016/01/29,"11,175.72"
Y9999,加權指數,2016/01/28,"5,068.98"
Y9999,加權指數,2016/01/27,291.91
Y9999,加權指數,2016/01/26,"-4,306.39"
Y9999,加權指數,2016/01/25,"5,687.17"
Y9999,加權指數,2016/01/22,"1,588.81"
Y9999,加權指數,2016/01/21,"-2,514.71"
Y9999,加權指數,2016/01/20,"-7,298.94"
Y9999,加權指數,2016/01/19,"-4,985.19"
Y9999,加權指數,2016/01/18,"-2,303.91"
Y9999,加權指數,2016/01/15,"-6,772.93"
Y9999,加權指數,2016/01/14,"-3,281.93"
Y9999,加權指數,2016/01/13,"1,258.44"
Y9999,加權指數,2016/01/12,"-2,535.65"
Y9999,加權指數,2016/01/11,"-9,096.91"
Y9999,加權指數,2016/01/08,"-3,993.51"
Y9999,加權指數,2016/01/07,"-10,678.48"
Y9999,加權指數,2016/01/06,"-4,137.54"
Y9999,加權指數,2016/01/05,"-3,830.96"
Y9999,加權指數,2016/01/04,"-13,372.04"
Y9999,加權指數,2015/12/31,423.68
Y9999,加權指數,2015/12/30,"-3,458.26"
Y9999,加權指數,2015/12/29,-995.97
Y9999,加權指數,2015/12/28,"1,533.36"
Y9999,加權指數,2015/12/25,"1,937.68"
Y9999,加權指數,2015/12/24,"2,737.84"
Y9999,加權指數,2015/12/23,"3,966.41"
Y9999,加權指數,2015/12/22,"1,580.32"
Y9999,加權指數,2015/12/21,"-1,615.48"
Y9999,加權指數,2015/12/18,"1,084.68"
Y9999,加權指數,2015/12/17,"7,476.55"
Y9999,加權指數,2015/12/16,"4,104.02"
Y9999,加權指數,2015/12/15,"-5,390.64"
Y9999,加權指數,2015/12/14,"-5,180.25"
Y9999,加權指數,2015/12/11,"-8,386.98"
Y9999,加權指數,2015/12/10,"-11,674.94"
Y9999,加權指數,2015/12/09,"-8,642.28"
Y9999,加權指數,2015/12/08,"-10,971.62"
Y9999,加權指數,2015/12/07,"6,404.03"
Y9999,加權指數,2015/12/04,"-9,410.58"
Y9999,加權指數,2015/12/03,-4.22
Y9999,加權指數,2015/12/02,614.6
Y9999,加權指數,2015/12/01,"8,640.57"
Y9999,加權指數,2015/11/30,"-19,044.06"
Y9999,加權指數,2015/11/27,"-3,157.82"
Y9999,加權指數,2015/11/26,"9,687.59"
Y9999,加權指數,2015/11/25,"-1,632.28"
Y9999,加權指數,2015/11/24,"-1,041.51"
Y9999,加權指數,2015/11/23,"2,953.15"
Y9999,加權指數,2015/11/20,"1,125.63"
Y9999,加權指數,2015/11/19,"2,712.02"
Y9999,加權指數,2015/11/18,"-7,012.92"
Y9999,加權指數,2015/11/17,"1,355.31"
Y9999,加權指數,2015/11/16,"-9,133.63"
Y9999,加權指數,2015/11/13,"-10,942.31"
Y9999,加權指數,2015/11/12,"-6,251.99"
Y9999,加權指數,2015/11/11,"-12,040.19"
Y9999,加權指數,2015/11/10,"-11,652.09"
Y9999,加權指數,2015/11/09,"-2,799.07"
Y9999,加權指數,2015/11/06,"-14,156.71"
Y9999,加權指數,2015/11/05,"4,463.09"
Y9999,加權指數,2015/11/04,"21,749.65"
Y9999,加權指數,2015/11/03,"10,715.1"
Y9999,加權指數,2015/11/02,"3,926.38"
Y9999,加權指數,2015/10/30,-186.53
Y9999,加權指數,2015/10/29,"-5,309.79"
Y9999,加權指數,2015/10/28,"-1,129.16"
Y9999,加權指數,2015/10/27,-198.88
Y9999,加權指數,2015/10/26,"10,777.9"
Y9999,加權指數,2015/10/23,"10,362.02"
Y9999,加權指數,2015/10/22,"2,244.61"
Y9999,加權指數,2015/10/21,"4,083.71"
Y9999,加權指數,2015/10/20,"5,137.07"
Y9999,加權指數,2015/10/19,"5,867.46"
Y9999,加權指數,2015/10/16,"4,927.37"
Y9999,加權指數,2015/10/15,"10,660.07"
Y9999,加權指數,2015/10/14,"-1,830.72"
Y9999,加權指數,2015/10/13,"2,451.34"
Y9999,加權指數,2015/10/12,"9,135.52"
Y9999,加權指數,2015/10/08,"1,092.9"
Y9999,加權指數,2015/10/07,"5,526.68"
Y9999,加權指數,2015/10/06,"2,703.14"
Y9999,加權指數,2015/10/05,"-2,867.23"
Y9999,加權指數,2015/10/02,-816.15
Y9999,加權指數,2015/10/01,"3,359.95"
Y9999,加權指數,2015/09/30,-452.64
Y9999,加權指數,2015/09/25,"-3,540.55"
Y9999,加權指數,2015/09/24,"-7,104.32"
Y9999,加權指數,2015/09/23,"-15,227.93"
Y9999,加權指數,2015/09/22,710.36
Y9999,加權指數,2015/09/21,"-10,984.33"
Y9999,加權指數,2015/09/18,"3,302.82"
Y9999,加權指數,2015/09/17,"11,389.15"
Y9999,加權指數,2015/09/16,"4,071.12"
Y9999,加權指數,2015/09/15,"-1,571.21"
Y9999,加權指數,2015/09/14,"1,224.15"
Y9999,加權指數,2015/09/11,-609.25
Y9999,加權指數,2015/09/10,"1,975.2"
Y9999,加權指數,2015/09/09,"21,260.24"
Y9999,加權指數,2015/09/08,"-3,275.28"
Y9999,加權指數,2015/09/07,"-2,213.75"
Y9999,加權指數,2015/09/04,"-3,348.02"
Y9999,加權指數,2015/09/03,"3,539.61"
Y9999,加權指數,2015/09/02,-389.02
Y9999,加權指數,2015/09/01,"-5,380"
Y9999,加權指數,2015/08/31,92.56
Y9999,加權指數,2015/08/28,"4,213.92"
Y9999,加權指數,2015/08/27,"-6,127.18"
Y9999,加權指數,2015/08/26,"-8,657.99"
Y9999,加權指數,2015/08/25,"5,473.35"
Y9999,加權指數,2015/08/24,"-4,914.7"
Y9999,加權指數,2015/08/21,"-6,286.38"
Y9999,加權指數,2015/08/20,"-4,963.94"
Y9999,加權指數,2015/08/19,"-5,659.93"
Y9999,加權指數,2015/08/18,186.68
Y9999,加權指數,2015/08/17,"-1,673.02"
Y9999,加權指數,2015/08/14,"-1,897.58"
Y9999,加權指數,2015/08/13,-875.44
Y9999,加權指數,2015/08/12,"-7,554.88"
Y9999,加權指數,2015/08/11,"-2,436.98"
Y9999,加權指數,2015/08/10,-871.28
Y9999,加權指數,2015/08/07,-639.85
Y9999,加權指數,2015/08/06,"-1,782.32"
Y9999,加權指數,2015/08/05,844.66
Y9999,加權指數,2015/08/04,"3,353.23"
Y9999,加權指數,2015/08/03,"-4,017.55"
Y9999,加權指數,2015/07/31,"1,572.33"
Y9999,加權指數,2015/07/30,923.99
Y9999,加權指數,2015/07/29,"-1,437.44"
Y9999,加權指數,2015/07/28,"-3,725.99"
Y9999,加權指數,2015/07/27,"-2,091.75"
Y9999,加權指數,2015/07/24,"-1,760.95"
Y9999,加權指數,2015/07/23,"-5,266.78"
Y9999,加權指數,2015/07/22,"-2,985.54"
Y9999,加權指數,2015/07/21,"5,173.46"
Y9999,加權指數,2015/07/20,"3,236.69"
Y9999,加權指數,2015/07/17,"3,549.86"
Y9999,加權指數,2015/07/16,"1,168.09"
Y9999,加權指數,2015/07/15,"1,945.98"
Y9999,加權指數,2015/07/14,-241.51
Y9999,加權指數,2015/07/13,"-2,883.36"
Y9999,加權指數,2015/07/09,"-12,141.2"
Y9999,加權指數,2015/07/08,"-13,856.58"
Y9999,加權指數,2015/07/07,-243.99
Y9999,加權指數,2015/07/06,"-5,506.94"
Y9999,加權指數,2015/07/03,"-5,687.35"
Y9999,加權指數,2015/07/02,"-3,055.56"
Y9999,加權指數,2015/07/01,"1,388.06"
Y9999,加權指數,2015/06/30,"1,191.02"
Y9999,加權指數,2015/06/29,"-6,877.69"
Y9999,加權指數,2015/06/26,"2,475.71"
Y9999,加權指數,2015/06/25,"10,447.63"
Y9999,加權指數,2015/06/24,274.35
Y9999,加權指數,2015/06/23,-897.52
Y9999,加權指數,2015/06/22,"2,978.4"
Y9999,加權指數,2015/06/18,"-4,645.21"
Y9999,加權指數,2015/06/17,"-10,520.92"
Y9999,加權指數,2015/06/16,"-7,308.25"
Y9999,加權指數,2015/06/15,"-4,433.93"
Y9999,加權指數,2015/06/12,"-4,656.39"
Y9999,加權指數,2015/06/11,"-8,907.73"
Y9999,加權指數,2015/06/10,"-3,162.55"
Y9999,加權指數,2015/06/09,"-3,082.77"
Y9999,加權指數,2015/06/08,"-8,911.21"
Y9999,加權指數,2015/06/05,"-9,576.39"
Y9999,加權指數,2015/06/04,"-12,394.15"
Y9999,加權指數,2015/06/03,"-2,960.06"
Y9999,加權指數,2015/06/02,"-1,699.55"
Y9999,加權指數,2015/06/01,"-8,955.72"
Y9999,加權指數,2015/05/29,-167.84
Y9999,加權指數,2015/05/28,939.57
Y9999,加權指數,2015/05/27,"2,423.18"
Y9999,加權指數,2015/05/26,"4,239.79"
Y9999,加權指數,2015/05/25,"-2,763.23"
Y9999,加權指數,2015/05/22,"2,421.47"
Y9999,加權指數,2015/05/21,"-11,907.03"
Y9999,加權指數,2015/05/20,"-1,719.37"
Y9999,加權指數,2015/05/19,"9,760.9"
Y9999,加權指數,2015/05/18,"9,165.57"
Y9999,加權指數,2015/05/15,"1,089.41"
Y9999,加權指數,2015/05/14,"-5,132.74"
Y9999,加權指數,2015/05/13,"4,287.86"
Y9999,加權指數,2015/05/12,"3,583.48"
Y9999,加權指數,2015/05/11,"6,177.08"
Y9999,加權指數,2015/05/08,"2,672.96"
Y9999,加權指數,2015/05/07,"-1,400.73"
Y9999,加權指數,2015/05/06,"1,609.07"
Y9999,加權指數,2015/05/05,"3,846.28"
Y9999,加權指數,2015/05/04,"2,740.76"
Y9999,加權指數,2015/04/30,"1,634.53"
Y9999,加權指數,2015/04/29,"7,426.76"
Y9999,加權指數,2015/04/28,"10,468.53"
Y9999,加權指數,2015/04/27,"21,317.09"
Y9999,加權指數,2015/04/24,"46,173.07"
Y9999,加權指數,2015/04/23,"21,921.78"
Y9999,加權指數,2015/04/22,"6,135.18"
Y9999,加權指數,2015/04/21,"3,417.58"
Y9999,加權指數,2015/04/20,252.27
Y9999,加權指數,2015/04/17,"-3,987.93"
Y9999,加權指數,2015/04/16,"10,170.68"
Y9999,加權指數,2015/04/15,"-20,934.33"
Y9999,加權指數,2015/04/14,"-3,239.5"
Y9999,加權指數,2015/04/13,"2,690.73"
Y9999,加權指數,2015/04/10,"3,673.41"
Y9999,加權指數,2015/04/09,"-1,219.26"
Y9999,加權指數,2015/04/08,"-6,746.14"
Y9999,加權指數,2015/04/07,"2,168.96"
Y9999,加權指數,2015/04/02,"5,380.08"
Y9999,加權指數,2015/04/01,"-6,617.96"
Y9999,加權指數,2015/03/31,"-1,889.59"
Y9999,加權指數,2015/03/30,"-1,465.65"
Y9999,加權指數,2015/03/27,"-19,007.43"
Y9999,加權指數,2015/03/26,"-11,539.65"
Y9999,加權指數,2015/03/25,"-3,558.27"
Y9999,加權指數,2015/03/24,"-1,149.09"
Y9999,加權指數,2015/03/23,"1,633.65"
Y9999,加權指數,2015/03/20,"-1,060.71"
Y9999,加權指數,2015/03/19,"7,976.36"
Y9999,加權指數,2015/03/18,"10,110.11"
Y9999,加權指數,2015/03/17,-18.25
Y9999,加權指數,2015/03/16,"-8,019.64"
Y9999,加權指數,2015/03/13,"-4,997.54"
Y9999,加權指數,2015/03/12,"1,310.39"
Y9999,加權指數,2015/03/11,"-7,827.49"
Y9999,加權指數,2015/03/10,"-8,536.64"
Y9999,加權指數,2015/03/09,"-10,547.84"
Y9999,加權指數,2015/03/06,"3,860.63"
Y9999,加權指數,2015/03/05,-825.45
Y9999,加權指數,2015/03/04,"6,193.71"
Y9999,加權指數,2015/03/03,"3,975.37"
Y9999,加權指數,2015/03/02,990.44
Y9999,加權指數,2015/02/26,"8,108.75"
Y9999,加權指數,2015/02/25,"13,119.7"
Y9999,加權指數,2015/02/24,"11,158.7"
Y9999,加權指數,2015/02/13,"12,473.84"
Y9999,加權指數,2015/02/12,"8,218.82"
Y9999,加權指數,2015/02/11,"7,178.8"
Y9999,加權指數,2015/02/10,"4,268.8"
Y9999,加權指數,2015/02/09,"2,797.48"
Y9999,加權指數,2015/02/06,"1,030.02"
Y9999,加權指數,2015/02/05,"2,245.69"
Y9999,加權指數,2015/02/04,"8,731.95"
Y9999,加權指數,2015/02/03,"5,765.97"
Y9999,加權指數,2015/02/02,"4,124.41"
Y9999,加權指數,2015/01/30,"-2,924.4"
Y9999,加權指數,2015/01/29,-627.66
Y9999,加權指數,2015/01/28,"8,641.18"
Y9999,加權指數,2015/01/27,"11,354.36"
Y9999,加權指數,2015/01/26,"8,181.6"
Y9999,加權指數,2015/01/23,"19,997.27"
Y9999,加權指數,2015/01/22,"11,660.55"
Y9999,加權指數,2015/01/21,"16,941.09"
Y9999,加權指數,2015/01/20,"8,507.21"
Y9999,加權指數,2015/01/19,"8,885.16"
Y9999,加權指數,2015/01/16,"-8,446.55"
Y9999,加權指數,2015/01/15,"-3,614.62"
Y9999,加權指數,2015/01/14,"-6,682.03"
Y9999,加權指數,2015/01/13,"2,739.39"
Y9999,加權指數,2015/01/12,-409.73
Y9999,加權指數,2015/01/09,"-1,302.47"
Y9999,加權指數,2015/01/08,"8,427.72"
Y9999,加權指數,2015/01/07,"-3,824.85"
Y9999,加權指數,2015/01/06,"-17,766.21"
Y9999,加權指數,2015/01/05,"-3,382.46"
Y9999,加權指數,2014/12/31,"1,541.31"
Y9999,加權指數,2014/12/30,"2,291.94"
Y9999,加權指數,2014/12/29,"10,817.75"
Y9999,加權指數,2014/12/27,-267.58
Y9999,加權指數,2014/12/26,"2,796.55"
Y9999,加權指數,2014/12/25,"1,439.67"
Y9999,加權指數,2014/12/24,"3,113.99"
Y9999,加權指數,2014/12/23,"1,366.99"
Y9999,加權指數,2014/12/22,"4,167.4"
Y9999,加權指數,2014/12/19,"8,278.09"
Y9999,加權指數,2014/12/18,"-7,008.01"
Y9999,加權指數,2014/12/17,"-19,881.31"
Y9999,加權指數,2014/12/16,"-9,305.43"
Y9999,加權指數,2014/12/15,"-4,024.73"
Y9999,加權指數,2014/12/12,"-4,647.75"
Y9999,加權指數,2014/12/11,"-3,745.21"
Y9999,加權指數,2014/12/10,"-11,243.9"
Y9999,加權指數,2014/12/09,"-3,299.22"
Y9999,加權指數,2014/12/08,"-3,578.64"
Y9999,加權指數,2014/12/05,"-1,389.77"
Y9999,加權指數,2014/12/04,"6,540.64"
Y9999,加權指數,2014/12/03,-879.56
Y9999,加權指數,2014/12/02,"-7,867.95"
Y9999,加權指數,2014/12/01,"-5,268.7"
Y9999,加權指數,2014/11/28,"5,446.2"
Y9999,加權指數,2014/11/27,"6,926.55"
Y9999,加權指數,2014/11/26,"2,886.65"
Y9999,加權指數,2014/11/25,"2,880.6"
Y9999,加權指數,2014/11/24,"4,946.3"
Y9999,加權指數,2014/11/21,"3,039.58"
Y9999,加權指數,2014/11/20,"9,836.12"
Y9999,加權指數,2014/11/19,"13,055.57"
Y9999,加權指數,2014/11/18,"3,243.64"
Y9999,加權指數,2014/11/17,"-4,712.76"
Y9999,加權指數,2014/11/14,"2,716.14"
Y9999,加權指數,2014/11/13,"3,727.91"
Y9999,加權指數,2014/11/12,"-3,455.26"
Y9999,加權指數,2014/11/11,"4,944.08"
Y9999,加權指數,2014/11/10,"15,384.81"
Y9999,加權指數,2014/11/07,"2,120.3"
Y9999,加權指數,2014/11/06,"3,210.95"
Y9999,加權指數,2014/11/05,"2,608.18"
Y9999,加權指數,2014/11/04,"6,792.2"
Y9999,加權指數,2014/11/03,"7,249.09"
Y9999,加權指數,2014/10/31,"8,311.33"
Y9999,加權指數,2014/10/30,"6,634.82"
Y9999,加權指數,2014/10/29,"9,847.12"
Y9999,加權指數,2014/10/28,"12,266.17"
Y9999,加權指數,2014/10/27,"6,241.56"
Y9999,加權指數,2014/10/24,"-5,793.98"
Y9999,加權指數,2014/10/23,"1,545.94"
Y9999,加權指數,2014/10/22,"5,165.71"
Y9999,加權指數,2014/10/21,"-2,345.37"
Y9999,加權指數,2014/10/20,"2,517.42"
Y9999,加權指數,2014/10/17,"-6,707.11"
Y9999,加權指數,2014/10/16,"-4,717.73"
Y9999,加權指數,2014/10/15,"-3,158.39"
Y9999,加權指數,2014/10/14,"-2,333.19"
Y9999,加權指數,2014/10/13,"-8,190.95"
Y9999,加權指數,2014/10/09,79.57
Y9999,加權指數,2014/10/08,"-4,473.87"
Y9999,加權指數,2014/10/07,-188.52
Y9999,加權指數,2014/10/06,"-4,060.05"
Y9999,加權指數,2014/10/03,"4,145.03"
Y9999,加權指數,2014/10/02,"-5,944.69"
Y9999,加權指數,2014/10/01,"-7,013.19"
Y9999,加權指數,2014/09/30,"-3,747.33"
Y9999,加權指數,2014/09/29,"-11,797.71"
Y9999,加權指數,2014/09/26,"-2,164.62"
Y9999,加權指數,2014/09/25,"-4,953.94"
Y9999,加權指數,2014/09/24,"-4,556.52"
Y9999,加權指數,2014/09/23,"-5,944.4"
Y9999,加權指數,2014/09/22,"-13,986.44"
Y9999,加權指數,2014/09/19,"-2,535.49"
Y9999,加權指數,2014/09/18,-431.26
Y9999,加權指數,2014/09/17,"-2,403.23"
Y9999,加權指數,2014/09/16,"-6,912.78"
Y9999,加權指數,2014/09/15,-468.49
Y9999,加權指數,2014/09/12,"-3,672.21"
Y9999,加權指數,2014/09/11,"-1,313.66"
Y9999,加權指數,2014/09/10,"-9,620.16"
Y9999,加權指數,2014/09/09,"9,241"
Y9999,加權指數,2014/09/05,"1,732.57"
Y9999,加權指數,2014/09/04,314.09
Y9999,加權指數,2014/09/03,"7,085.29"
Y9999,加權指數,2014/09/02,-371.39
Y9999,加權指數,2014/09/01,"8,410.02"
Y9999,加權指數,2014/08/29,"4,532.72"
Y9999,加權指數,2014/08/28,"3,980.81"
Y9999,加權指數,2014/08/27,"11,430.67"
Y9999,加權指數,2014/08/26,"3,250.89"
Y9999,加權指數,2014/08/25,"4,728.43"
Y9999,加權指數,2014/08/22,"14,347.09"
Y9999,加權指數,2014/08/21,"1,755.8"
Y9999,加權指數,2014/08/20,"5,764.95"
Y9999,加權指數,2014/08/19,"5,998.81"
Y9999,加權指數,2014/08/18,836.13
Y9999,加權指數,2014/08/15,874.69
Y9999,加權指數,2014/08/14,-631.27
Y9999,加權指數,2014/08/13,"7,038.79"
Y9999,加權指數,2014/08/12,"-3,410.54"
Y9999,加權指數,2014/08/11,"-1,699.74"
Y9999,加權指數,2014/08/08,"-1,196.06"
Y9999,加權指數,2014/08/07,"-1,343.26"
Y9999,加權指數,2014/08/06,"5,302.24"
Y9999,加權指數,2014/08/05,"-16,992.03"
Y9999,加權指數,2014/08/04,"1,174.56"
Y9999,加權指數,2014/08/01,"2,344.13"
Y9999,加權指數,2014/07/31,"-10,156.25"
Y9999,加權指數,2014/07/30,"8,502.19"
Y9999,加權指數,2014/07/29,"8,105.7"
Y9999,加權指數,2014/07/28,"2,882.96"
Y9999,加權指數,2014/07/25,"-1,181.08"
Y9999,加權指數,2014/07/24,"1,650.29"
Y9999,加權指數,2014/07/22,"6,615.02"
Y9999,加權指數,2014/07/21,-50.12
Y9999,加權指數,2014/07/18,941.05
Y9999,加權指數,2014/07/17,"-2,465.13"
Y9999,加權指數,2014/07/16,"1,299.01"
Y9999,加權指數,2014/07/15,"2,846.05"
Y9999,加權指數,2014/07/14,"-2,490.76"
Y9999,加權指數,2014/07/11,"1,120.23"
Y9999,加權指數,2014/07/10,217.44
Y9999,加權指數,2014/07/09,"-1,933.65"
Y9999,加權指數,2014/07/08,"2,669.11"
Y9999,加權指數,2014/07/07,"4,160.74"
Y9999,加權指數,2014/07/04,"-5,439.58"
Y9999,加權指數,2014/07/03,-8.43
Y9999,加權指數,2014/07/02,"8,776.78"
Y9999,加權指數,2014/07/01,"5,182.09"
Y9999,加權指數,2014/06/30,"6,105.85"
Y9999,加權指數,2014/06/27,"2,970.06"
Y9999,加權指數,2014/06/26,"5,413.58"
Y9999,加權指數,2014/06/25,"3,268.67"
Y9999,加權指數,2014/06/24,"3,304.26"
Y9999,加權指數,2014/06/23,"4,749.16"
Y9999,加權指數,2014/06/20,-739.91
Y9999,加權指數,2014/06/19,"5,435.9"
Y9999,加權指數,2014/06/18,"16,959.09"
Y9999,加權指數,2014/06/17,"3,836.55"
Y9999,加權指數,2014/06/16,"4,976.29"
Y9999,加權指數,2014/06/13,"1,305.33"
Y9999,加權指數,2014/06/12,"1,976.64"
Y9999,加權指數,2014/06/11,"2,790.17"
Y9999,加權指數,2014/06/10,"9,550.53"
Y9999,加權指數,2014/06/09,"3,577.41"
Y9999,加權指數,2014/06/06,824.34
Y9999,加權指數,2014/06/05,343.12
Y9999,加權指數,2014/06/04,"-1,633.04"
Y9999,加權指數,2014/06/03,"2,912.71"
Y9999,加權指數,2014/05/30,-827.66
Y9999,加權指數,2014/05/29,"3,842.78"
Y9999,加權指數,2014/05/28,"6,008.75"
Y9999,加權指數,2014/05/27,300.3
Y9999,加權指數,2014/05/26,494.88
Y9999,加權指數,2014/05/23,"3,245.29"
Y9999,加權指數,2014/05/22,"4,914.71"
Y9999,加權指數,2014/05/21,"-1,111.91"
Y9999,加權指數,2014/05/20,"1,183.4"
Y9999,加權指數,2014/05/19,"4,481.75"
Y9999,加權指數,2014/05/16,"1,977.79"
Y9999,加權指數,2014/05/15,"1,592.73"
Y9999,加權指數,2014/05/14,"7,397.91"
Y9999,加權指數,2014/05/13,"3,434.06"
Y9999,加權指數,2014/05/12,"-6,245.29"
Y9999,加權指數,2014/05/09,"-5,555.08"
Y9999,加權指數,2014/05/08,"1,810.56"
Y9999,加權指數,2014/05/07,"-3,836.18"
Y9999,加權指數,2014/05/06,"-2,440.51"
Y9999,加權指數,2014/05/05,-189.46
Y9999,加權指數,2014/05/02,"9,312.53"
Y9999,加權指數,2014/04/30,"-2,970"
Y9999,加權指數,2014/04/29,"-1,375.85"
Y9999,加權指數,2014/04/28,"4,434.36"
Y9999,加權指數,2014/04/25,"7,187.25"
Y9999,加權指數,2014/04/24,"4,773.14"
Y9999,加權指數,2014/04/23,"4,090.43"
Y9999,加權指數,2014/04/22,"2,625.79"
Y9999,加權指數,2014/04/21,892.55
Y9999,加權指數,2014/04/18,"3,328.11"
Y9999,加權指數,2014/04/17,862.92
Y9999,加權指數,2014/04/16,"5,511.21"
Y9999,加權指數,2014/04/15,"5,137.72"
Y9999,加權指數,2014/04/14,"6,339.78"
Y9999,加權指數,2014/04/11,"1,615.92"
Y9999,加權指數,2014/04/10,"4,055.61"
Y9999,加權指數,2014/04/09,"6,101.95"
Y9999,加權指數,2014/04/08,"2,492.53"
Y9999,加權指數,2014/04/07,"4,612.11"
Y9999,加權指數,2014/04/03,"7,089.2"
Y9999,加權指數,2014/04/02,"8,664.19"
Y9999,加權指數,2014/04/01,"8,260.46"
Y9999,加權指數,2014/03/31,"9,903.02"
Y9999,加權指數,2014/03/28,"9,173.88"
Y9999,加權指數,2014/03/27,"8,193.88"
Y9999,加權指數,2014/03/26,"5,664.04"
Y9999,加權指數,2014/03/25,55.23
Y9999,加權指數,2014/03/24,"7,347.81"
Y9999,加權指數,2014/03/21,"1,422.95"
Y9999,加權指數,2014/03/20,"-4,256"
Y9999,加權指數,2014/03/19,"-1,139.49"
Y9999,加權指數,2014/03/18,"3,912.59"
Y9999,加權指數,2014/03/17,"2,823.2"
Y9999,加權指數,2014/03/14,"-1,831.07"
Y9999,加權指數,2014/03/13,"4,719.8"
Y9999,加權指數,2014/03/12,7.82
Y9999,加權指數,2014/03/11,-516.43
Y9999,加權指數,2014/03/10,"2,989.55"
Y9999,加權指數,2014/03/07,"11,374.78"
Y9999,加權指數,2014/03/06,"9,213.49"
Y9999,加權指數,2014/03/05,"1,171.02"
Y9999,加權指數,2014/03/04,"-2,171.64"
Y9999,加權指數,2014/03/03,-663.72
Y9999,加權指數,2014/02/27,"7,112.66"
Y9999,加權指數,2014/02/26,"7,095.75"
Y9999,加權指數,2014/02/25,"3,327.46"
Y9999,加權指數,2014/02/24,"1,846.05"
Y9999,加權指數,2014/02/21,"9,820.26"
Y9999,加權指數,2014/02/20,832.32
Y9999,加權指數,2014/02/19,"7,372"
Y9999,加權指數,2014/02/18,"5,631.46"
Y9999,加權指數,2014/02/17,"2,015.36"
Y9999,加權指數,2014/02/14,"8,854.68"
Y9999,加權指數,2014/02/13,"-1,326.23"
Y9999,加權指數,2014/02/12,"2,505.57"
Y9999,加權指數,2014/02/11,-178.72
Y9999,加權指數,2014/02/10,"-6,213.75"
Y9999,加權指數,2014/02/07,"-6,407.14"
Y9999,加權指數,2014/02/06,"-16,642.01"
Y9999,加權指數,2014/02/05,"-42,329.96"
Y9999,加權指數,2014/01/27,"-16,820.68"
Y9999,加權指數,2014/01/24,"1,534.9"
Y9999,加權指數,2014/01/23,276.5
Y9999,加權指數,2014/01/22,"2,353.47"
Y9999,加權指數,2014/01/21,75.01
Y9999,加權指數,2014/01/20,"3,573.12"
Y9999,加權指數,2014/01/17,"10,928.62"
Y9999,加權指數,2014/01/16,"4,362.96"
Y9999,加權指數,2014/01/15,"7,541.57"
Y9999,加權指數,2014/01/14,189.3
Y9999,加權指數,2014/01/13,"3,874.08"
Y9999,加權指數,2014/01/10,-326.86
Y9999,加權指數,2014/01/09,276
Y9999,加權指數,2014/01/08,"3,616.25"
Y9999,加權指數,2014/01/07,"1,071.1"
Y9999,加權指數,2014/01/06,-79.15
Y9999,加權指數,2014/01/03,"-2,478.6"
Y9999,加權指數,2014/01/02,"2,132.23"
Y9999,加權指數,2013/12/31,"5,374.99"
Y9999,加權指數,2013/12/30,"7,862.6"
Y9999,加權指數,2013/12/27,"5,556.43"
Y9999,加權指數,2013/12/26,681.86
Y9999,加權指數,2013/12/25,-146.75
Y9999,加權指數,2013/12/24,-86.86
Y9999,加權指數,2013/12/23,"1,465.36"
Y9999,加權指數,2013/12/20,"1,310.42"
Y9999,加權指數,2013/12/19,"2,096.05"
Y9999,加權指數,2013/12/18,"-1,245.11"
Y9999,加權指數,2013/12/17,"2,142.27"
Y9999,加權指數,2013/12/16,"-2,320.7"
Y9999,加權指數,2013/12/13,"-1,003.7"
Y9999,加權指數,2013/12/12,-980.33
Y9999,加權指數,2013/12/11,"4,833.98"
Y9999,加權指數,2013/12/10,"5,085.34"
Y9999,加權指數,2013/12/09,"8,352.71"
Y9999,加權指數,2013/12/06,-430.08
Y9999,加權指數,2013/12/05,"-1,968.42"
Y9999,加權指數,2013/12/04,"3,234.04"
Y9999,加權指數,2013/12/03,"1,617.98"
Y9999,加權指數,2013/12/02,"3,383.24"
Y9999,加權指數,2013/11/29,"7,037.31"
Y9999,加權指數,2013/11/28,"8,283.39"
Y9999,加權指數,2013/11/27,"1,595.46"
Y9999,加權指數,2013/11/26,344.33
Y9999,加權指數,2013/11/25,"1,795.16"
Y9999,加權指數,2013/11/22,"-4,586.55"
Y9999,加權指數,2013/11/21,"-8,960.54"
Y9999,加權指數,2013/11/20,"-7,503.23"
Y9999,加權指數,2013/11/19,-259.79
Y9999,加權指數,2013/11/18,"1,183.29"
Y9999,加權指數,2013/11/15,"-2,387.34"
Y9999,加權指數,2013/11/14,"-5,425.65"
Y9999,加權指數,2013/11/13,"-8,063.22"
Y9999,加權指數,2013/11/12,"2,035.66"
Y9999,加權指數,2013/11/11,"-4,816.65"
Y9999,加權指數,2013/11/08,"-1,522.38"
Y9999,加權指數,2013/11/07,"-2,740.26"
Y9999,加權指數,2013/11/06,"2,822.67"
Y9999,加權指數,2013/11/05,"-3,679.88"
Y9999,加權指數,2013/11/04,"4,440.33"
Y9999,加權指數,2013/11/01,173.41
Y9999,加權指數,2013/10/31,"3,904.02"
Y9999,加權指數,2013/10/30,"4,979.15"
Y9999,加權指數,2013/10/29,-188.4
Y9999,加權指數,2013/10/28,"4,435.23"
Y9999,加權指數,2013/10/25,"-3,049.8"
Y9999,加權指數,2013/10/24,"2,179.04"
Y9999,加權指數,2013/10/23,"2,697.74"
Y9999,加權指數,2013/10/22,"2,616.94"
Y9999,加權指數,2013/10/21,"1,497.13"
Y9999,加權指數,2013/10/18,"7,576.97"
Y9999,加權指數,2013/10/17,"2,942.46"
Y9999,加權指數,2013/10/16,"1,270.33"
Y9999,加權指數,2013/10/15,"7,180.97"
Y9999,加權指數,2013/10/14,"3,374.39"
Y9999,加權指數,2013/10/11,"3,488.4"
Y9999,加權指數,2013/10/09,"3,290.56"
Y9999,加權指數,2013/10/08,"3,084.21"
Y9999,加權指數,2013/10/07,329.5
Y9999,加權指數,2013/10/04,"5,129.29"
Y9999,加權指數,2013/10/03,"16,754.98"
Y9999,加權指數,2013/10/02,776.25
Y9999,加權指數,2013/10/01,"-1,224.08"
Y9999,加權指數,2013/09/30,"-3,743.14"
Y9999,加權指數,2013/09/27,"7,888.25"
Y9999,加權指數,2013/09/26,98.73
Y9999,加權指數,2013/09/25,"4,001.76"
Y9999,加權指數,2013/09/24,"5,427.1"
Y9999,加權指數,2013/09/23,"7,963.49"
Y9999,加權指數,2013/09/18,"2,922.16"
Y9999,加權指數,2013/09/17,"4,264.6"
Y9999,加權指數,2013/09/16,"12,810.38"
Y9999,加權指數,2013/09/14,"1,537.02"
Y9999,加權指數,2013/09/13,"3,443.06"
Y9999,加權指數,2013/09/12,"6,731.47"
Y9999,加權指數,2013/09/11,"8,573.49"
Y9999,加權指數,2013/09/10,"11,082.16"
Y9999,加權指數,2013/09/09,"10,312.35"
Y9999,加權指數,2013/09/06,"6,201.61"
Y9999,加權指數,2013/09/05,"9,379.11"
Y9999,加權指數,2013/09/04,"4,674.32"
Y9999,加權指數,2013/09/03,"6,654.61"
Y9999,加權指數,2013/09/02,"3,790.28"
Y9999,加權指數,2013/08/30,"5,569.88"
Y9999,加權指數,2013/08/29,"7,001.71"
Y9999,加權指數,2013/08/28,97.1
Y9999,加權指數,2013/08/27,-606.15
Y9999,加權指數,2013/08/26,328.45
Y9999,加權指數,2013/08/23,769.86
Y9999,加權指數,2013/08/22,"-9,772.86"
Y9999,加權指數,2013/08/20,"-1,844.22"
Y9999,加權指數,2013/08/19,"-3,990.75"
Y9999,加權指數,2013/08/16,-471.11
Y9999,加權指數,2013/08/15,"-6,534.32"
Y9999,加權指數,2013/08/14,"-4,016.03"
Y9999,加權指數,2013/08/13,"5,188.38"
Y9999,加權指數,2013/08/12,632.96
Y9999,加權指數,2013/08/09,"-7,558.4"
Y9999,加權指數,2013/08/08,"-10,889.12"
Y9999,加權指數,2013/08/07,"-6,673.08"
Y9999,加權指數,2013/08/06,"-8,313.87"
Y9999,加權指數,2013/08/05,914.68
Y9999,加權指數,2013/08/02,"2,182.42"
Y9999,加權指數,2013/08/01,"-2,427.51"
Y9999,加權指數,2013/07/31,"1,440.01"
Y9999,加權指數,2013/07/30,"7,914.83"
Y9999,加權指數,2013/07/29,"1,371.91"
Y9999,加權指數,2013/07/26,"3,405.05"
Y9999,加權指數,2013/07/25,"4,029.14"
Y9999,加權指數,2013/07/24,"3,546.76"
Y9999,加權指數,2013/07/23,"10,712.95"
Y9999,加權指數,2013/07/22,"1,962.45"
Y9999,加權指數,2013/07/19,"-2,115.25"
Y9999,加權指數,2013/07/18,"6,614.38"
Y9999,加權指數,2013/07/17,"7,415.58"
Y9999,加權指數,2013/07/16,"6,493.2"
Y9999,加權指數,2013/07/15,"9,468.89"
Y9999,加權指數,2013/07/12,"11,043.32"
Y9999,加權指數,2013/07/11,"18,429.4"
Y9999,加權指數,2013/07/10,"5,759.42"
Y9999,加權指數,2013/07/09,"4,866.24"
Y9999,加權指數,2013/07/08,"-6,176.42"
Y9999,加權指數,2013/07/05,"4,638.68"
Y9999,加權指數,2013/07/04,"-4,248.4"
Y9999,加權指數,2013/07/03,"-4,714.4"
Y9999,加權指數,2013/07/02,"-6,699.42"
Y9999,加權指數,2013/07/01,"-4,315.96"
Y9999,加權指數,2013/06/28,"6,341.64"
Y9999,加權指數,2013/06/27,"1,471.9"
Y9999,加權指數,2013/06/26,"-1,879.66"
Y9999,加權指數,2013/06/25,"-9,275.97"
Y9999,加權指數,2013/06/24,"-16,036.44"
Y9999,加權指數,2013/06/21,"-15,838.55"
Y9999,加權指數,2013/06/20,"-8,327.99"
Y9999,加權指數,2013/06/19,"-5,158.22"
Y9999,加權指數,2013/06/18,"-4,563.72"
Y9999,加權指數,2013/06/17,"-5,719.38"
Y9999,加權指數,2013/06/14,"-4,666.75"
Y9999,加權指數,2013/06/13,"-15,748.75"
Y9999,加權指數,2013/06/11,"-4,195.87"
Y9999,加權指數,2013/06/10,623.71
Y9999,加權指數,2013/06/07,"-5,042.58"
Y9999,加權指數,2013/06/06,"-9,833.64"
Y9999,加權指數,2013/06/05,"-4,225.04"
Y9999,加權指數,2013/06/04,"-2,047"
Y9999,加權指數,2013/06/03,"-6,698.85"
Y9999,加權指數,2013/05/31,"-6,121.12"
Y9999,加權指數,2013/05/30,"-11,577.49"
Y9999,加權指數,2013/05/29,"2,528.46"
Y9999,加權指數,2013/05/28,"-4,069.21"
Y9999,加權指數,2013/05/27,169.03
Y9999,加權指數,2013/05/24,"-4,071.93"
Y9999,加權指數,2013/05/23,"-8,163.65"
Y9999,加權指數,2013/05/22,"3,976.58"
Y9999,加權指數,2013/05/21,"1,789.8"
Y9999,加權指數,2013/05/20,"3,340.47"
Y9999,加權指數,2013/05/17,"2,695.75"
Y9999,加權指數,2013/05/16,"7,665.45"
Y9999,加權指數,2013/05/15,"4,895.2"
Y9999,加權指數,2013/05/14,"6,944.61"
Y9999,加權指數,2013/05/13,"3,232.26"
Y9999,加權指數,2013/05/10,"5,708.62"
Y9999,加權指數,2013/05/09,"7,402.93"
Y9999,加權指數,2013/05/08,"15,179.55"
Y9999,加權指數,2013/05/07,"6,895.38"
Y9999,加權指數,2013/05/06,"3,182.48"
Y9999,加權指數,2013/05/03,"4,398.36"
Y9999,加權指數,2013/05/02,"7,534.8"
Y9999,加權指數,2013/04/30,"10,080.48"
Y9999,加權指數,2013/04/29,"10,616.58"
Y9999,加權指數,2013/04/26,"4,899.18"
Y9999,加權指數,2013/04/25,"4,962.14"
Y9999,加權指數,2013/04/24,"4,921.03"
Y9999,加權指數,2013/04/23,"-2,615.35"
Y9999,加權指數,2013/04/22,"3,818.37"
Y9999,加權指數,2013/04/19,"6,999.33"
Y9999,加權指數,2013/04/18,-747.31
Y9999,加權指數,2013/04/17,"-3,063.44"
Y9999,加權指數,2013/04/16,"-1,514.65"
Y9999,加權指數,2013/04/15,"-4,200.98"
Y9999,加權指數,2013/04/12,"-1,386.09"
Y9999,加權指數,2013/04/11,"1,296.8"
Y9999,加權指數,2013/04/10,"-4,609.45"
Y9999,加權指數,2013/04/09,"-6,247.66"
Y9999,加權指數,2013/04/08,"-4,949.98"
Y9999,加權指數,2013/04/03,"3,700.47"
Y9999,加權指數,2013/04/02,"3,395.6"
Y9999,加權指數,2013/04/01,"2,914.82"
Y9999,加權指數,2013/03/29,"3,436.4"
Y9999,加權指數,2013/03/28,-616.84
Y9999,加權指數,2013/03/27,"1,519.78"
Y9999,加權指數,2013/03/26,-842.48
Y9999,加權指數,2013/03/25,"1,448.14"
Y9999,加權指數,2013/03/22,"-2,336.78"
Y9999,加權指數,2013/03/21,"-4,494.3"
Y9999,加權指數,2013/03/20,"-13,544.14"
Y9999,加權指數,2013/03/19,"-6,617.28"
Y9999,加權指數,2013/03/18,"-7,906.04"
Y9999,加權指數,2013/03/15,"-4,636.55"
Y9999,加權指數,2013/03/14,"-4,384.73"
Y9999,加權指數,2013/03/13,-292.9
Y9999,加權指數,2013/03/12,-466.51
Y9999,加權指數,2013/03/11,381.64
Y9999,加權指數,2013/03/08,"4,146.19"
Y9999,加權指數,2013/03/07,"1,119.5"
Y9999,加權指數,2013/03/06,"2,156.01"
Y9999,加權指數,2013/03/05,"3,378.07"
Y9999,加權指數,2013/03/04,"-6,697.15"
Y9999,加權指數,2013/03/01,"5,457.25"
Y9999,加權指數,2013/02/27,380.87
Y9999,加權指數,2013/02/26,"-3,488.02"
Y9999,加權指數,2013/02/25,"-3,027.37"
Y9999,加權指數,2013/02/23,689.83
Y9999,加權指數,2013/02/22,"-1,443.83"
Y9999,加權指數,2013/02/21,"-1,263.83"
Y9999,加權指數,2013/02/20,"5,954.01"
Y9999,加權指數,2013/02/19,"1,869.79"
Y9999,加權指數,2013/02/18,"3,255.3"
Y9999,加權指數,2013/02/06,"7,287.74"
Y9999,加權指數,2013/02/05,"4,362.57"
Y9999,加權指數,2013/02/04,"7,368.79"
Y9999,加權指數,2013/02/01,"5,960.09"
Y9999,加權指數,2013/01/31,"5,372.89"
Y9999,加權指數,2013/01/30,"7,548.3"
Y9999,加權指數,2013/01/29,"7,411.93"
Y9999,加權指數,2013/01/28,"3,618.36"
Y9999,加權指數,2013/01/25,"-2,351.73"
Y9999,加權指數,2013/01/24,"-8,640.74"
Y9999,加權指數,2013/01/23,"2,068.71"
Y9999,加權指數,2013/01/22,"2,620.63"
Y9999,加權指數,2013/01/21,-225
Y9999,加權指數,2013/01/18,"3,464.82"
Y9999,加權指數,2013/01/17,"3,317.55"
Y9999,加權指數,2013/01/16,"-4,166.44"
Y9999,加權指數,2013/01/15,"-4,019.41"
Y9999,加權指數,2013/01/14,"-1,583.27"
Y9999,加權指數,2013/01/11,"2,648.66"
Y9999,加權指數,2013/01/10,"8,648.61"
Y9999,加權指數,2013/01/09,-301.32
Y9999,加權指數,2013/01/08,"-6,770.32"
Y9999,加權指數,2013/01/07,"-5,742.44"
Y9999,加權指數,2013/01/04,"-5,889.83"
Y9999,加權指數,2013/01/03,"1,171.03"
Y9999,加權指數,2013/01/02,"5,999.11"
Y9999,加權指數,2012/12/28,"3,551.47"
Y9999,加權指數,2012/12/27,526.22
Y9999,加權指數,2012/12/26,"3,122.04"
Y9999,加權指數,2012/12/25,"4,900.99"
Y9999,加權指數,2012/12/24,-140.52
Y9999,加權指數,2012/12/22,-487.19
Y9999,加權指數,2012/12/21,"-6,601.11"
Y9999,加權指數,2012/12/20,"-2,641.17"
Y9999,加權指數,2012/12/19,"5,351.24"
Y9999,加權指數,2012/12/18,65.78
Y9999,加權指數,2012/12/17,"-9,885.31"
Y9999,加權指數,2012/12/14,-524.16
Y9999,加權指數,2012/12/13,"3,877.34"
Y9999,加權指數,2012/12/12,"9,451.68"
Y9999,加權指數,2012/12/11,"8,691.03"
Y9999,加權指數,2012/12/10,654.86
Y9999,加權指數,2012/12/07,"2,359.82"
Y9999,加權指數,2012/12/06,"7,145.38"
Y9999,加權指數,2012/12/05,"6,287.69"
Y9999,加權指數,2012/12/04,"1,897.95"
Y9999,加權指數,2012/12/03,"8,244.82"
Y9999,加權指數,2012/11/30,"14,494.66"
Y9999,加權指數,2012/11/29,"10,440.28"
Y9999,加權指數,2012/11/28,-5.32
Y9999,加權指數,2012/11/27,"5,147.01"
Y9999,加權指數,2012/11/26,"10,498.38"
Y9999,加權指數,2012/11/23,"12,431.37"
Y9999,加權指數,2012/11/22,"1,582"
Y9999,加權指數,2012/11/21,"-4,729.05"
Y9999,加權指數,2012/11/20,"1,385.02"
Y9999,加權指數,2012/11/19,970.04
Y9999,加權指數,2012/11/16,"-2,764.69"
Y9999,加權指數,2012/11/15,"-1,556.78"
Y9999,加權指數,2012/11/14,"-1,670.23"
Y9999,加權指數,2012/11/13,"-8,932.12"
Y9999,加權指數,2012/11/12,"2,586.31"
Y9999,加權指數,2012/11/09,158.97
Y9999,加權指數,2012/11/08,"-1,149.36"
Y9999,加權指數,2012/11/07,"4,411.12"
Y9999,加權指數,2012/11/06,"1,935.3"
Y9999,加權指數,2012/11/05,"1,780.4"
Y9999,加權指數,2012/11/02,"1,107.4"
Y9999,加權指數,2012/11/01,"-4,888.13"
Y9999,加權指數,2012/10/31,"1,822.54"
Y9999,加權指數,2012/10/30,"-1,023.5"
Y9999,加權指數,2012/10/29,"3,472.86"
Y9999,加權指數,2012/10/26,"-1,204.49"
Y9999,加權指數,2012/10/25,"-2,552.81"
Y9999,加權指數,2012/10/24,"-3,494.62"
Y9999,加權指數,2012/10/23,"-2,088.56"
Y9999,加權指數,2012/10/22,"-4,097.85"
Y9999,加權指數,2012/10/19,"-4,566.68"
Y9999,加權指數,2012/10/18,-535.3
Y9999,加權指數,2012/10/17,"-3,411.12"
Y9999,加權指數,2012/10/16,"-2,614.94"
Y9999,加權指數,2012/10/15,"-3,383.29"
Y9999,加權指數,2012/10/12,"-6,284.5"
Y9999,加權指數,2012/10/11,"-9,016.82"
Y9999,加權指數,2012/10/09,"5,019.06"
Y9999,加權指數,2012/10/08,"1,768.89"
Y9999,加權指數,2012/10/05,-373.48
Y9999,加權指數,2012/10/04,"1,085.34"
Y9999,加權指數,2012/10/03,"2,453.9"
Y9999,加權指數,2012/10/02,"3,560.64"
Y9999,加權指數,2012/10/01,551.22
Y9999,加權指數,2012/09/28,"6,119.45"
Y9999,加權指數,2012/09/27,"2,756.08"
Y9999,加權指數,2012/09/26,"-3,063.72"
Y9999,加權指數,2012/09/25,"4,002"
Y9999,加權指數,2012/09/24,"3,779.34"
Y9999,加權指數,2012/09/21,"8,237.37"
Y9999,加權指數,2012/09/20,"1,992.91"
Y9999,加權指數,2012/09/19,"6,536.95"
Y9999,加權指數,2012/09/18,"2,481.07"
Y9999,加權指數,2012/09/17,"2,593.95"
Y9999,加權指數,2012/09/14,"14,710.88"
Y9999,加權指數,2012/09/13,"5,007.19"
Y9999,加權指數,2012/09/12,"2,494.1"
Y9999,加權指數,2012/09/11,527.18
Y9999,加權指數,2012/09/10,"3,254.07"
Y9999,加權指數,2012/09/07,"8,496.78"
Y9999,加權指數,2012/09/06,"-3,741.61"
Y9999,加權指數,2012/09/05,"-8,901.94"
Y9999,加權指數,2012/09/04,"-1,343.1"
Y9999,加權指數,2012/09/03,-475.61
Y9999,加權指數,2012/08/31,"2,926.75"
Y9999,加權指數,2012/08/30,"-2,231.15"
Y9999,加權指數,2012/08/29,940.94
Y9999,加權指數,2012/08/28,"-2,014.45"
Y9999,加權指數,2012/08/27,145.94
Y9999,加權指數,2012/08/24,"-1,575.09"
Y9999,加權指數,2012/08/23,"4,280.11"
Y9999,加權指數,2012/08/22,27.35
Y9999,加權指數,2012/08/21,"11,219.12"
Y9999,加權指數,2012/08/20,"1,816.62"
Y9999,加權指數,2012/08/17,"1,232.64"
Y9999,加權指數,2012/08/16,"6,634.9"
Y9999,加權指數,2012/08/15,"4,215.44"
Y9999,加權指數,2012/08/14,"7,634.59"
Y9999,加權指數,2012/08/13,"3,800.8"
Y9999,加權指數,2012/08/10,"5,007.55"
Y9999,加權指數,2012/08/09,"19,528.07"
Y9999,加權指數,2012/08/08,"4,980.08"
Y9999,加權指數,2012/08/07,"7,528.39"
Y9999,加權指數,2012/08/06,"12,149.01"
Y9999,加權指數,2012/08/03,647.84
Y9999,加權指數,2012/08/01,-794.31
Y9999,加權指數,2012/07/31,"9,942.07"
Y9999,加權指數,2012/07/30,"3,794.72"
Y9999,加權指數,2012/07/27,"7,032.24"
Y9999,加權指數,2012/07/26,"-3,657.85"
Y9999,加權指數,2012/07/25,"-12,207.9"
Y9999,加權指數,2012/07/24,"-4,183.5"
Y9999,加權指數,2012/07/23,"-9,451.67"
Y9999,加權指數,2012/07/20,"1,894.62"
Y9999,加權指數,2012/07/19,"3,664.94"
Y9999,加權指數,2012/07/18,"-7,421.34"
Y9999,加權指數,2012/07/17,"-1,673.95"
Y9999,加權指數,2012/07/16,"-3,091.87"
Y9999,加權指數,2012/07/13,"-4,929.13"
Y9999,加權指數,2012/07/12,"-13,190.49"
Y9999,加權指數,2012/07/11,"-4,367.36"
Y9999,加權指數,2012/07/10,"-4,449.55"
Y9999,加權指數,2012/07/09,"-5,667.76"
Y9999,加權指數,2012/07/06,-72.84
Y9999,加權指數,2012/07/05,"-1,853.34"
Y9999,加權指數,2012/07/04,"2,617.02"
Y9999,加權指數,2012/07/03,"5,686.38"
Y9999,加權指數,2012/07/02,"-4,377.36"
Y9999,加權指數,2012/06/29,"6,973.27"
Y9999,加權指數,2012/06/28,"-2,501.74"
Y9999,加權指數,2012/06/27,55.1
Y9999,加權指數,2012/06/26,"-4,053.17"
Y9999,加權指數,2012/06/25,"-7,819.6"
Y9999,加權指數,2012/06/22,"-8,169.34"
Y9999,加權指數,2012/06/21,"-3,325.14"
Y9999,加權指數,2012/06/20,"8,196.48"
Y9999,加權指數,2012/06/19,"3,767.1"
Y9999,加權指數,2012/06/18,"6,692.36"
Y9999,加權指數,2012/06/15,"1,050.12"
Y9999,加權指數,2012/06/14,"-2,838.19"
Y9999,加權指數,2012/06/13,"-2,327.5"
Y9999,加權指數,2012/06/12,"-3,167.38"
Y9999,加權指數,2012/06/11,956.17
Y9999,加權指數,2012/06/08,"-7,101.11"
Y9999,加權指數,2012/06/07,"1,470.45"
Y9999,加權指數,2012/06/06,-604.12
Y9999,加權指數,2012/06/05,"-2,385.29"
Y9999,加權指數,2012/06/04,"-2,629.83"
Y9999,加權指數,2012/06/01,"-7,587.17"
Y9999,加權指數,2012/05/31,"-5,370.08"
Y9999,加權指數,2012/05/30,"-6,373.31"
Y9999,加權指數,2012/05/29,-259.53
Y9999,加權指數,2012/05/28,"-1,269.4"
Y9999,加權指數,2012/05/25,"-3,552.68"
Y9999,加權指數,2012/05/24,"-1,207.1"
Y9999,加權指數,2012/05/23,"-7,878.83"
Y9999,加權指數,2012/05/22,"-2,851.3"
Y9999,加權指數,2012/05/21,"-2,267.59"
Y9999,加權指數,2012/05/18,"-12,742.32"
Y9999,加權指數,2012/05/17,695.85
Y9999,加權指數,2012/05/16,"-11,426.11"
Y9999,加權指數,2012/05/15,"-6,348.58"
Y9999,加權指數,2012/05/14,"-2,174.31"
Y9999,加權指數,2012/05/11,"-8,845.88"
Y9999,加權指數,2012/05/10,"-1,975.93"
Y9999,加權指數,2012/05/09,"-9,707.8"
Y9999,加權指數,2012/05/08,"-4,682.5"
Y9999,加權指數,2012/05/07,"-15,618.99"
Y9999,加權指數,2012/05/04,"1,161.16"
Y9999,加權指數,2012/05/03,241.52
Y9999,加權指數,2012/05/02,"-5,993.27"
Y9999,加權指數,2012/04/30,"3,948.82"
Y9999,加權指數,2012/04/27,"3,620.69"
Y9999,加權指數,2012/04/26,"-1,893.13"
Y9999,加權指數,2012/04/25,"1,927.66"
Y9999,加權指數,2012/04/24,-26.25
Y9999,加權指數,2012/04/23,"1,789.87"
Y9999,加權指數,2012/04/20,"-1,581.11"
Y9999,加權指數,2012/04/19,"3,289.57"
Y9999,加權指數,2012/04/18,"-1,365.96"
Y9999,加權指數,2012/04/17,"-4,899.47"
Y9999,加權指數,2012/04/16,"-2,962.94"
Y9999,加權指數,2012/04/13,"2,863.41"
Y9999,加權指數,2012/04/12,"-7,377.07"
Y9999,加權指數,2012/04/11,"-5,277.11"
Y9999,加權指數,2012/04/10,"-3,289.72"
Y9999,加權指數,2012/04/09,"-7,090.03"
Y9999,加權指數,2012/04/06,"-11,969.36"
Y9999,加權指數,2012/04/05,"-2,097.24"
Y9999,加權指數,2012/04/03,"5,825.07"
Y9999,加權指數,2012/04/02,"-2,269.85"
Y9999,加權指數,2012/03/30,"-1,886.14"
Y9999,加權指數,2012/03/29,"2,395.95"
Y9999,加權指數,2012/03/28,"3,084.96"
Y9999,加權指數,2012/03/27,"7,145.8"
Y9999,加權指數,2012/03/26,"-13,661.35"
Y9999,加權指數,2012/03/23,"3,481.29"
Y9999,加權指數,2012/03/22,"6,486.65"
Y9999,加權指數,2012/03/21,"1,087.54"
Y9999,加權指數,2012/03/20,"-1,404"
Y9999,加權指數,2012/03/19,-936.77
Y9999,加權指數,2012/03/16,-348.43
Y9999,加權指數,2012/03/15,"2,833.08"
Y9999,加權指數,2012/03/14,"14,878.37"
Y9999,加權指數,2012/03/13,"11,579.35"
Y9999,加權指數,2012/03/12,-33.82
Y9999,加權指數,2012/03/09,"2,409.91"
Y9999,加權指數,2012/03/08,"1,196.13"
Y9999,加權指數,2012/03/07,"-2,922.12"
Y9999,加權指數,2012/03/06,"-1,424.88"
Y9999,加權指數,2012/03/05,"-4,287.43"
Y9999,加權指數,2012/03/03,"-1,809.11"
Y9999,加權指數,2012/03/02,"1,774.21"
Y9999,加權指數,2012/03/01,"3,787.49"
Y9999,加權指數,2012/02/29,"18,504.96"
Y9999,加權指數,2012/02/24,"1,284.02"
Y9999,加權指數,2012/02/23,"-5,420.14"
Y9999,加權指數,2012/02/22,"5,327.32"
Y9999,加權指數,2012/02/21,-916.95
Y9999,加權指數,2012/02/20,"1,059.22"
Y9999,加權指數,2012/02/17,"7,277.35"
Y9999,加權指數,2012/02/16,"-1,434.69"
Y9999,加權指數,2012/02/15,"9,177.9"
Y9999,加權指數,2012/02/14,"2,247.51"
Y9999,加權指數,2012/02/13,"-5,322.94"
Y9999,加權指數,2012/02/10,"-3,223.38"
Y9999,加權指數,2012/02/09,"4,354.48"
Y9999,加權指數,2012/02/08,"10,386.37"
Y9999,加權指數,2012/02/07,"6,121.33"
Y9999,加權指數,2012/02/06,"3,510.94"
Y9999,加權指數,2012/02/04,"-1,590.01"
Y9999,加權指數,2012/02/03,685.28
Y9999,加權指數,2012/02/02,"6,903.47"
Y9999,加權指數,2012/02/01,-252.62
Y9999,加權指數,2012/01/31,"3,509.12"
Y9999,加權指數,2012/01/30,"18,993.91"
Y9999,加權指數,2012/01/18,"3,304.04"
Y9999,加權指數,2012/01/17,"4,263.23"
Y9999,加權指數,2012/01/16,"-5,653.4"
Y9999,加權指數,2012/01/13,"9,120.02"
Y9999,加權指數,2012/01/12,"4,727.44"
Y9999,加權指數,2012/01/11,"2,202.31"
Y9999,加權指數,2012/01/10,"10,199.89"
Y9999,加權指數,2012/01/09,511.27
Y9999,加權指數,2012/01/06,"-3,005.09"
Y9999,加權指數,2012/01/05,-106.45
Y9999,加權指數,2012/01/04,"-1,162.16"
Y9999,加權指數,2012/01/03,"5,471.76"
Y9999,加權指數,2012/01/02,"-1,309.78"
Y9999,加權指數,2011/12/30,"4,932.08"
Y9999,加權指數,2011/12/29,"4,869.81"
Y9999,加權指數,2011/12/28,"2,784.65"
Y9999,加權指數,2011/12/27,"3,410.1"
Y9999,加權指數,2011/12/26,701.1
Y9999,加權指數,2011/12/23,"4,263.52"
Y9999,加權指數,2011/12/22,-348.74
Y9999,加權指數,2011/12/21,"2,041.03"
Y9999,加權指數,2011/12/20,"-2,204.96"
Y9999,加權指數,2011/12/19,"-1,998.54"
Y9999,加權指數,2011/12/16,-274.71
Y9999,加權指數,2011/12/15,"-6,184.3"
Y9999,加權指數,2011/12/14,-412.45
Y9999,加權指數,2011/12/13,"-1,687.33"
Y9999,加權指數,2011/12/12,"2,653.52"
Y9999,加權指數,2011/12/09,"-4,335.57"
Y9999,加權指數,2011/12/08,"-1,623.77"
Y9999,加權指數,2011/12/07,"6,623.84"
Y9999,加權指數,2011/12/06,770.72
Y9999,加權指數,2011/12/05,"3,147.03"
Y9999,加權指數,2011/12/02,"6,096.33"
Y9999,加權指數,2011/12/01,"15,327.68"
Y9999,加權指數,2011/11/30,"3,677.48"
Y9999,加權指數,2011/11/29,"2,682.8"
Y9999,加權指數,2011/11/28,"1,079.15"
Y9999,加權指數,2011/11/25,"-8,730.66"
Y9999,加權指數,2011/11/24,"-2,718.05"
Y9999,加權指數,2011/11/23,"-9,939.68"
Y9999,加權指數,2011/11/22,"-4,773.61"
Y9999,加權指數,2011/11/21,"-9,651.44"
Y9999,加權指數,2011/11/18,"-11,121.15"
Y9999,加權指數,2011/11/17,"-3,714.96"
Y9999,加權指數,2011/11/16,"-2,414.46"
Y9999,加權指數,2011/11/15,"2,974.3"
Y9999,加權指數,2011/11/14,"5,572.53"
Y9999,加權指數,2011/11/11,"-5,067.04"
Y9999,加權指數,2011/11/10,"-11,858"
Y9999,加權指數,2011/11/09,"-1,514"
Y9999,加權指數,2011/11/08,"-1,648.64"
Y9999,加權指數,2011/11/07,"2,313.16"
Y9999,加權指數,2011/11/04,"4,846.16"
Y9999,加權指數,2011/11/03,"-7,667.33"
Y9999,加權指數,2011/11/02,"-5,221.59"
Y9999,加權指數,2011/11/01,"3,920.32"
Y9999,加權指數,2011/10/31,246.38
Y9999,加權指數,2011/10/28,"23,235.71"
Y9999,加權指數,2011/10/27,"2,067.9"
Y9999,加權指數,2011/10/26,453.14
Y9999,加權指數,2011/10/25,"6,078.22"
Y9999,加權指數,2011/10/24,"13,560.12"
Y9999,加權指數,2011/10/21,"-2,018.08"
Y9999,加權指數,2011/10/20,"-9,626.25"
Y9999,加權指數,2011/10/19,"-2,224.7"
Y9999,加權指數,2011/10/18,"-2,565.25"
Y9999,加權指數,2011/10/17,"7,802.66"
Y9999,加權指數,2011/10/14,"2,431.4"
Y9999,加權指數,2011/10/13,"7,847.93"
Y9999,加權指數,2011/10/12,"3,409.77"
Y9999,加權指數,2011/10/11,"7,676.28"
Y9999,加權指數,2011/10/07,"2,698.34"
Y9999,加權指數,2011/10/06,"7,926.21"
Y9999,加權指數,2011/10/05,"-3,020.97"
Y9999,加權指數,2011/10/04,"-2,971.83"
Y9999,加權指數,2011/10/03,"-12,631.17"
Y9999,加權指數,2011/09/30,"-2,148.52"
Y9999,加權指數,2011/09/29,"2,038.96"
Y9999,加權指數,2011/09/28,"5,300.36"
Y9999,加權指數,2011/09/27,"1,320.31"
Y9999,加權指數,2011/09/26,"-3,076.37"
Y9999,加權指數,2011/09/23,"-15,031.85"
Y9999,加權指數,2011/09/22,"-19,619.65"
Y9999,加權指數,2011/09/21,"2,892.47"
Y9999,加權指數,2011/09/20,"-5,372.17"
Y9999,加權指數,2011/09/19,"-4,252.89"
Y9999,加權指數,2011/09/16,"11,070.24"
Y9999,加權指數,2011/09/15,"1,335.86"
Y9999,加權指數,2011/09/14,"-9,584.3"
Y9999,加權指數,2011/09/13,"-14,825.03"
Y9999,加權指數,2011/09/09,"2,770.04"
Y9999,加權指數,2011/09/08,"-2,155.27"
Y9999,加權指數,2011/09/07,"1,718.63"
Y9999,加權指數,2011/09/06,"-13,544.04"
Y9999,加權指數,2011/09/05,"-18,933.99"
Y9999,加權指數,2011/09/02,"-7,339.64"
Y9999,加權指數,2011/09/01,"10,622.75"
Y9999,加權指數,2011/08/31,"6,236.47"
Y9999,加權指數,2011/08/30,"-3,565.99"
Y9999,加權指數,2011/08/29,"7,232.36"
Y9999,加權指數,2011/08/26,"4,091.21"
Y9999,加權指數,2011/08/25,"1,774.8"
Y9999,加權指數,2011/08/24,"-3,646.89"
Y9999,加權指數,2011/08/23,60
Y9999,加權指數,2011/08/22,-361.53
Y9999,加權指數,2011/08/19,"-5,741.89"
Y9999,加權指數,2011/08/18,"-16,441.94"
Y9999,加權指數,2011/08/17,"-11,244.26"
Y9999,加權指數,2011/08/16,"-4,792.22"
Y9999,加權指數,2011/08/15,"1,374.62"
Y9999,加權指數,2011/08/12,"-19,847.34"
Y9999,加權指數,2011/08/11,"-10,374.27"
Y9999,加權指數,2011/08/10,"-31,829.63"
Y9999,加權指數,2011/08/09,"-32,345.49"
Y9999,加權指數,2011/08/08,"-30,446.54"
Y9999,加權指數,2011/08/05,"-15,298.19"
Y9999,加權指數,2011/08/04,"-6,654.15"
Y9999,加權指數,2011/08/03,"-17,842.53"
Y9999,加權指數,2011/08/02,"-4,494.81"
Y9999,加權指數,2011/08/01,"6,361.53"
Y9999,加權指數,2011/07/29,"-8,200.24"
Y9999,加權指數,2011/07/28,"-7,463.41"
Y9999,加權指數,2011/07/27,"-4,948.16"
Y9999,加權指數,2011/07/26,"3,026.43"
Y9999,加權指數,2011/07/25,-841.07
Y9999,加權指數,2011/07/22,"4,799.99"
Y9999,加權指數,2011/07/21,"-3,370.76"
Y9999,加權指數,2011/07/20,"5,241.17"
Y9999,加權指數,2011/07/19,"-5,707.55"
Y9999,加權指數,2011/07/18,"-8,784.95"
Y9999,加權指數,2011/07/15,"-7,154.08"
Y9999,加權指數,2011/07/14,"-3,751.93"
Y9999,加權指數,2011/07/13,"-9,060.25"
Y9999,加權指數,2011/07/12,"-6,382.67"
Y9999,加權指數,2011/07/11,"-6,297.36"
Y9999,加權指數,2011/07/08,"-1,838.76"
Y9999,加權指數,2011/07/07,906.3
Y9999,加權指數,2011/07/06,"-2,735.46"
Y9999,加權指數,2011/07/05,-287.84
Y9999,加權指數,2011/07/04,-950.54
Y9999,加權指數,2011/07/01,"1,996.53"
Y9999,加權指數,2011/06/30,"6,031.89"
Y9999,加權指數,2011/06/29,"3,201.25"
Y9999,加權指數,2011/06/28,"-1,899.32"
Y9999,加權指數,2011/06/27,-737.92
Y9999,加權指數,2011/06/24,287.85
Y9999,加權指數,2011/06/23,-517.48
Y9999,加權指數,2011/06/22,-388.35
Y9999,加權指數,2011/06/21,"5,441.85"
Y9999,加權指數,2011/06/20,-745.83
Y9999,加權指數,2011/06/17,"-2,899.19"
Y9999,加權指數,2011/06/16,"-12,972.24"
Y9999,加權指數,2011/06/15,"2,212.63"
Y9999,加權指數,2011/06/14,"-3,726.57"
Y9999,加權指數,2011/06/13,"-15,715.24"
Y9999,加權指數,2011/06/10,"-14,894.17"
Y9999,加權指數,2011/06/09,-877.44
Y9999,加權指數,2011/06/08,842.33
Y9999,加權指數,2011/06/07,"-1,072.9"
Y9999,加權指數,2011/06/03,"2,357.28"
Y9999,加權指數,2011/06/02,135.59
Y9999,加權指數,2011/06/01,"14,477.21"
Y9999,加權指數,2011/05/31,"14,095.35"
Y9999,加權指數,2011/05/30,"-2,623.51"
Y9999,加權指數,2011/05/27,-409.91
Y9999,加權指數,2011/05/26,"-2,200.45"
Y9999,加權指數,2011/05/25,"-10,883.15"
Y9999,加權指數,2011/05/24,"-2,431.66"
Y9999,加權指數,2011/05/23,"-11,859.9"
Y9999,加權指數,2011/05/20,"-2,262.06"
Y9999,加權指數,2011/05/19,"2,858.27"
Y9999,加權指數,2011/05/18,243.85
Y9999,加權指數,2011/05/17,"-7,140.29"
Y9999,加權指數,2011/05/16,"-6,636.35"
Y9999,加權指數,2011/05/13,"-4,560.68"
Y9999,加權指數,2011/05/12,"-2,835.89"
Y9999,加權指數,2011/05/11,"4,838.36"
Y9999,加權指數,2011/05/10,"4,292.26"
Y9999,加權指數,2011/05/09,"11,416.28"
Y9999,加權指數,2011/05/06,"-2,527.53"
Y9999,加權指數,2011/05/05,"1,647.48"
Y9999,加權指數,2011/05/04,"-8,128.32"
Y9999,加權指數,2011/05/03,"6,629.95"
Y9999,加權指數,2011/04/29,"5,430.95"
Y9999,加權指數,2011/04/28,"9,167.35"
Y9999,加權指數,2011/04/27,"9,895.13"
Y9999,加權指數,2011/04/26,132.71
Y9999,加權指數,2011/04/25,"2,970.95"
Y9999,加權指數,2011/04/22,"9,267.08"
Y9999,加權指數,2011/04/21,"19,896.23"
Y9999,加權指數,2011/04/20,"7,194.33"
Y9999,加權指數,2011/04/19,"-11,451.32"
Y9999,加權指數,2011/04/18,"-1,597.02"
Y9999,加權指數,2011/04/15,"-4,652.63"
Y9999,加權指數,2011/04/14,"-1,532.26"
Y9999,加權指數,2011/04/13,"-1,681.34"
Y9999,加權指數,2011/04/12,"-5,442.48"
Y9999,加權指數,2011/04/11,"3,896.45"
Y9999,加權指數,2011/04/08,"15,598.89"
Y9999,加權指數,2011/04/07,"9,046.11"
Y9999,加權指數,2011/04/06,"22,063.92"
Y9999,加權指數,2011/04/01,799.03
Y9999,加權指數,2011/03/31,"2,257.29"
Y9999,加權指數,2011/03/30,"5,459.69"
Y9999,加權指數,2011/03/29,"3,302.75"
Y9999,加權指數,2011/03/28,"1,822.24"
Y9999,加權指數,2011/03/25,"11,795.45"
Y9999,加權指數,2011/03/24,109.07
Y9999,加權指數,2011/03/23,"-1,004.88"
Y9999,加權指數,2011/03/22,"-6,195.84"
Y9999,加權指數,2011/03/21,"-2,040.37"
Y9999,加權指數,2011/03/18,"-8,312.07"
Y9999,加權指數,2011/03/17,"-9,647.52"
Y9999,加權指數,2011/03/16,"-1,504.81"
Y9999,加權指數,2011/03/15,"-11,716.78"
Y9999,加權指數,2011/03/14,"-2,807.98"
Y9999,加權指數,2011/03/11,"-14,154.96"
Y9999,加權指數,2011/03/10,"-5,629.38"
Y9999,加權指數,2011/03/09,-702.27
Y9999,加權指數,2011/03/08,817.32
Y9999,加權指數,2011/03/07,"-1,927.49"
Y9999,加權指數,2011/03/04,"8,470.11"
Y9999,加權指數,2011/03/03,"3,548.93"
Y9999,加權指數,2011/03/02,"-11,835.3"
Y9999,加權指數,2011/03/01,900.01
Y9999,加權指數,2011/02/25,"-4,077.97"
Y9999,加權指數,2011/02/24,"-8,027.7"
Y9999,加權指數,2011/02/23,"-1,707.83"
Y9999,加權指數,2011/02/22,"-16,930.86"
Y9999,加權指數,2011/02/21,"-1,904.34"
Y9999,加權指數,2011/02/18,"12,603.22"
Y9999,加權指數,2011/02/17,"-7,808.78"
Y9999,加權指數,2011/02/16,"-7,527.92"
Y9999,加權指數,2011/02/15,"-5,926.86"
Y9999,加權指數,2011/02/14,"-12,382.52"
Y9999,加權指數,2011/02/11,"-19,755.25"
Y9999,加權指數,2011/02/10,"-15,963.75"
Y9999,加權指數,2011/02/09,"-5,401.88"
Y9999,加權指數,2011/02/08,"1,867.08"
Y9999,加權指數,2011/01/28,"9,187.56"
Y9999,加權指數,2011/01/27,"13,820.72"
Y9999,加權指數,2011/01/26,"8,550.16"
Y9999,加權指數,2011/01/25,"7,056.65"
Y9999,加權指數,2011/01/24,212.99
Y9999,加權指數,2011/01/21,"-7,227.6"
Y9999,加權指數,2011/01/20,581.56
Y9999,加權指數,2011/01/19,"10,584.41"
Y9999,加權指數,2011/01/18,"5,575.74"
Y9999,加權指數,2011/01/17,"2,542.45"
Y9999,加權指數,2011/01/14,"4,221.28"
Y9999,加權指數,2011/01/13,"9,032.68"
Y9999,加權指數,2011/01/12,"7,078.49"
Y9999,加權指數,2011/01/11,"12,641.84"
Y9999,加權指數,2011/01/10,"2,580.55"
Y9999,加權指數,2011/01/07,"1,547.03"
Y9999,加權指數,2011/01/06,"-1,712.07"
Y9999,加權指數,2011/01/05,-508.07
Y9999,加權指數,2011/01/04,"2,873.43"
Y9999,加權指數,2011/01/03,"9,700.11"
Y9999,加權指數,2010/12/31,-867.81
Y9999,加權指數,2010/12/30,"4,153.95"
Y9999,加權指數,2010/12/29,"2,644.52"
Y9999,加權指數,2010/12/28,"3,732.68"
Y9999,加權指數,2010/12/27,"4,318.47"
Y9999,加權指數,2010/12/24,"4,217.61"
Y9999,加權指數,2010/12/23,"5,374.45"
Y9999,加權指數,2010/12/22,"2,752.49"
Y9999,加權指數,2010/12/21,"2,343.72"
Y9999,加權指數,2010/12/20,"-1,327.6"
Y9999,加權指數,2010/12/17,"4,412.05"
Y9999,加權指數,2010/12/16,"3,711.32"
Y9999,加權指數,2010/12/15,"5,566.8"
Y9999,加權指數,2010/12/14,"8,193.57"
Y9999,加權指數,2010/12/13,"6,315.74"
Y9999,加權指數,2010/12/10,"1,223.42"
Y9999,加權指數,2010/12/09,"3,994.95"
Y9999,加權指數,2010/12/08,"3,726.32"
Y9999,加權指數,2010/12/07,"1,721.36"
Y9999,加權指數,2010/12/06,"2,955.84"
Y9999,加權指數,2010/12/03,"3,080.51"
Y9999,加權指數,2010/12/02,"9,914.83"
Y9999,加權指數,2010/12/01,"2,103.91"
Y9999,加權指數,2010/11/30,"-1,049.1"
Y9999,加權指數,2010/11/29,"-3,716.88"
Y9999,加權指數,2010/11/26,"-1,605.07"
Y9999,加權指數,2010/11/25,"4,073.83"
Y9999,加權指數,2010/11/24,"-1,540.17"
Y9999,加權指數,2010/11/23,4.74
Y9999,加權指數,2010/11/22,"9,091.17"
Y9999,加權指數,2010/11/19,197.66
Y9999,加權指數,2010/11/18,"-2,187.56"
Y9999,加權指數,2010/11/17,"-12,640"
Y9999,加權指數,2010/11/16,-834.29
Y9999,加權指數,2010/11/15,"-2,199.16"
Y9999,加權指數,2010/11/12,"-6,617.74"
Y9999,加權指數,2010/11/11,"1,104.12"
Y9999,加權指數,2010/11/10,"3,173.45"
Y9999,加權指數,2010/11/09,"3,634.13"
Y9999,加權指數,2010/11/08,"6,025.16"
Y9999,加權指數,2010/11/05,"10,837.55"
Y9999,加權指數,2010/11/04,"8,795.53"
Y9999,加權指數,2010/11/03,"14,049.19"
Y9999,加權指數,2010/11/02,"10,289.87"
Y9999,加權指數,2010/11/01,"16,984.22"
Y9999,加權指數,2010/10/29,"2,733.02"
Y9999,加權指數,2010/10/28,"11,343.55"
Y9999,加權指數,2010/10/27,"2,623.17"
Y9999,加權指數,2010/10/26,"6,354.89"
Y9999,加權指數,2010/10/25,"15,365.93"
Y9999,加權指數,2010/10/22,"2,000.23"
Y9999,加權指數,2010/10/21,"1,192.31"
Y9999,加權指數,2010/10/20,"-3,256.6"
Y9999,加權指數,2010/10/19,"-5,178.45"
Y9999,加權指數,2010/10/18,"-9,273.85"
Y9999,加權指數,2010/10/15,"3,770.97"
Y9999,加權指數,2010/10/14,"12,012.94"
Y9999,加權指數,2010/10/13,"-2,953.2"
Y9999,加權指數,2010/10/12,"-8,167.78"
Y9999,加權指數,2010/10/11,"5,844.63"
Y9999,加權指數,2010/10/08,-189.26
Y9999,加權指數,2010/10/07,-230.23
Y9999,加權指數,2010/10/06,"5,887.18"
Y9999,加權指數,2010/10/05,"-2,977.14"
Y9999,加權指數,2010/10/04,"2,480.37"
Y9999,加權指數,2010/10/01,"2,284.59"
Y9999,加權指數,2010/09/30,"1,169.14"
Y9999,加權指數,2010/09/29,"8,475.33"
Y9999,加權指數,2010/09/28,982.01
Y9999,加權指數,2010/09/27,"3,946.17"
Y9999,加權指數,2010/09/24,"-2,444.57"
Y9999,加權指數,2010/09/23,"3,048.22"
Y9999,加權指數,2010/09/21,"3,974.11"
Y9999,加權指數,2010/09/20,"5,854.61"
Y9999,加權指數,2010/09/17,"7,040.17"
Y9999,加權指數,2010/09/16,"4,296.88"
Y9999,加權指數,2010/09/15,"3,649.84"
Y9999,加權指數,2010/09/14,"10,124.23"
Y9999,加權指數,2010/09/13,"20,618.41"
Y9999,加權指數,2010/09/10,"4,795.63"
Y9999,加權指數,2010/09/09,66.28
Y9999,加權指數,2010/09/08,"-3,207.1"
Y9999,加權指數,2010/09/07,"5,433.22"
Y9999,加權指數,2010/09/06,"6,672.45"
Y9999,加權指數,2010/09/03,"1,502.7"
Y9999,加權指數,2010/09/02,"3,106.83"
Y9999,加權指數,2010/09/01,"-12,601.87"
Y9999,加權指數,2010/08/31,"-5,293.41"
Y9999,加權指數,2010/08/30,"1,375.61"
Y9999,加權指數,2010/08/27,"-5,998.07"
Y9999,加權指數,2010/08/26,"-9,258.8"
Y9999,加權指數,2010/08/25,"-22,424.32"
Y9999,加權指數,2010/08/24,"-4,363.57"
Y9999,加權指數,2010/08/23,"4,763.99"
Y9999,加權指數,2010/08/20,-794.32
Y9999,加權指數,2010/08/19,"-2,930.99"
Y9999,加權指數,2010/08/18,"-4,052.41"
Y9999,加權指數,2010/08/17,"-2,364.65"
Y9999,加權指數,2010/08/16,"-3,610.98"
Y9999,加權指數,2010/08/13,"-6,003.02"
Y9999,加權指數,2010/08/12,"-11,194.29"
Y9999,加權指數,2010/08/11,"-2,519.8"
Y9999,加權指數,2010/08/10,"-2,154.63"
Y9999,加權指數,2010/08/09,"4,928.13"
Y9999,加權指數,2010/08/06,53.65
Y9999,加權指數,2010/08/05,"2,069.79"
Y9999,加權指數,2010/08/04,-60.45
Y9999,加權指數,2010/08/03,"6,343.63"
Y9999,加權指數,2010/08/02,"16,596.92"
Y9999,加權指數,2010/07/30,"-4,490.06"
Y9999,加權指數,2010/07/29,"5,290.42"
Y9999,加權指數,2010/07/28,128.44
Y9999,加權指數,2010/07/27,"6,477.68"
Y9999,加權指數,2010/07/26,"9,007.37"
Y9999,加權指數,2010/07/23,"13,849.79"
Y9999,加權指數,2010/07/22,"-4,066.33"
Y9999,加權指數,2010/07/21,"2,434.03"
Y9999,加權指數,2010/07/20,"6,011.69"
Y9999,加權指數,2010/07/19,545.74
Y9999,加權指數,2010/07/16,"4,536.82"
Y9999,加權指數,2010/07/15,"5,814.66"
Y9999,加權指數,2010/07/14,"15,414.01"
Y9999,加權指數,2010/07/13,"-1,431.75"
Y9999,加權指數,2010/07/12,"6,588.15"
Y9999,加權指數,2010/07/09,"6,941.4"
Y9999,加權指數,2010/07/08,"7,784.89"
Y9999,加權指數,2010/07/07,-788.69
Y9999,加權指數,2010/07/06,"5,355.34"
Y9999,加權指數,2010/07/05,"2,803.31"
Y9999,加權指數,2010/07/02,"-9,878.93"
Y9999,加權指數,2010/07/01,"-17,060.51"
Y9999,加權指數,2010/06/30,"-18,404.21"
Y9999,加權指數,2010/06/29,"-4,800.6"
Y9999,加權指數,2010/06/28,"-6,451.23"
Y9999,加權指數,2010/06/25,"-7,868.07"
Y9999,加權指數,2010/06/24,"-2,863.74"
Y9999,加權指數,2010/06/23,-718.93
Y9999,加權指數,2010/06/22,"1,509.08"
Y9999,加權指數,2010/06/21,"20,774.61"
Y9999,加權指數,2010/06/18,"3,744.69"
Y9999,加權指數,2010/06/17,"9,375.23"
Y9999,加權指數,2010/06/15,"10,231.6"
Y9999,加權指數,2010/06/14,"9,276.95"
Y9999,加權指數,2010/06/11,"5,406.42"
Y9999,加權指數,2010/06/10,"2,318.55"
Y9999,加權指數,2010/06/09,"-6,799.08"
Y9999,加權指數,2010/06/08,"-11,167.38"
Y9999,加權指數,2010/06/07,"-11,945.08"
Y9999,加權指數,2010/06/04,-107.14
Y9999,加權指數,2010/06/03,"10,931.75"
Y9999,加權指數,2010/06/02,"-8,755.05"
Y9999,加權指數,2010/06/01,"-6,021.74"
Y9999,加權指數,2010/05/31,"1,051.2"
Y9999,加權指數,2010/05/28,"-3,235.9"
Y9999,加權指數,2010/05/27,"-6,237.34"
Y9999,加權指數,2010/05/26,"-3,774.85"
Y9999,加權指數,2010/05/25,"-8,433.86"
Y9999,加權指數,2010/05/24,532.54
Y9999,加權指數,2010/05/21,"-10,525.69"
Y9999,加權指數,2010/05/20,"-7,449.07"
Y9999,加權指數,2010/05/19,"-8,745.1"
Y9999,加權指數,2010/05/18,325.31
Y9999,加權指數,2010/05/17,"-9,685.63"
Y9999,加權指數,2010/05/14,"1,409.28"
Y9999,加權指數,2010/05/13,"8,175.46"
Y9999,加權指數,2010/05/12,"-2,868.29"
Y9999,加權指數,2010/05/11,"-9,699.08"
Y9999,加權指數,2010/05/10,"-9,121.41"
Y9999,加權指數,2010/05/07,"-11,149.91"
Y9999,加權指數,2010/05/06,"-12,453.39"
Y9999,加權指數,2010/05/05,"-23,261.37"
Y9999,加權指數,2010/05/04,"-2,085.05"
Y9999,加權指數,2010/05/03,"-5,385.81"
Y9999,加權指數,2010/04/30,"12,715.7"
Y9999,加權指數,2010/04/29,"-4,545.97"
Y9999,加權指數,2010/04/28,"-7,053.04"
Y9999,加權指數,2010/04/27,"7,845.48"
Y9999,加權指數,2010/04/26,"26,549.53"
Y9999,加權指數,2010/04/23,"4,111.01"
Y9999,加權指數,2010/04/22,"-2,180.17"
Y9999,加權指數,2010/04/21,"6,536.76"
Y9999,加權指數,2010/04/20,"-4,642.07"
Y9999,加權指數,2010/04/19,"-3,307.95"
Y9999,加權指數,2010/04/16,"-1,550.64"
Y9999,加權指數,2010/04/15,"9,663.34"
Y9999,加權指數,2010/04/14,"5,932.74"
Y9999,加權指數,2010/04/13,"1,372.43"
Y9999,加權指數,2010/04/12,"3,272.1"
Y9999,加權指數,2010/04/09,"4,391.54"
Y9999,加權指數,2010/04/08,"3,426.94"
Y9999,加權指數,2010/04/07,"11,299.86"
Y9999,加權指數,2010/04/06,"18,328.23"
Y9999,加權指數,2010/04/02,"8,405.2"
Y9999,加權指數,2010/04/01,"15,243.62"
Y9999,加權指數,2010/03/31,"2,623.18"
Y9999,加權指數,2010/03/30,"5,600.86"
Y9999,加權指數,2010/03/29,"12,220.03"
Y9999,加權指數,2010/03/26,"7,941.94"
Y9999,加權指數,2010/03/25,"-2,547.99"
Y9999,加權指數,2010/03/24,"6,018.5"
Y9999,加權指數,2010/03/23,"-2,633.21"
Y9999,加權指數,2010/03/22,"-7,720.23"
Y9999,加權指數,2010/03/19,"2,257.52"
Y9999,加權指數,2010/03/18,"12,406.84"
Y9999,加權指數,2010/03/17,"19,892.76"
Y9999,加權指數,2010/03/16,-49.92
Y9999,加權指數,2010/03/15,"-2,018.71"
Y9999,加權指數,2010/03/12,"2,222.6"
Y9999,加權指數,2010/03/11,"4,788.11"
Y9999,加權指數,2010/03/10,"5,795.62"
Y9999,加權指數,2010/03/09,"9,175.32"
Y9999,加權指數,2010/03/08,"14,586.9"
Y9999,加權指數,2010/03/05,"10,856.36"
Y9999,加權指數,2010/03/04,"-4,032.74"
Y9999,加權指數,2010/03/03,"3,248.45"
Y9999,加權指數,2010/03/02,"4,119.2"
Y9999,加權指數,2010/03/01,"6,897.77"
Y9999,加權指數,2010/02/26,"-1,513.41"
Y9999,加權指數,2010/02/25,"-8,634.67"
Y9999,加權指數,2010/02/24,"-5,227.13"
Y9999,加權指數,2010/02/23,655.58
Y9999,加權指數,2010/02/22,"3,408.55"
Y9999,加權指數,2010/02/10,"-9,887.9"
Y9999,加權指數,2010/02/09,"-9,715.65"
Y9999,加權指數,2010/02/08,"-15,831.32"
Y9999,加權指數,2010/02/06,-516.05
Y9999,加權指數,2010/02/05,"-15,480.92"
Y9999,加權指數,2010/02/04,"-7,260.43"
Y9999,加權指數,2010/02/03,"-2,219.22"
Y9999,加權指數,2010/02/02,"-5,570.15"
Y9999,加權指數,2010/02/01,"-11,730.58"
Y9999,加權指數,2010/01/29,"-10,684.09"
Y9999,加權指數,2010/01/28,"-7,063.92"
Y9999,加權指數,2010/01/27,"-7,451.5"
Y9999,加權指數,2010/01/26,"-17,509.17"
Y9999,加權指數,2010/01/25,"-10,699.99"
Y9999,加權指數,2010/01/22,"-20,151.99"
Y9999,加權指數,2010/01/21,"2,074.31"
Y9999,加權指數,2010/01/20,-123.37
Y9999,加權指數,2010/01/19,"-3,277.46"
Y9999,加權指數,2010/01/18,"3,347.98"
Y9999,加權指數,2010/01/15,"10,517.03"
Y9999,加權指數,2010/01/14,"10,707.74"
Y9999,加權指數,2010/01/13,"-2,354.72"
Y9999,加權指數,2010/01/12,-323.58
Y9999,加權指數,2010/01/11,"8,120.44"
Y9999,加權指數,2010/01/08,"7,620.93"
Y9999,加權指數,2010/01/07,"11,373.75"
Y9999,加權指數,2010/01/06,"10,794.79"
Y9999,加權指數,2010/01/05,"11,960.58"
Y9999,加權指數,2010/01/04,"7,832.09"
