Date,USDTWD,tw_rate,foreign_net,fed_rate,VIXCLS,dxy,^TWII,rate_diff,export
2010-01-04,31.65999984741211,1.25,-323.58,0.12,20.04,77.52999877929688,8207.8095703125,-1.13,21895.905
2010-01-05,31.860000610351562,1.25,-323.58,0.12,19.35,77.62000274658203,8211.3603515625,-1.13,21895.905
2010-01-06,31.780000686645508,1.25,-323.58,0.12,19.16,77.48999786376953,8327.580078125,-1.13,21895.905
2010-01-07,31.809999465942383,1.25,-323.58,0.1,19.06,77.91000366210938,8237.3798828125,-1.15,21895.905
2010-01-08,31.790000915527344,1.25,-323.58,0.11,18.13,77.47000122070312,8280.8603515625,-1.14,21895.905
2010-01-11,31.729999542236328,1.25,-323.58,0.11,17.55,77.0,8323.7802734375,-1.14,21895.905
2010-01-12,31.809999465942383,1.25,-323.58,0.11,18.25,76.94999694824219,8309.330078125,-1.14,21895.905
2010-01-13,31.719999313354492,1.25,-323.58,0.11,17.85,76.8499984741211,8196.51953125,-1.14,21895.905
2010-01-14,31.729999542236328,1.25,-323.58,0.11,17.63,76.7300033569336,8289.9404296875,-1.14,21895.905
2010-01-15,31.75,1.25,-323.58,0.12,17.91,77.31999969482422,8356.849609375,-1.13,21895.905
2010-01-19,31.790000915527344,1.25,-323.58,0.13,17.58,77.5,8248.9599609375,-1.12,21895.905
2010-01-20,31.8799991607666,1.25,-123.37,0.13,18.68,78.33999633789062,8220.8896484375,-1.12,21895.905
2010-01-21,31.93000030517578,1.25,-123.37,0.12,22.27,78.31999969482422,8127.83251953125,-1.13,21895.905
2010-01-22,31.940000534057617,1.25,-123.37,0.11,27.31,78.27999877929688,7927.27294921875,-1.14,21895.905
2010-01-25,31.889999389648438,1.25,-123.37,0.12,25.41,78.19000244140625,7872.95361328125,-1.13,21895.905
2010-01-26,31.989999771118164,1.25,-123.37,0.12,24.55,78.43000030517578,7598.77490234375,-1.13,21895.905
2010-01-27,32.02000045776367,1.25,-123.37,0.12,23.14,78.68000030517578,7559.99462890625,-1.13,21895.905
2010-01-28,31.940000534057617,1.25,-123.37,0.12,23.73,78.9000015258789,7694.544921875,-1.13,21895.905
2010-01-29,31.920000076293945,1.25,-123.37,0.12,24.62,79.45999908447266,7640.40478515625,-1.13,21895.905
2010-02-01,31.979999542236328,1.25,-123.37,0.14,22.59,79.23999786376953,7524.63525390625,-1.1099999999999999,16805.587
2010-02-02,32.0099983215332,1.25,-123.37,0.14,21.48,79.01000213623047,7429.57568359375,-1.1099999999999999,16805.587
2010-02-03,31.969999313354492,1.25,-123.37,0.13,21.6,79.37000274658203,7547.94482421875,-1.12,16805.587
2010-02-04,32.060001373291016,1.25,-123.37,0.14,26.08,79.91999816894531,7542.00537109375,-1.1099999999999999,16805.587
2010-02-05,32.06999969482422,1.25,-123.37,0.13,26.11,80.44000244140625,7217.796875,-1.12,16805.587
2010-02-08,32.060001373291016,1.25,-123.37,0.13,26.51,80.30000305175781,7215.8466796875,-1.12,16805.587
2010-02-09,32.0099983215332,1.25,-123.37,0.13,26.0,79.86000061035156,7361.00634765625,-1.12,16805.587
2010-02-10,32.060001373291016,1.25,-123.37,0.12,25.4,80.02999877929688,7441.8056640625,-1.13,16805.587
2010-02-22,32.0,1.25,-123.37,0.12,19.94,80.51000213623047,7560.0048828125,-1.13,16805.587
2010-02-23,32.060001373291016,1.25,655.58,0.12,21.37,80.8499984741211,7597.40478515625,-1.13,16805.587
2010-02-24,32.02000045776367,1.25,655.58,0.11,20.27,80.8499984741211,7529.63525390625,-1.14,16805.587
2010-02-25,32.040000915527344,1.25,655.58,0.12,20.1,80.79000091552734,7426.92578125,-1.13,16805.587
2010-02-26,31.979999542236328,1.25,655.58,0.13,19.5,80.36000061035156,7436.06591796875,-1.12,16805.587
2010-03-01,31.979999542236328,1.25,655.58,0.14,19.26,80.66000366210938,7577.71484375,-1.1099999999999999,23567.397
2010-03-02,31.969999313354492,1.25,655.58,0.14,19.06,80.5199966430664,7597.5849609375,-1.1099999999999999,23567.397
2010-03-03,31.93000030517578,1.25,655.58,0.15,18.83,79.9800033569336,7629.48486328125,-1.1,23567.397
2010-03-04,31.920000076293945,1.25,655.58,0.16,18.72,80.55999755859375,7569.7646484375,-1.09,23567.397
2010-03-05,31.84000015258789,1.25,655.58,0.17,17.42,80.43000030517578,7666.224609375,-1.08,23567.397
2010-03-08,31.860000610351562,1.25,655.58,0.15,17.79,80.43000030517578,7762.234375,-1.1,23567.397
2010-03-09,31.780000686645508,1.25,655.58,0.14,17.92,80.58999633789062,7770.55419921875,-1.1099999999999999,23567.397
2010-03-10,31.799999237060547,1.25,655.58,0.14,18.57,80.44999694824219,7779.04443359375,-1.1099999999999999,23567.397
2010-03-11,31.729999542236328,1.25,655.58,0.15,18.06,80.31999969482422,7749.62451171875,-1.1,23567.397
2010-03-12,31.700000762939453,1.25,655.58,0.17,17.58,79.83000183105469,7748.29443359375,-1.08,23567.397
2010-03-15,31.790000915527344,1.25,655.58,0.2,18.0,80.25,7634.884765625,-1.05,23567.397
2010-03-16,31.780000686645508,1.25,-49.92,0.2,17.69,79.75,7695.5947265625,-1.05,23567.397
2010-03-17,31.690000534057617,1.25,-49.92,0.18,16.91,79.63999938964844,7847.8037109375,-1.07,23567.397
2010-03-18,31.799999237060547,1.25,-49.92,0.18,16.62,80.22000122070312,7886.302734375,-1.07,23567.397
2010-03-19,31.68000030517578,1.25,-49.92,0.18,16.97,80.72000122070312,7897.873046875,-1.07,23567.397
2010-03-22,31.780000686645508,1.25,-49.92,0.18,16.87,80.6500015258789,7835.94384765625,-1.07,23567.397
2010-03-23,31.770000457763672,1.25,-49.92,0.17,16.35,80.9000015258789,7811.83447265625,-1.08,23567.397
2010-03-24,31.799999237060547,1.25,-49.92,0.17,17.55,81.83999633789062,7822.673828125,-1.08,23567.397
2010-03-25,31.790000915527344,1.25,-49.92,0.17,18.4,82.12000274658203,7838.06396484375,-1.08,23567.397
2010-03-26,31.829999923706055,1.25,-49.92,0.17,17.77,81.68000030517578,7876.8232421875,-1.08,23567.397
2010-03-29,31.780000686645508,1.25,-49.92,0.16,17.59,81.36000061035156,7947.4130859375,-1.09,23567.397
2010-03-30,31.719999313354492,1.25,-49.92,0.16,17.13,81.47000122070312,7962.18310546875,-1.09,23567.397
2010-03-31,31.739999771118164,1.25,-49.92,0.09,17.59,81.06999969482422,7920.02294921875,-1.16,23567.397
2010-04-01,31.75,1.25,-49.92,0.17,17.47,80.77999877929688,8013.05224609375,-1.08,22093.561
2010-04-06,31.719999313354492,1.25,-49.92,0.2,16.23,81.38999938964844,8089.6123046875,-1.05,22093.561
2010-04-07,31.520000457763672,1.25,-49.92,0.19,16.62,81.44000244140625,8121.7421875,-1.06,22093.561
2010-04-08,31.520000457763672,1.25,-49.92,0.19,16.48,81.52999877929688,8057.5625,-1.06,22093.561
2010-04-09,31.5,1.25,-49.92,0.19,16.14,81.08999633789062,8091.9921875,-1.06,22093.561
2010-04-12,31.479999542236328,1.25,-49.92,0.19,15.58,80.55999755859375,8117.71240234375,-1.06,22093.561
2010-04-13,31.5,1.25,-49.92,0.2,16.2,80.51000213623047,8029.6923828125,-1.05,22093.561
2010-04-14,31.3700008392334,1.25,-49.92,0.2,15.59,80.19000244140625,8097.09228515625,-1.05,22093.561
2010-04-15,31.329999923706055,1.25,-49.92,0.22,15.89,80.4800033569336,8171.90234375,-1.03,22093.561
2010-04-16,31.399999618530273,1.25,-49.92,0.21,18.36,80.81999969482422,8111.5322265625,-1.04,22093.561
2010-04-19,31.420000076293945,1.25,-49.92,0.2,17.34,81.0,7854.18359375,-1.05,22093.561
2010-04-20,31.3799991607666,1.25,-49.92,0.2,15.73,81.05000305175781,7900.3828125,-1.05,22093.561
2010-04-21,31.31999969482422,1.25,-49.92,0.2,16.32,81.16000366210938,7990.4921875,-1.05,22093.561
2010-04-22,31.360000610351562,1.25,-49.92,0.2,16.47,81.56999969482422,7978.65234375,-1.05,22093.561
2010-04-23,31.31999969482422,1.25,-49.92,0.2,16.62,81.3499984741211,8004.8525390625,-1.05,22093.561
2010-04-26,31.280000686645508,1.25,-49.92,0.2,17.47,81.4800033569336,8158.1025390625,-1.05,22093.561
2010-04-27,31.299999237060547,1.25,-49.92,0.2,22.81,82.1500015258789,8146.40234375,-1.05,22093.561
2010-04-28,31.3700008392334,1.25,-49.92,0.2,21.08,82.37999725341797,8081.51220703125,-1.05,22093.561
2010-04-29,31.329999923706055,1.25,-49.92,0.19,18.44,82.0,8054.01220703125,-1.06,22093.561
2010-04-30,31.280000686645508,1.25,-49.92,0.2,22.05,81.87000274658203,8004.21240234375,-1.05,22093.561
2010-05-03,31.40999984741211,1.25,-49.92,0.2,20.19,82.2699966430664,7952.1328125,-1.05,25708.454
2010-05-04,31.440000534057617,1.25,-49.92,0.21,23.84,83.30000305175781,7930.73291015625,-1.04,25708.454
2010-05-05,31.579999923706055,1.25,-49.92,0.21,24.91,84.08000183105469,7696.86474609375,-1.04,25708.454
2010-05-06,31.739999771118164,1.25,-49.92,0.2,32.8,84.88999938964844,7579.44482421875,-1.05,25708.454
2010-05-07,31.670000076293945,1.25,-49.92,0.2,40.95,84.44999694824219,7567.06494140625,-1.05,25708.454
2010-05-10,31.479999542236328,1.25,-49.92,0.2,28.84,84.16000366210938,7664.69482421875,-1.05,25708.454
2010-05-11,31.59000015258789,1.25,-49.92,0.2,28.32,84.47000122070312,7608.40478515625,-1.05,25708.454
2010-05-12,31.610000610351562,1.25,-49.92,0.2,25.52,84.83000183105469,7602.6650390625,-1.05,25708.454
2010-05-13,31.65999984741211,1.25,-49.92,0.2,26.68,85.20999908447266,7770.5341796875,-1.05,25708.454
2010-05-14,31.7549991607666,1.25,-49.92,0.2,31.24,86.0999984741211,7772.09423828125,-1.05,25708.454
2010-05-17,31.799999237060547,1.25,-49.92,0.21,30.84,86.20999908447266,7598.68505859375,-1.04,25708.454
2010-05-18,31.790000915527344,1.25,325.31,0.21,33.55,87.16000366210938,7585.2646484375,-1.04,25708.454
2010-05-19,32.0,1.25,325.31,0.2,35.32,86.38999938964844,7559.125,-1.05,25708.454
2010-05-20,32.099998474121094,1.25,325.31,0.2,45.79,85.56999969482422,7424.39599609375,-1.05,25708.454
2010-05-21,32.13999938964844,1.25,325.31,0.2,40.1,85.37000274658203,7237.6767578125,-1.05,25708.454
2010-05-24,32.08000183105469,1.25,532.54,0.21,38.32,86.20999908447266,7322.6962890625,-1.04,25708.454
2010-05-25,32.25,1.25,532.54,0.21,34.61,86.77999877929688,7086.337890625,-1.04,25708.454
2010-05-26,32.150001525878906,1.25,532.54,0.2,35.02,87.12000274658203,7167.3173828125,-1.05,25708.454
2010-05-27,32.029998779296875,1.25,532.54,0.2,29.68,86.18000030517578,7243.126953125,-1.05,25708.454
2010-05-28,31.979999542236328,1.25,532.54,0.19,32.07,86.4800033569336,7295.2861328125,-1.06,25708.454
2010-06-01,32.2599983215332,1.25,532.54,0.2,35.54,86.63999938964844,7289.29638671875,-1.05,22981.616
2010-06-02,32.189998626708984,1.25,532.54,0.2,30.17,86.79000091552734,7195.6767578125,-1.05,22981.616
2010-06-03,32.13999938964844,1.25,532.54,0.19,29.46,87.13999938964844,7360.24609375,-1.06,22981.616
2010-06-04,32.209999084472656,1.25,-107.14,0.19,35.48,88.2300033569336,7344.55615234375,-1.06,22981.616
2010-06-07,32.470001220703125,1.25,-107.14,0.19,36.57,88.4000015258789,7157.79736328125,-1.06,22981.616
2010-06-08,32.380001068115234,1.25,-107.14,0.19,33.7,88.38999938964844,7151.95751953125,-1.06,22981.616
2010-06-09,32.400001525878906,1.25,-107.14,0.18,33.73,87.9000015258789,7071.63818359375,-1.07,22981.616
2010-06-10,32.34000015258789,1.25,-107.14,0.18,30.57,87.16999816894531,7181.73681640625,-1.07,22981.616
2010-06-11,32.33000183105469,1.25,-107.14,0.18,28.79,87.51000213623047,7299.45654296875,-1.07,22981.616
2010-06-14,32.20000076293945,1.25,-107.14,0.18,28.58,86.51000213623047,7387.36572265625,-1.07,22981.616
2010-06-15,32.25,1.25,-107.14,0.19,25.87,85.9800033569336,7454.02587890625,-1.06,22981.616
2010-06-17,32.18000030517578,1.25,-107.14,0.19,25.05,85.69000244140625,7515.7451171875,-1.06,22981.616
2010-06-18,32.130001068115234,1.25,-107.14,0.18,23.95,85.69999694824219,7493.07568359375,-1.07,22981.616
2010-06-21,31.729999542236328,1.25,-107.14,0.17,24.88,85.93000030517578,7635.52490234375,-1.08,22981.616
2010-06-22,32.08000183105469,1.25,-107.14,0.18,27.05,86.11000061035156,7612.64501953125,-1.07,22981.616
2010-06-23,32.02000045776367,1.25,-718.93,0.17,26.91,85.73999786376953,7582.11474609375,-1.08,22981.616
2010-06-24,32.029998779296875,1.25,-718.93,0.16,29.74,85.7300033569336,7589.85498046875,-1.09,22981.616
2010-06-25,32.04999923706055,1.375,-718.93,0.16,28.53,85.30999755859375,7474.67578125,-1.215,22981.616
2010-06-28,32.04499816894531,1.375,-718.93,0.17,29.0,85.6500015258789,7500.755859375,-1.205,22981.616
2010-06-29,32.11000061035156,1.375,-718.93,0.15,34.13,86.02999877929688,7423.53564453125,-1.225,22981.616
2010-06-30,32.22999954223633,1.375,-718.93,0.09,34.54,86.0199966430664,7329.33642578125,-1.285,22981.616
2010-07-01,32.16999816894531,1.375,-718.93,0.17,32.86,84.72000122070312,7254.0263671875,-1.205,24140.118
2010-07-02,32.2400016784668,1.375,-718.93,0.18,30.12,84.43000030517578,7330.70654296875,-1.195,24140.118
2010-07-06,32.189998626708984,1.375,-718.93,0.18,29.65,84.08000183105469,7548.44482421875,-1.195,24140.118
2010-07-07,32.150001525878906,1.375,-788.69,0.18,26.84,83.81999969482422,7534.42529296875,-1.195,24140.118
2010-07-08,32.130001068115234,1.375,-788.69,0.17,25.71,83.81999969482422,7608.81494140625,-1.205,24140.118
2010-07-09,32.040000915527344,1.375,-788.69,0.18,24.98,83.94999694824219,7647.21484375,-1.195,24140.118
2010-07-12,32.060001373291016,1.375,-788.69,0.17,24.43,84.19999694824219,7639.5146484375,-1.205,24140.118
2010-07-13,32.154998779296875,1.375,-788.69,0.17,24.56,83.63999938964844,7597.384765625,-1.205,24140.118
2010-07-14,32.130001068115234,1.375,-788.69,0.17,24.89,83.43000030517578,7714.474609375,-1.205,24140.118
2010-07-15,32.11000061035156,1.375,-788.69,0.19,25.14,82.55999755859375,7704.48486328125,-1.185,24140.118
2010-07-16,32.08000183105469,1.375,-788.69,0.19,26.25,82.48999786376953,7664.53466796875,-1.185,24140.118
2010-07-19,32.09000015258789,1.375,545.74,0.19,25.97,82.51000213623047,7649.794921875,-1.185,24140.118
2010-07-20,32.08000183105469,1.375,545.74,0.18,23.93,82.75,7711.99462890625,-1.195,24140.118
2010-07-21,32.099998474121094,1.375,545.74,0.18,25.64,83.38999938964844,7701.2548828125,-1.195,24140.118
2010-07-22,32.14500045776367,1.375,545.74,0.18,24.63,82.5999984741211,7666.3046875,-1.195,24140.118
2010-07-23,32.099998474121094,1.375,545.74,0.19,23.47,82.45999908447266,7761.1845703125,-1.185,24140.118
2010-07-26,32.04999923706055,1.375,545.74,0.19,22.73,82.08999633789062,7787.41455078125,-1.185,24140.118
2010-07-27,31.969999313354492,1.375,545.74,0.19,23.19,82.18000030517578,7747.97412109375,-1.185,24140.118
2010-07-28,32.0099983215332,1.375,128.44,0.2,24.25,82.18000030517578,7784.7744140625,-1.175,24140.118
2010-07-29,31.979999542236328,1.375,128.44,0.19,24.13,81.63999938964844,7798.95458984375,-1.185,24140.118
2010-07-30,31.969999313354492,1.375,128.44,0.18,23.5,81.54000091552734,7760.59423828125,-1.195,24140.118
2010-08-02,31.729999542236328,1.375,128.44,0.19,22.01,80.94000244140625,7911.64306640625,-1.185,24321.275
2010-08-03,31.719999313354492,1.375,128.44,0.19,22.63,80.5999984741211,7957.49267578125,-1.185,24321.275
2010-08-04,31.719999313354492,1.375,-60.45,0.19,22.21,80.88999938964844,7972.623046875,-1.185,24321.275
2010-08-05,31.760000228881836,1.375,-60.45,0.19,22.1,80.81999969482422,7936.81298828125,-1.185,24321.275
2010-08-06,31.729999542236328,1.375,53.65,0.18,21.74,80.41000366210938,7963.2626953125,-1.195,24321.275
2010-08-09,31.670000076293945,1.375,53.65,0.18,22.14,80.70999908447266,8034.45263671875,-1.195,24321.275
2010-08-10,31.6299991607666,1.375,53.65,0.18,22.37,80.80000305175781,7976.70263671875,-1.195,24321.275
2010-08-11,31.729999542236328,1.375,53.65,0.17,25.39,82.29000091552734,7894.99267578125,-1.205,24321.275
2010-08-12,31.834999084472656,1.375,53.65,0.18,25.73,82.63999938964844,7829.75390625,-1.195,24321.275
2010-08-13,31.889999389648438,1.375,53.65,0.19,26.24,82.94999694824219,7891.54296875,-1.185,24321.275
2010-08-16,31.8700008392334,1.375,53.65,0.2,26.1,82.52999877929688,7941.18310546875,-1.175,24321.275
2010-08-17,31.889999389648438,1.375,53.65,0.2,24.33,82.2300033569336,7931.052734375,-1.175,24321.275
2010-08-18,31.850000381469727,1.375,53.65,0.19,24.59,82.22000122070312,7924.06298828125,-1.185,24321.275
2010-08-19,31.850000381469727,1.375,53.65,0.19,26.44,82.44999694824219,7928.90283203125,-1.185,24321.275
2010-08-20,31.8799991607666,1.375,-794.32,0.2,25.49,83.05999755859375,7927.27294921875,-1.175,24321.275
2010-08-23,31.8799991607666,1.375,-794.32,0.19,25.66,83.12000274658203,7975.89306640625,-1.185,24321.275
2010-08-24,31.90999984741211,1.375,-794.32,0.19,27.46,83.1500015258789,7940.60302734375,-1.185,24321.275
2010-08-25,31.979999542236328,1.375,-794.32,0.19,26.7,83.26000213623047,7736.9443359375,-1.185,24321.275
2010-08-26,32.0099983215332,1.375,-794.32,0.19,27.37,82.93000030517578,7689.705078125,-1.185,24321.275
2010-08-27,31.979999542236328,1.375,-794.32,0.19,24.45,82.91999816894531,7722.875,-1.185,24321.275
2010-08-30,31.950000762939453,1.375,-794.32,0.19,27.21,83.16000366210938,7741.16455078125,-1.185,24321.275
2010-08-31,32.0099983215332,1.375,-794.32,0.21,26.05,83.19999694824219,7616.24462890625,-1.165,24321.275
2010-09-01,32.0,1.375,-794.32,0.19,23.89,82.5199966430664,7668.21484375,-1.185,22671.114
2010-09-02,31.989999771118164,1.375,-794.32,0.19,23.19,82.45999908447266,7720.78466796875,-1.185,22671.114
2010-09-03,31.989999771118164,1.375,-794.32,0.19,21.31,83.0999984741211,7830.173828125,-1.185,22671.114
2010-09-07,31.84000015258789,1.375,-794.32,0.2,23.8,82.81999969482422,7884.36279296875,-1.175,22671.114
2010-09-08,31.959999084472656,1.375,-794.32,0.19,23.25,82.58999633789062,7851.2734375,-1.185,22671.114
2010-09-09,31.889999389648438,1.375,66.28,0.18,22.81,82.66999816894531,7835.50390625,-1.195,22671.114
2010-09-10,31.829999923706055,1.375,66.28,0.18,21.99,82.69999694824219,7890.07275390625,-1.195,22671.114
2010-09-13,31.790000915527344,1.375,66.28,0.18,21.21,81.91000366210938,8091.26220703125,-1.195,22671.114
2010-09-14,31.670000076293945,1.375,66.28,0.19,21.56,81.08000183105469,8132.5625,-1.185,22671.114
2010-09-15,31.700000762939453,1.375,66.28,0.21,22.1,81.48999786376953,8163.7822265625,-1.165,22671.114
2010-09-16,31.739999771118164,1.375,66.28,0.21,21.72,81.23999786376953,8099.71240234375,-1.165,22671.114
2010-09-17,31.665000915527344,1.375,66.28,0.21,22.01,81.4000015258789,8158.29248046875,-1.165,22671.114
2010-09-20,31.71500015258789,1.375,66.28,0.21,21.5,81.33999633789062,8186.92236328125,-1.165,22671.114
2010-09-21,31.649999618530273,1.375,66.28,0.2,22.35,80.44000244140625,8196.3603515625,-1.175,22671.114
2010-09-23,31.520000457763672,1.375,66.28,0.2,23.87,80.01000213623047,8202.5,-1.175,22671.114
2010-09-24,31.489999771118164,1.375,66.28,0.21,21.71,79.38999938964844,8166.58251953125,-1.165,22671.114
2010-09-27,31.3700008392334,1.375,66.28,0.19,22.54,79.33999633789062,8191.50244140625,-1.185,22671.114
2010-09-28,31.30500030517578,1.375,982.01,0.19,22.6,79.01000213623047,8189.40234375,-1.185,22671.114
2010-09-29,31.415000915527344,1.375,982.01,0.19,23.25,78.69000244140625,8240.849609375,-1.185,22671.114
2010-09-30,31.18000030517578,1.375,982.01,0.15,23.7,78.72000122070312,8237.740234375,-1.225,22671.114
2010-10-01,31.149999618530273,1.5,982.01,0.2,22.5,78.08999633789062,8244.1396484375,-1.3,24468.76
2010-10-04,31.290000915527344,1.5,982.01,0.2,23.53,78.44999694824219,8246.0595703125,-1.3,24468.76
2010-10-05,31.0,1.5,982.01,0.2,21.76,77.75,8200.3896484375,-1.3,24468.76
2010-10-06,30.959999084472656,1.5,982.01,0.19,21.49,77.38999938964844,8283.990234375,-1.31,24468.76
2010-10-07,30.829999923706055,1.5,-230.23,0.18,21.56,77.38999938964844,8283.8798828125,-1.32,24468.76
2010-10-08,30.729999542236328,1.5,-189.26,0.18,20.71,77.31999969482422,8244.150390625,-1.32,24468.76
2010-10-11,30.84000015258789,1.5,-189.26,0.18,18.96,77.44000244140625,8176.72216796875,-1.32,24468.76
2010-10-12,30.850000381469727,1.5,-189.26,0.18,18.93,77.36000061035156,8090.1826171875,-1.32,24468.76
2010-10-13,30.950000762939453,1.5,-189.26,0.18,19.07,77.06999969482422,8106.62255859375,-1.32,24468.76
2010-10-14,30.899999618530273,1.5,-189.26,0.19,19.88,76.6500015258789,8215.41015625,-1.31,24468.76
2010-10-15,30.65999984741211,1.5,-189.26,0.2,19.03,77.04000091552734,8205.259765625,-1.3,24468.76
2010-10-18,30.649999618530273,1.5,-189.26,0.19,19.09,76.93000030517578,8060.50244140625,-1.31,24468.76
2010-10-19,30.809999465942383,1.5,-189.26,0.19,20.63,78.18000030517578,8046.1923828125,-1.31,24468.76
2010-10-20,30.899999618530273,1.5,-189.26,0.19,19.79,77.16999816894531,8124.58251953125,-1.31,24468.76
2010-10-21,30.809999465942383,1.5,-189.26,0.19,19.27,77.41999816894531,8131.1923828125,-1.31,24468.76
2010-10-22,30.829999923706055,1.5,-189.26,0.19,18.78,77.47000122070312,8168.0224609375,-1.31,24468.76
2010-10-25,30.790000915527344,1.5,-189.26,0.19,19.85,77.0999984741211,8306.9404296875,-1.31,24468.76
2010-10-26,30.600000381469727,1.5,-189.26,0.19,20.22,77.70999908447266,8343.1904296875,-1.31,24468.76
2010-10-27,30.649999618530273,1.5,-189.26,0.19,20.71,78.1500015258789,8291.0,-1.31,24468.76
2010-10-28,30.700000762939453,1.5,-189.26,0.19,20.88,77.30999755859375,8354.009765625,-1.31,24468.76
2010-10-29,30.700000762939453,1.5,-189.26,0.2,21.2,77.2699966430664,8287.0498046875,-1.3,24468.76
2010-11-01,30.842500686645508,1.5,-189.26,0.2,21.83,77.30000305175781,8379.7099609375,-1.3,24645.272
2010-11-02,30.479999542236328,1.5,-189.26,0.2,21.57,76.72000122070312,8344.7197265625,-1.3,24645.272
2010-11-03,30.450000762939453,1.5,-189.26,0.2,19.56,76.4800033569336,8293.8603515625,-1.3,24645.272
2010-11-04,30.400999069213867,1.5,-189.26,0.19,18.52,75.87999725341797,8357.8095703125,-1.31,24645.272
2010-11-05,30.170000076293945,1.5,-189.26,0.18,18.26,76.55000305175781,8449.2998046875,-1.32,24645.272
2010-11-08,30.549999237060547,1.5,-189.26,0.18,18.29,77.02999877929688,8430.5400390625,-1.32,24645.272
2010-11-09,30.18000030517578,1.5,-189.26,0.17,19.08,77.44000244140625,8445.58984375,-1.33,24645.272
2010-11-10,30.135000228881836,1.5,-189.26,0.17,18.47,77.62999725341797,8450.58984375,-1.33,24645.272
2010-11-11,30.149999618530273,1.5,-189.26,0.17,18.64,78.22000122070312,8436.91015625,-1.33,24645.272
2010-11-12,30.09000015258789,1.5,-189.26,0.19,20.61,78.08000183105469,8316.009765625,-1.31,24645.272
2010-11-15,30.18000030517578,1.5,-189.26,0.21,20.2,78.5199966430664,8240.6103515625,-1.29,24645.272
2010-11-16,30.190000534057617,1.5,-834.29,0.21,22.58,79.20999908447266,8312.169921875,-1.29,24645.272
2010-11-17,30.2450008392334,1.5,-834.29,0.2,21.76,79.08000183105469,8255.5,-1.3,24645.272
2010-11-18,30.40999984741211,1.5,-834.29,0.2,18.75,78.62000274658203,8283.41015625,-1.3,24645.272
2010-11-19,30.375,1.5,197.66,0.21,18.04,78.5,8306.080078125,-1.29,24645.272
2010-11-22,30.315000534057617,1.5,197.66,0.19,18.37,78.68000030517578,8374.8701171875,-1.31,24645.272
2010-11-23,30.350000381469727,1.5,4.74,0.2,20.63,79.68000030517578,8328.58984375,-1.3,24645.272
2010-11-24,30.520000457763672,1.5,4.74,0.2,19.56,79.87000274658203,8297.009765625,-1.3,24645.272
2010-11-26,30.360000610351562,1.5,4.74,0.2,22.22,80.36000061035156,8312.1103515625,-1.3,24645.272
2010-11-29,30.454999923706055,1.5,4.74,0.2,21.53,80.83999633789062,8367.1298828125,-1.3,24645.272
2010-11-30,30.5,1.5,4.74,0.2,23.54,81.19999694824219,8372.4404296875,-1.3,24645.272
2010-12-01,30.469999313354492,1.5,4.74,0.2,21.36,80.70999908447266,8520.0703125,-1.3,24053.012
2010-12-02,30.43000030517578,1.5,4.74,0.19,19.39,80.30000305175781,8585.7294921875,-1.31,24053.012
2010-12-03,30.309999465942383,1.5,4.74,0.18,18.01,79.37999725341797,8623.9697265625,-1.32,24053.012
2010-12-06,30.219999313354492,1.5,4.74,0.18,18.02,79.56999969482422,8702.1904296875,-1.32,24053.012
2010-12-07,30.110000610351562,1.5,4.74,0.17,17.99,79.86000061035156,8704.349609375,-1.33,24053.012
2010-12-08,30.100000381469727,1.5,4.74,0.17,17.74,80.0,8703.75,-1.33,24053.012
2010-12-09,30.149999618530273,1.5,4.74,0.16,17.25,80.06999969482422,8753.7998046875,-1.34,24053.012
2010-12-10,30.040000915527344,1.5,4.74,0.16,17.61,80.06999969482422,8718.7900390625,-1.34,24053.012
2010-12-13,30.149999618530273,1.5,4.74,0.17,17.55,79.27999877929688,8736.5498046875,-1.33,24053.012
2010-12-14,30.0,1.5,4.74,0.19,17.61,79.37000274658203,8740.3896484375,-1.31,24053.012
2010-12-15,29.8799991607666,1.5,4.74,0.2,17.94,80.26000213623047,8756.669921875,-1.3,24053.012
2010-12-16,29.780000686645508,1.5,4.74,0.2,17.39,80.18000030517578,8782.16015625,-1.3,24053.012
2010-12-17,29.864999771118164,1.5,4.74,0.2,16.11,80.37000274658203,8817.8603515625,-1.3,24053.012
2010-12-20,29.8700008392334,1.5,4.74,0.21,16.41,80.62999725341797,8768.6796875,-1.29,24053.012
2010-12-21,29.924999237060547,1.5,4.74,0.2,16.49,80.72000122070312,8827.75,-1.3,24053.012
2010-12-22,29.81999969482422,1.5,4.74,0.19,15.45,80.7300033569336,8860.4501953125,-1.31,24053.012
2010-12-23,29.875,1.5,4.74,0.19,16.47,80.5,8898.8291015625,-1.31,24053.012
2010-12-27,29.649999618530273,1.5,4.74,0.19,17.67,80.37000274658203,8892.2685546875,-1.31,24053.012
2010-12-28,29.450000762939453,1.5,4.74,0.18,17.52,80.36000061035156,8870.7197265625,-1.32,24053.012
2010-12-29,29.450000762939453,1.5,4.74,0.18,17.28,79.80000305175781,8866.3095703125,-1.32,24053.012
2010-12-30,29.375,1.5,4.74,0.19,17.52,79.5199966430664,8907.869140625,-1.31,24053.012
2010-12-31,29.040000915527344,1.625,-867.81,0.13,17.75,79.02999877929688,8972.458984375,-1.495,24053.012
2011-01-03,29.165000915527344,1.625,-867.81,0.19,17.61,79.12999725341797,9025.2587890625,-1.435,25608.802
2011-01-04,29.049999237060547,1.625,-867.81,0.18,17.38,79.44000244140625,8997.1494140625,-1.445,25608.802
2011-01-05,29.170000076293945,1.625,-508.07,0.18,17.02,80.26000213623047,8846.26953125,-1.445,25608.802
2011-01-06,29.165000915527344,1.625,-508.07,0.17,17.4,80.79000091552734,8883.1689453125,-1.455,25608.802
2011-01-07,29.2549991607666,1.625,-508.07,0.17,17.14,81.01000213623047,8782.6796875,-1.455,25608.802
2011-01-10,29.354999542236328,1.625,-508.07,0.17,17.54,80.87999725341797,8817.83984375,-1.455,25608.802
2011-01-11,29.239999771118164,1.625,-508.07,0.17,16.89,80.8499984741211,8931.3193359375,-1.455,25608.802
2011-01-12,29.1299991607666,1.625,-508.07,0.16,16.24,80.02999877929688,8964.958984375,-1.465,25608.802
2011-01-13,28.90999984741211,1.625,-508.07,0.16,16.39,79.19000244140625,8975.5390625,-1.465,25608.802
2011-01-14,29.165000915527344,1.625,-508.07,0.16,15.46,79.16000366210938,8972.46875,-1.465,25608.802
2011-01-18,29.03499984741211,1.625,-508.07,0.19,15.87,78.95999908447266,8987.958984375,-1.435,25608.802
2011-01-19,29.024999618530273,1.625,-508.07,0.18,17.31,78.63999938964844,9085.9775390625,-1.445,25608.802
2011-01-20,28.979999542236328,1.625,581.56,0.18,17.99,78.81999969482422,9022.12890625,-1.445,25608.802
2011-01-21,29.2450008392334,1.625,581.56,0.17,18.47,78.20999908447266,8954.3388671875,-1.455,25608.802
2011-01-24,29.079999923706055,1.625,212.99,0.18,17.65,78.05000305175781,8947.7490234375,-1.445,25608.802
2011-01-25,29.049999237060547,1.625,212.99,0.17,17.59,78.0,8991.3486328125,-1.455,25608.802
2011-01-26,29.020000457763672,1.625,212.99,0.17,16.64,77.9000015258789,9055.5478515625,-1.455,25608.802
2011-01-27,29.05500030517578,1.625,212.99,0.17,16.15,77.7300033569336,9102.2880859375,-1.455,25608.802
2011-01-28,28.989999771118164,1.625,212.99,0.17,20.04,78.12999725341797,9145.3076171875,-1.455,25608.802
2011-02-08,29.024999618530273,1.625,212.99,0.16,15.81,78.0,9111.41796875,-1.465,21496.231
2011-02-09,28.8799991607666,1.625,212.99,0.15,15.87,77.63999938964844,9006.779296875,-1.475,21496.231
2011-02-10,28.790000915527344,1.625,212.99,0.15,16.09,78.25,8836.51953125,-1.475,21496.231
2011-02-11,28.899999618530273,1.625,212.99,0.15,15.69,78.45999908447266,8609.8203125,-1.475,21496.231
2011-02-14,29.299999237060547,1.625,212.99,0.15,15.95,78.61000061035156,8685.4296875,-1.475,21496.231
2011-02-15,29.309999465942383,1.625,212.99,0.16,16.37,78.56999969482422,8721.8896484375,-1.465,21496.231
2011-02-16,29.3799991607666,1.625,212.99,0.15,16.72,78.22000122070312,8712.919921875,-1.475,21496.231
2011-02-17,29.360000610351562,1.625,212.99,0.15,16.59,78.0,8683.83984375,-1.475,21496.231
2011-02-18,29.415000915527344,1.625,212.99,0.15,16.43,77.66000366210938,8843.7998046875,-1.475,21496.231
2011-02-22,29.309999465942383,1.625,212.99,0.15,20.8,77.7699966430664,8673.6298828125,-1.475,21496.231
2011-02-23,29.524999618530273,1.625,212.99,0.15,22.13,77.41000366210938,8528.900390625,-1.475,21496.231
2011-02-24,29.56999969482422,1.625,212.99,0.15,21.32,77.05999755859375,8541.599609375,-1.475,21496.231
2011-02-25,29.795000076293945,1.625,212.99,0.15,19.22,77.27999877929688,8599.6103515625,-1.475,21496.231
2011-03-01,29.7450008392334,1.625,900.01,0.15,21.01,77.05000305175781,8727.51953125,-1.475,27550.79
2011-03-02,29.53499984741211,1.625,900.01,0.16,20.7,76.66999816894531,8619.8603515625,-1.465,27550.79
2011-03-03,29.6299991607666,1.625,900.01,0.15,18.6,76.4800033569336,8738.330078125,-1.475,27550.79
2011-03-04,29.44499969482422,1.625,900.01,0.15,19.06,76.4000015258789,8784.3603515625,-1.475,27550.79
2011-03-07,29.3799991607666,1.625,900.01,0.14,20.66,76.5,8713.75,-1.4849999999999999,27550.79
2011-03-08,29.344999313354492,1.625,817.32,0.14,19.82,76.80000305175781,8747.7099609375,-1.4849999999999999,27550.79
2011-03-09,29.415000915527344,1.625,-702.27,0.14,20.22,76.72000122070312,8749.9794921875,-1.4849999999999999,27550.79
2011-03-10,29.344999313354492,1.625,-702.27,0.14,21.88,77.27999877929688,8642.8603515625,-1.4849999999999999,27550.79
2011-03-11,29.450000762939453,1.625,-702.27,0.13,20.08,76.77999877929688,8567.7802734375,-1.495,27550.79
2011-03-14,29.520000457763672,1.625,-702.27,0.14,21.13,76.3499984741211,8519.9794921875,-1.4849999999999999,27550.79
2011-03-15,29.475000381469727,1.625,-702.27,0.14,24.32,76.33000183105469,8234.740234375,-1.4849999999999999,27550.79
2011-03-16,29.540000915527344,1.625,-702.27,0.14,29.4,76.68000030517578,8324.5400390625,-1.4849999999999999,27550.79
2011-03-17,29.530000686645508,1.625,-702.27,0.14,26.37,76.04000091552734,8282.650390625,-1.4849999999999999,27550.79
2011-03-18,29.549999237060547,1.625,-702.27,0.15,24.44,75.72000122070312,8394.7099609375,-1.475,27550.79
2011-03-21,29.549999237060547,1.625,-702.27,0.14,20.61,75.4000015258789,8467.669921875,-1.4849999999999999,27550.79
2011-03-22,29.520000457763672,1.625,-702.27,0.14,20.21,75.43000030517578,8508.0,-1.4849999999999999,27550.79
2011-03-23,29.540000915527344,1.625,-702.27,0.14,19.17,75.79000091552734,8545.0400390625,-1.4849999999999999,27550.79
2011-03-24,29.575000762939453,1.625,109.07,0.13,18.0,75.66000366210938,8576.3603515625,-1.495,27550.79
2011-03-25,29.514999389648438,1.625,109.07,0.13,17.91,76.22000122070312,8610.349609375,-1.495,27550.79
2011-03-28,29.43000030517578,1.625,109.07,0.13,19.44,76.12999725341797,8553.01953125,-1.495,27550.79
2011-03-29,29.469999313354492,1.625,109.07,0.13,18.16,76.25,8596.5302734375,-1.495,27550.79
2011-03-30,29.469999313354492,1.625,109.07,0.13,17.71,76.12000274658203,8646.26953125,-1.495,27550.79
2011-03-31,29.479999542236328,1.625,109.07,0.1,17.74,75.86000061035156,8683.259765625,-1.525,27550.79
2011-04-01,29.399999618530273,1.75,799.03,0.11,17.4,75.83000183105469,8705.08984375,-1.64,27610.139
2011-04-06,29.315000534057617,1.75,799.03,0.1,16.9,75.51000213623047,8851.9404296875,-1.65,27610.139
2011-04-07,28.940000534057617,1.75,799.03,0.1,17.11,75.58999633789062,8901.6787109375,-1.65,27610.139
2011-04-08,28.90999984741211,1.75,799.03,0.09,17.87,75.06999969482422,8894.4990234375,-1.66,27610.139
2011-04-11,28.920000076293945,1.75,799.03,0.09,16.59,75.05999755859375,8880.228515625,-1.66,27610.139
2011-04-12,28.90999984741211,1.75,799.03,0.08,17.09,74.8499984741211,8732.5498046875,-1.67,27610.139
2011-04-13,29.079999923706055,1.75,799.03,0.08,16.92,74.9800033569336,8780.16015625,-1.67,27610.139
2011-04-14,29.030000686645508,1.75,799.03,0.09,16.27,74.68000030517578,8802.6904296875,-1.66,27610.139
2011-04-18,28.969999313354492,1.75,799.03,0.1,16.96,75.5,8714.4404296875,-1.65,27610.139
2011-04-19,29.079999923706055,1.75,799.03,0.11,15.83,75.02999877929688,8638.509765625,-1.64,27610.139
2011-04-20,29.049999237060547,1.75,799.03,0.1,15.07,74.37000274658203,8813.240234375,-1.65,27610.139
2011-04-21,28.950000762939453,1.75,799.03,0.1,14.69,74.0,8957.609375,-1.65,27610.139
2011-04-25,28.850000381469727,1.75,799.03,0.1,15.77,73.98999786376953,8950.708984375,-1.65,27610.139
2011-04-26,28.889999389648438,1.75,132.71,0.09,15.62,73.83999633789062,8948.0986328125,-1.66,27610.139
2011-04-27,29.010000228881836,1.75,132.71,0.09,15.35,73.5199966430664,9049.208984375,-1.66,27610.139
2011-04-28,28.854999542236328,1.75,132.71,0.09,14.62,73.12000274658203,9040.728515625,-1.66,27610.139
2011-04-29,28.674999237060547,1.75,132.71,0.09,14.75,72.93000030517578,9007.8291015625,-1.66,27610.139
2011-05-03,28.670000076293945,1.75,132.71,0.09,16.7,73.13999938964844,8946.0390625,-1.66,28178.985
2011-05-04,28.59000015258789,1.75,132.71,0.09,17.08,73.02999877929688,8947.30859375,-1.66,28178.985
2011-05-05,28.565000534057617,1.75,132.71,0.09,18.2,74.19000244140625,9018.5693359375,-1.66,28178.985
2011-05-06,28.540000915527344,1.75,132.71,0.09,18.4,74.83999633789062,8977.189453125,-1.66,28178.985
2011-05-09,28.600000381469727,1.75,132.71,0.09,17.16,74.73999786376953,9035.439453125,-1.66,28178.985
2011-05-10,28.610000610351562,1.75,132.71,0.09,15.91,74.61000061035156,9023.2392578125,-1.66,28178.985
2011-05-11,28.579999923706055,1.75,132.71,0.09,16.95,75.33000183105469,9020.359375,-1.66,28178.985
2011-05-12,28.5,1.75,132.71,0.09,16.03,75.23999786376953,9033.638671875,-1.66,28178.985
2011-05-13,28.559999465942383,1.75,132.71,0.09,17.07,75.76000213623047,9006.5693359375,-1.66,28178.985
2011-05-16,28.635000228881836,1.75,132.71,0.1,18.24,75.47000122070312,8911.6689453125,-1.65,28178.985
2011-05-17,28.799999237060547,1.75,132.71,0.09,17.55,75.4000015258789,8884.048828125,-1.66,28178.985
2011-05-18,28.844999313354492,1.75,243.85,0.1,16.23,75.47000122070312,8944.798828125,-1.65,28178.985
2011-05-19,28.850000381469727,1.75,243.85,0.09,15.52,75.12000274658203,8892.8388671875,-1.66,28178.985
2011-05-20,28.815000534057617,1.75,243.85,0.1,17.43,75.43000030517578,8836.990234375,-1.65,28178.985
2011-05-23,28.809999465942383,1.75,243.85,0.1,18.27,76.0999984741211,8747.4697265625,-1.65,28178.985
2011-05-24,28.979999542236328,1.75,243.85,0.1,17.82,75.87999725341797,8756.5703125,-1.65,28178.985
2011-05-25,28.8799991607666,1.75,243.85,0.09,17.07,75.93000030517578,8727.0498046875,-1.66,28178.985
2011-05-26,28.940000534057617,1.75,243.85,0.09,16.09,75.55000305175781,8788.3603515625,-1.66,28178.985
2011-05-27,28.885000228881836,1.75,-409.91,0.1,15.98,74.94999694824219,8809.9599609375,-1.65,28178.985
2011-05-31,28.719999313354492,1.75,-409.91,0.1,15.45,74.63999938964844,8988.798828125,-1.65,28178.985
2011-06-01,28.639999389648438,1.75,-409.91,0.1,18.3,74.68000030517578,9062.3076171875,-1.65,25453.532
2011-06-02,28.575000762939453,1.75,135.59,0.1,18.09,74.33000183105469,8991.3193359375,-1.65,25453.532
2011-06-03,28.68000030517578,1.75,135.59,0.11,17.95,73.77999877929688,9046.2392578125,-1.64,25453.532
2011-06-07,28.6200008392334,1.75,135.59,0.09,18.07,73.5199966430664,9057.0576171875,-1.66,25453.532
2011-06-08,28.65999984741211,1.75,842.33,0.09,18.79,73.93000030517578,9007.4892578125,-1.66,25453.532
2011-06-09,28.6299991607666,1.75,-877.44,0.09,17.77,74.19000244140625,9000.8994140625,-1.66,25453.532
2011-06-10,28.71500015258789,1.75,-877.44,0.09,18.86,74.79000091552734,8837.7802734375,-1.66,25453.532
2011-06-13,28.774999618530273,1.75,-877.44,0.1,19.61,74.51000213623047,8712.91015625,-1.65,25453.532
2011-06-14,28.790000915527344,1.75,-877.44,0.1,18.26,74.33000183105469,8829.169921875,-1.65,25453.532
2011-06-15,28.790000915527344,1.75,-877.44,0.1,21.32,75.5999984741211,8831.41015625,-1.65,25453.532
2011-06-16,28.790000915527344,1.75,-877.44,0.1,22.73,75.75,8654.3896484375,-1.65,25453.532
2011-06-17,28.8700008392334,1.75,-877.44,0.1,21.85,74.98999786376953,8636.0595703125,-1.65,25453.532
2011-06-20,28.93000030517578,1.75,-745.83,0.09,19.99,75.02999877929688,8530.6396484375,-1.66,25453.532
2011-06-21,28.94499969482422,1.75,-745.83,0.09,18.86,74.54000091552734,8597.580078125,-1.66,25453.532
2011-06-22,28.854999542236328,1.75,-388.35,0.09,18.52,74.77999877929688,8621.0,-1.66,25453.532
2011-06-23,28.780000686645508,1.75,-517.48,0.08,19.29,75.44999694824219,8567.240234375,-1.67,25453.532
2011-06-24,28.81999969482422,1.75,287.85,0.08,21.1,75.66999816894531,8532.7900390625,-1.67,25453.532
2011-06-27,28.8799991607666,1.75,-737.92,0.08,20.56,75.38999938964844,8500.1201171875,-1.67,25453.532
2011-06-28,28.889999389648438,1.75,-737.92,0.08,19.17,75.05999755859375,8478.8203125,-1.67,25453.532
2011-06-29,28.899999618530273,1.75,-737.92,0.07,17.27,74.69000244140625,8573.33984375,-1.68,25453.532
2011-06-30,28.84000015258789,1.75,-737.92,0.07,16.52,74.30000305175781,8652.5498046875,-1.68,25453.532
2011-07-01,28.795000076293945,1.875,-737.92,0.08,15.87,74.3499984741211,8739.7802734375,-1.795,28476.917
2011-07-05,28.65999984741211,1.875,-287.84,0.08,16.06,74.69000244140625,8784.400390625,-1.795,28476.917
2011-07-06,28.75,1.875,-287.84,0.07,16.34,75.12000274658203,8824.400390625,-1.805,28476.917
2011-07-07,28.825000762939453,1.875,906.3,0.07,15.95,74.95999908447266,8773.3798828125,-1.805,28476.917
2011-07-08,28.809999465942383,1.875,906.3,0.07,15.95,75.18000030517578,8749.509765625,-1.805,28476.917
2011-07-11,28.719999313354492,1.875,906.3,0.07,18.39,75.98999786376953,8665.8095703125,-1.805,28476.917
2011-07-12,28.82200050354004,1.875,906.3,0.06,19.87,75.80999755859375,8490.9697265625,-1.815,28476.917
2011-07-13,28.905000686645508,1.875,906.3,0.06,19.91,75.20999908447266,8488.01953125,-1.815,28476.917
2011-07-14,28.790000915527344,1.875,906.3,0.06,20.8,75.25,8481.3095703125,-1.815,28476.917
2011-07-15,28.809999465942383,1.875,906.3,0.06,19.53,75.12999725341797,8574.8701171875,-1.815,28476.917
2011-07-18,28.26799964904785,1.875,906.3,0.06,20.95,75.4800033569336,8538.5302734375,-1.815,28476.917
2011-07-19,28.8799991607666,1.875,906.3,0.06,19.21,75.22000122070312,8524.5302734375,-1.815,28476.917
2011-07-20,28.8799991607666,1.875,906.3,0.06,19.09,74.79000091552734,8706.1298828125,-1.815,28476.917
2011-07-21,28.809999465942383,1.875,906.3,0.06,17.56,74.0199966430664,8717.099609375,-1.815,28476.917
2011-07-22,28.799999237060547,1.875,906.3,0.06,17.52,74.19999694824219,8765.2802734375,-1.815,28476.917
2011-07-25,28.809999465942383,1.875,-841.07,0.06,19.35,74.05999755859375,8683.4697265625,-1.815,28476.917
2011-07-26,28.790000915527344,1.875,-841.07,0.06,20.23,73.47000122070312,8794.2001953125,-1.815,28476.917
2011-07-27,28.81999969482422,1.875,-841.07,0.07,22.98,74.08999633789062,8817.4501953125,-1.805,28476.917
2011-07-28,28.770000457763672,1.875,-841.07,0.08,23.74,74.22000122070312,8767.16015625,-1.795,28476.917
2011-07-29,28.790000915527344,1.875,-841.07,0.11,25.25,73.9000015258789,8644.1396484375,-1.765,28476.917
2011-08-01,28.8700008392334,1.875,-841.07,0.17,23.66,74.26000213623047,8701.33984375,-1.705,26149.33
2011-08-02,28.770000457763672,1.875,-841.07,0.16,24.79,74.51000213623047,8584.6796875,-1.715,26149.33
2011-08-03,28.790000915527344,1.875,-841.07,0.12,23.38,74.04000091552734,8456.8203125,-1.755,26149.33
2011-08-04,28.81999969482422,1.875,-841.07,0.09,31.66,75.12000274658203,8317.2294921875,-1.785,26149.33
2011-08-05,28.899999618530273,1.875,-841.07,0.08,32.0,74.5999984741211,7853.09326171875,-1.795,26149.33
2011-08-08,28.969999313354492,1.875,-841.07,0.11,48.0,74.79000091552734,7552.7646484375,-1.765,26149.33
2011-08-09,28.959999084472656,1.875,-841.07,0.1,35.06,74.61000061035156,7493.0859375,-1.775,26149.33
2011-08-10,28.950000762939453,1.875,-841.07,0.1,42.99,74.63999938964844,7736.28466796875,-1.775,26149.33
2011-08-11,28.90999984741211,1.875,-841.07,0.09,39.0,74.68000030517578,7719.0546875,-1.785,26149.33
2011-08-12,29.0,1.875,-841.07,0.1,36.36,74.61000061035156,7636.98486328125,-1.775,26149.33
2011-08-15,28.277000427246094,1.875,-841.07,0.1,31.87,73.83999633789062,7819.3544921875,-1.775,26149.33
2011-08-16,27.96299934387207,1.875,-841.07,0.09,32.85,74.01000213623047,7798.55419921875,-1.785,26149.33
2011-08-17,28.19499969482422,1.875,-841.07,0.09,31.58,73.66999816894531,7741.72412109375,-1.785,26149.33
2011-08-18,28.860000610351562,1.875,-841.07,0.09,42.67,74.23999786376953,7614.93505859375,-1.785,26149.33
2011-08-19,28.274999618530273,1.875,-841.07,0.09,43.05,73.98999786376953,7342.92626953125,-1.785,26149.33
2011-08-22,28.14299964904785,1.875,-361.53,0.09,42.44,74.06999969482422,7312.55615234375,-1.785,26149.33
2011-08-23,28.950000762939453,1.875,60.0,0.08,36.27,73.87000274658203,7550.19482421875,-1.795,26149.33
2011-08-24,28.96500015258789,1.875,60.0,0.08,35.9,74.01000213623047,7502.89599609375,-1.795,26149.33
2011-08-25,28.93000030517578,1.875,60.0,0.08,39.76,74.27999877929688,7410.8359375,-1.795,26149.33
2011-08-26,29.0,1.875,60.0,0.09,35.59,73.80999755859375,7445.06591796875,-1.785,26149.33
2011-08-29,28.236000061035156,1.875,60.0,0.09,32.28,73.72000122070312,7577.974609375,-1.785,26149.33
2011-08-30,29.020000457763672,1.875,60.0,0.08,32.89,73.94000244140625,7646.15478515625,-1.795,26149.33
2011-08-31,29.010000228881836,1.875,60.0,0.08,31.62,74.12999725341797,7741.32421875,-1.795,26149.33
2011-09-01,28.940000534057617,1.875,60.0,0.08,31.82,74.4800033569336,7757.72412109375,-1.795,24982.938
2011-09-02,28.93000030517578,1.875,60.0,0.08,33.92,74.75,7757.0244140625,-1.795,24982.938
2011-09-06,28.989999771118164,1.875,60.0,0.09,37.0,75.91999816894531,7367.15625,-1.785,24982.938
2011-09-07,29.110000610351562,1.875,60.0,0.09,33.38,75.45999908447266,7528.97509765625,-1.785,24982.938
2011-09-08,29.049999237060547,1.875,60.0,0.09,34.32,76.23999786376953,7548.3349609375,-1.785,24982.938
2011-09-09,29.030000686645508,1.875,60.0,0.09,38.52,77.19000244140625,7610.53466796875,-1.785,24982.938
2011-09-13,28.551000595092773,1.875,60.0,0.09,36.91,76.91000366210938,7391.3359375,-1.785,24982.938
2011-09-14,29.469999313354492,1.875,60.0,0.08,34.6,76.83000183105469,7228.43701171875,-1.795,24982.938
2011-09-15,29.610000610351562,1.875,60.0,0.09,31.97,76.23999786376953,7385.64599609375,-1.785,24982.938
2011-09-16,29.530000686645508,1.875,60.0,0.09,30.98,76.58000183105469,7577.36474609375,-1.785,24982.938
2011-09-19,29.540000915527344,1.875,60.0,0.09,32.73,77.38999938964844,7480.845703125,-1.785,24982.938
2011-09-20,29.700000762939453,1.875,60.0,0.09,32.86,77.02999877929688,7492.81591796875,-1.785,24982.938
2011-09-21,29.8799991607666,1.875,60.0,0.08,37.32,77.33999633789062,7535.84521484375,-1.795,24982.938
2011-09-22,29.90999984741211,1.875,60.0,0.08,41.35,78.37999725341797,7305.46630859375,-1.795,24982.938
2011-09-23,30.40999984741211,1.875,60.0,0.08,41.25,78.30000305175781,7046.1884765625,-1.795,24982.938
2011-09-26,30.43000030517578,1.875,60.0,0.08,39.02,78.36000061035156,6877.08837890625,-1.795,24982.938
2011-09-27,30.440000534057617,1.875,60.0,0.08,37.71,77.51000213623047,7089.91796875,-1.795,24982.938
2011-09-28,30.270000457763672,1.875,60.0,0.08,41.08,77.8499984741211,7146.947265625,-1.795,24982.938
2011-09-29,30.280000686645508,1.875,60.0,0.08,38.84,77.91999816894531,7182.57666015625,-1.795,24982.938
2011-09-30,30.5,1.875,60.0,0.06,42.96,78.55000305175781,7225.3466796875,-1.815,24982.938
2011-10-03,30.450000762939453,1.875,60.0,0.08,45.45,79.44999694824219,7013.9384765625,-1.795,27437.274
2011-10-04,30.530000686645508,1.875,60.0,0.07,40.82,79.5999984741211,7047.83837890625,-1.805,27437.274
2011-10-05,29.54599952697754,1.875,60.0,0.07,37.81,78.91000366210938,6989.1181640625,-1.805,27437.274
2011-10-06,30.6200008392334,1.875,60.0,0.07,36.27,78.52999877929688,7131.96728515625,-1.805,27437.274
2011-10-07,30.530000686645508,1.875,60.0,0.07,36.2,78.72000122070312,7211.9267578125,-1.805,27437.274
2011-10-11,29.75200080871582,1.875,60.0,0.07,32.86,77.58000183105469,7398.67578125,-1.805,27437.274
2011-10-12,29.509000778198242,1.875,60.0,0.07,31.26,76.98999786376953,7382.31591796875,-1.805,27437.274
2011-10-13,30.260000228881836,1.875,60.0,0.07,30.7,76.98999786376953,7428.2958984375,-1.805,27437.274
2011-10-14,30.270000457763672,1.875,60.0,0.07,28.24,76.62000274658203,7358.04638671875,-1.805,27437.274
2011-10-17,29.42099952697754,1.875,60.0,0.07,33.39,77.13999938964844,7461.0859375,-1.805,27437.274
2011-10-18,30.1200008392334,1.875,60.0,0.07,31.56,77.12999725341797,7359.4462890625,-1.805,27437.274
2011-10-19,30.15999984741211,1.875,60.0,0.07,34.44,77.11000061035156,7353.33642578125,-1.805,27437.274
2011-10-20,30.020000457763672,1.875,60.0,0.07,34.78,76.97000122070312,7244.28662109375,-1.805,27437.274
2011-10-21,30.09000015258789,1.875,60.0,0.07,31.32,76.30000305175781,7254.47607421875,-1.805,27437.274
2011-10-24,29.253999710083008,1.875,60.0,0.07,29.26,76.0199966430664,7470.265625,-1.805,27437.274
2011-10-25,1.8014999628067017,1.875,60.0,0.07,32.22,76.25,7491.17578125,-1.805,27437.274
2011-10-26,30.110000610351562,1.875,453.14,0.08,29.86,76.19999694824219,7535.78515625,-1.795,27437.274
2011-10-27,30.09000015258789,1.875,453.14,0.07,25.46,74.87000274658203,7565.1748046875,-1.805,27437.274
2011-10-28,30.040000915527344,1.875,453.14,0.07,24.53,75.08999633789062,7616.02490234375,-1.805,27437.274
2011-10-31,29.81999969482422,1.875,246.38,0.09,29.96,76.16999816894531,7587.65478515625,-1.785,27437.274
2011-11-01,29.215999603271484,1.875,246.38,0.08,34.77,77.26000213623047,7621.974609375,-1.795,24943.842
2011-11-02,30.079999923706055,1.875,246.38,0.08,32.74,77.01000213623047,7598.4150390625,-1.795,24943.842
2011-11-03,29.375,1.875,246.38,0.09,30.5,76.66999816894531,7460.27587890625,-1.785,24943.842
2011-11-04,29.457000732421875,1.875,246.38,0.08,30.16,76.91000366210938,7603.19482421875,-1.795,24943.842
2011-11-07,29.381999969482422,1.875,246.38,0.08,29.85,76.95999908447266,7621.68505859375,-1.795,24943.842
2011-11-08,30.094999313354492,1.875,246.38,0.08,27.48,76.66999816894531,7600.7548828125,-1.795,24943.842
2011-11-09,30.010000228881836,1.875,246.38,0.08,36.16,77.93000030517578,7561.82470703125,-1.795,24943.842
2011-11-10,30.06999969482422,1.875,246.38,0.08,32.81,77.63999938964844,7308.646484375,-1.795,24943.842
2011-11-11,30.229999542236328,1.875,246.38,0.08,30.04,76.94000244140625,7367.25634765625,-1.795,24943.842
2011-11-14,29.200000762939453,1.875,246.38,0.08,31.13,77.55999755859375,7525.615234375,-1.795,24943.842
2011-11-15,30.1200008392334,1.875,246.38,0.09,31.22,77.87999725341797,7491.02587890625,-1.785,24943.842
2011-11-16,30.200000762939453,1.875,246.38,0.08,33.51,78.16000366210938,7387.48583984375,-1.795,24943.842
2011-11-17,29.466999053955078,1.875,246.38,0.08,34.51,78.29000091552734,7387.77587890625,-1.795,24943.842
2011-11-18,29.506000518798828,1.875,246.38,0.08,32.0,78.0199966430664,7233.74658203125,-1.795,24943.842
2011-11-21,29.66699981689453,1.875,246.38,0.08,32.91,78.30000305175781,7042.6083984375,-1.795,24943.842
2011-11-22,30.290000915527344,1.875,246.38,0.08,31.97,78.2300033569336,6999.998046875,-1.795,24943.842
2011-11-23,30.260000228881836,1.875,246.38,0.09,33.98,79.0,6806.39892578125,-1.785,24943.842
2011-11-25,29.698999404907227,1.875,246.38,0.07,34.47,79.61000061035156,6784.48876953125,-1.805,24943.842
2011-11-28,29.68000030517578,1.875,246.38,0.08,32.13,79.29000091552734,6898.748046875,-1.795,24943.842
2011-11-29,30.329999923706055,1.875,246.38,0.08,30.64,79.0,6988.6181640625,-1.795,24943.842
2011-11-30,30.34000015258789,1.875,246.38,0.1,27.8,78.38999938964844,6904.08837890625,-1.775,24943.842
2011-12-01,30.309999465942383,1.875,246.38,0.08,27.41,78.31999969482422,7178.65673828125,-1.795,24293.619
2011-12-02,30.059999465942383,1.875,246.38,0.08,27.52,78.62999725341797,7140.6474609375,-1.795,24293.619
2011-12-05,29.66200065612793,1.875,246.38,0.08,27.84,78.61000061035156,7098.0478515625,-1.795,24293.619
2011-12-06,30.1299991607666,1.875,770.72,0.08,28.13,78.51000213623047,6956.248046875,-1.795,24293.619
2011-12-07,30.149999618530273,1.875,770.72,0.08,28.67,78.4800033569336,7032.96826171875,-1.795,24293.619
2011-12-08,30.149999618530273,1.875,770.72,0.07,30.59,78.80999755859375,6982.8681640625,-1.805,24293.619
2011-12-09,30.155000686645508,1.875,770.72,0.07,26.38,78.62999725341797,6893.26806640625,-1.805,24293.619
2011-12-12,29.549999237060547,1.875,770.72,0.07,25.67,79.56999969482422,6949.00830078125,-1.805,24293.619
2011-12-13,29.632999420166016,1.875,770.72,0.07,25.41,80.25,6896.2783203125,-1.805,24293.619
2011-12-14,30.200000762939453,1.875,-412.45,0.07,26.04,80.52999877929688,6922.5380859375,-1.805,24293.619
2011-12-15,30.280000686645508,1.875,-412.45,0.07,25.11,80.23999786376953,6764.55859375,-1.805,24293.619
2011-12-16,30.309999465942383,1.875,-274.71,0.07,24.29,80.25,6785.05859375,-1.805,24293.619
2011-12-19,29.548999786376953,1.875,-274.71,0.07,24.92,80.25,6633.29931640625,-1.805,24293.619
2011-12-20,30.350000381469727,1.875,-274.71,0.07,23.22,79.87999725341797,6662.609375,-1.805,24293.619
2011-12-21,30.299999237060547,1.875,-274.71,0.07,21.43,80.0199966430664,6966.4482421875,-1.805,24293.619
2011-12-22,29.51300048828125,1.875,-348.74,0.07,21.16,79.91999816894531,6966.318359375,-1.805,24293.619
2011-12-23,30.25,1.875,-348.74,0.08,20.73,80.01000213623047,7110.69775390625,-1.795,24293.619
2011-12-27,30.25,1.875,701.1,0.07,21.91,79.79000091552734,7084.99755859375,-1.805,24293.619
2011-12-28,30.299999237060547,1.875,701.1,0.07,23.52,80.48999786376953,7056.63818359375,-1.805,24293.619
2011-12-29,30.299999237060547,1.875,701.1,0.07,22.65,80.4800033569336,7074.7880859375,-1.805,24293.619
2011-12-30,30.25,1.875,701.1,0.04,23.4,80.16999816894531,7072.04833984375,-1.835,24293.619
2012-01-03,29.54400062561035,1.875,701.1,0.07,22.97,79.61000061035156,7053.34814453125,-1.805,21372.578
2012-01-04,30.239999771118164,1.875,701.1,0.07,22.22,80.08999633789062,7082.93798828125,-1.805,21372.578
2012-01-05,30.299999237060547,1.875,-106.45,0.07,21.48,80.94000244140625,7130.8271484375,-1.805,21372.578
2012-01-06,30.239999771118164,1.875,-106.45,0.07,20.63,81.23999786376953,7120.47705078125,-1.805,21372.578
2012-01-09,29.639999389648438,1.875,511.27,0.08,21.07,81.05000305175781,7093.0078125,-1.795,21372.578
2012-01-10,30.1299991607666,1.875,511.27,0.08,20.69,80.80000305175781,7178.8369140625,-1.795,21372.578
2012-01-11,30.024999618530273,1.875,511.27,0.08,21.05,81.3499984741211,7188.1767578125,-1.795,21372.578
2012-01-12,29.959999084472656,1.875,511.27,0.08,20.47,80.7699966430664,7186.546875,-1.795,21372.578
2012-01-13,29.889999389648438,1.875,511.27,0.09,20.91,81.43000030517578,7181.5068359375,-1.785,21372.578
2012-01-17,29.2549991607666,1.875,511.27,0.09,22.2,81.18000030517578,7221.046875,-1.785,21372.578
2012-01-18,29.93000030517578,1.875,511.27,0.09,20.89,80.5999984741211,7233.65673828125,-1.785,21372.578
2012-01-30,28.951000213623047,1.875,511.27,0.09,19.4,79.16000366210938,7407.3759765625,-1.785,21372.578
2012-01-31,29.770000457763672,1.875,511.27,0.11,19.44,79.27999877929688,7517.04541015625,-1.765,21372.578
2012-02-01,29.510000228881836,1.875,-252.62,0.11,18.55,78.91999816894531,7549.1748046875,-1.765,23768.102
2012-02-02,29.559999465942383,1.875,-252.62,0.11,17.98,78.97000122070312,7652.4248046875,-1.765,23768.102
2012-02-03,29.469999313354492,1.875,685.28,0.11,17.1,78.94000244140625,7674.955078125,-1.765,23768.102
2012-02-06,29.469999313354492,1.875,685.28,0.11,17.76,79.08999633789062,7687.94482421875,-1.765,23768.102
2012-02-07,29.610000610351562,1.875,685.28,0.11,17.65,78.56999969482422,7707.40478515625,-1.765,23768.102
2012-02-08,29.530000686645508,1.875,685.28,0.11,18.16,78.63999938964844,7869.87353515625,-1.765,23768.102
2012-02-09,29.479999542236328,1.875,685.28,0.11,18.63,78.55999755859375,7910.74267578125,-1.765,23768.102
2012-02-10,29.420000076293945,1.875,685.28,0.12,20.79,79.11000061035156,7862.2333984375,-1.755,23768.102
2012-02-13,29.559999465942383,1.875,685.28,0.12,19.04,78.94000244140625,7912.873046875,-1.755,23768.102
2012-02-14,29.440000534057617,1.875,685.28,0.12,19.54,79.58000183105469,7884.04296875,-1.755,23768.102
2012-02-15,29.549999237060547,1.875,685.28,0.12,21.14,79.66999816894531,8005.20263671875,-1.755,23768.102
2012-02-16,29.489999771118164,1.875,685.28,0.11,19.22,79.33999633789062,7869.66357421875,-1.765,23768.102
2012-02-17,29.559999465942383,1.875,685.28,0.09,17.78,79.33000183105469,7894.32275390625,-1.785,23768.102
2012-02-21,29.510000228881836,1.875,-916.95,0.1,18.19,79.04000091552734,7921.462890625,-1.775,23768.102
2012-02-22,29.510000228881836,1.875,-916.95,0.08,18.19,79.20999908447266,8001.642578125,-1.795,23768.102
2012-02-23,29.540000915527344,1.875,-916.95,0.08,16.8,78.80999755859375,7937.2626953125,-1.795,23768.102
2012-02-24,29.540000915527344,1.875,-916.95,0.09,17.31,78.3499984741211,7959.302734375,-1.785,23768.102
2012-02-29,29.549999237060547,1.875,-916.95,0.1,18.43,78.7300033569336,8121.40234375,-1.775,23768.102
2012-03-01,29.34000015258789,1.875,-916.95,0.11,17.26,78.77999877929688,8118.30224609375,-1.765,26738.112
2012-03-02,29.360000610351562,1.875,-916.95,0.11,17.29,79.4000015258789,8144.00244140625,-1.765,26738.112
2012-03-05,29.440000534057617,1.875,-916.95,0.11,18.05,79.31999969482422,8004.70263671875,-1.765,26738.112
2012-03-06,29.479999542236328,1.875,-916.95,0.11,20.87,79.86000061035156,7937.93310546875,-1.765,26738.112
2012-03-07,29.540000915527344,1.875,-916.95,0.11,19.07,79.70999908447266,7903.04296875,-1.765,26738.112
2012-03-08,29.510000228881836,1.875,-916.95,0.11,17.95,79.16000366210938,7984.5224609375,-1.765,26738.112
2012-03-09,29.489999771118164,1.875,-916.95,0.12,17.11,80.04000091552734,8015.97216796875,-1.755,26738.112
2012-03-12,29.399999618530273,1.875,-33.82,0.12,15.64,79.87000274658203,7927.5126953125,-1.755,26738.112
2012-03-13,29.489999771118164,1.875,-33.82,0.12,14.8,80.19000244140625,8031.47216796875,-1.755,26738.112
2012-03-14,29.489999771118164,1.875,-33.82,0.13,15.31,80.55999755859375,8125.22216796875,-1.745,26738.112
2012-03-15,29.479999542236328,1.875,-33.82,0.14,15.42,80.1500015258789,8121.58251953125,-1.7349999999999999,26738.112
2012-03-16,29.520000457763672,1.875,-348.43,0.15,14.47,79.77999877929688,8054.90234375,-1.725,26738.112
2012-03-19,29.5,1.875,-936.77,0.15,15.04,79.44999694824219,8043.88232421875,-1.725,26738.112
2012-03-20,29.489999771118164,1.875,-936.77,0.15,15.58,79.58999633789062,7972.6630859375,-1.725,26738.112
2012-03-21,29.530000686645508,1.875,-936.77,0.15,15.13,79.62999725341797,7981.90234375,-1.725,26738.112
2012-03-22,29.530000686645508,1.875,-936.77,0.14,15.57,79.73999786376953,8059.90234375,-1.7349999999999999,26738.112
2012-03-23,29.549999237060547,1.875,-936.77,0.14,14.82,79.33999633789062,8076.572265625,-1.7349999999999999,26738.112
2012-03-26,29.540000915527344,1.875,-936.77,0.14,14.26,78.93000030517578,7967.5830078125,-1.7349999999999999,26738.112
2012-03-27,29.610000610351562,1.875,-936.77,0.14,15.59,79.04000091552734,8029.42236328125,-1.7349999999999999,26738.112
2012-03-28,29.530000686645508,1.875,-936.77,0.13,15.47,79.16000366210938,8038.0322265625,-1.745,26738.112
2012-03-29,29.510000228881836,1.875,-936.77,0.13,15.48,79.18000030517578,7872.62353515625,-1.745,26738.112
2012-03-30,29.540000915527344,1.875,-936.77,0.09,15.5,78.93000030517578,7932.962890625,-1.785,26738.112
2012-04-02,29.489999771118164,1.875,-936.77,0.15,15.64,78.81999969482422,7862.86328125,-1.725,25877.141
2012-04-03,29.459999084472656,1.875,-936.77,0.15,15.66,79.4800033569336,7760.814453125,-1.725,25877.141
2012-04-05,29.459999084472656,1.875,-936.77,0.15,16.7,80.06999969482422,7639.78466796875,-1.725,25877.141
2012-04-09,29.510000228881836,1.875,-936.77,0.16,18.81,79.7300033569336,7600.8349609375,-1.715,25877.141
2012-04-10,29.510000228881836,1.875,-936.77,0.15,20.39,79.88999938964844,7640.64501953125,-1.725,25877.141
2012-04-11,29.520000457763672,1.875,-936.77,0.16,20.02,79.77999877929688,7656.634765625,-1.715,25877.141
2012-04-12,29.510000228881836,1.875,-936.77,0.15,17.2,79.27999877929688,7662.884765625,-1.725,25877.141
2012-04-13,29.489999771118164,1.875,-936.77,0.15,19.55,79.87999725341797,7788.234375,-1.725,25877.141
2012-04-16,29.489999771118164,1.875,-936.77,0.15,19.55,79.55000305175781,7729.82470703125,-1.725,25877.141
2012-04-17,29.479999542236328,1.875,-936.77,0.16,18.46,79.47000122070312,7585.8349609375,-1.715,25877.141
2012-04-18,29.479999542236328,1.875,-936.77,0.15,18.64,79.52999877929688,7604.96484375,-1.725,25877.141
2012-04-19,29.469999313354492,1.875,-936.77,0.13,18.36,79.55999755859375,7622.65478515625,-1.745,25877.141
2012-04-20,29.469999313354492,1.875,-936.77,0.12,17.44,79.18000030517578,7507.11572265625,-1.755,25877.141
2012-04-23,29.469999313354492,1.875,-936.77,0.13,18.97,79.41999816894531,7481.0556640625,-1.745,25877.141
2012-04-24,29.469999313354492,1.875,-26.25,0.14,18.1,79.22000122070312,7498.8056640625,-1.7349999999999999,25877.141
2012-04-25,29.459999084472656,1.875,-26.25,0.15,16.82,79.01000213623047,7563.14501953125,-1.725,25877.141
2012-04-26,29.43000030517578,1.875,-26.25,0.14,16.24,78.91000366210938,7521.3154296875,-1.7349999999999999,25877.141
2012-04-27,29.309999465942383,1.875,-26.25,0.13,16.32,78.69999694824219,7480.4658203125,-1.745,25877.141
2012-04-30,29.209999084472656,1.875,-26.25,0.16,17.15,78.79000091552734,7501.68603515625,-1.715,25877.141
2012-05-02,29.110000610351562,1.875,-26.25,0.15,16.88,79.12999725341797,7676.77490234375,-1.725,26439.607
2012-05-03,29.200000762939453,1.875,241.52,0.15,17.56,79.22000122070312,7659.49462890625,-1.725,26439.607
2012-05-04,29.209999084472656,1.875,241.52,0.16,19.16,79.47000122070312,7700.9150390625,-1.715,26439.607
2012-05-07,29.209999084472656,1.875,241.52,0.16,18.94,79.5999984741211,7538.04541015625,-1.715,26439.607
2012-05-08,29.309999465942383,1.875,241.52,0.16,19.05,79.7300033569336,7545.6748046875,-1.715,26439.607
2012-05-09,29.299999237060547,1.875,241.52,0.15,20.08,80.08000183105469,7475.67578125,-1.725,26439.607
2012-05-10,29.329999923706055,1.875,241.52,0.15,18.83,80.11000061035156,7483.9755859375,-1.725,26439.607
2012-05-11,29.329999923706055,1.875,241.52,0.15,19.89,80.27999877929688,7401.3359375,-1.725,26439.607
2012-05-14,29.3700008392334,1.875,241.52,0.16,21.87,80.5999984741211,7377.14599609375,-1.715,26439.607
2012-05-15,29.459999084472656,1.875,241.52,0.16,21.97,81.22000122070312,7395.60595703125,-1.715,26439.607
2012-05-16,29.559999465942383,1.875,241.52,0.16,22.27,81.37000274658203,7234.53662109375,-1.715,26439.607
2012-05-17,29.579999923706055,1.875,695.85,0.16,24.49,81.37999725341797,7356.736328125,-1.715,26439.607
2012-05-18,29.510000228881836,1.875,695.85,0.16,25.1,81.29000091552734,7151.1572265625,-1.715,26439.607
2012-05-21,29.540000915527344,1.875,695.85,0.16,22.01,81.08000183105469,7192.19677734375,-1.715,26439.607
2012-05-22,29.479999542236328,1.875,695.85,0.16,22.48,81.66999816894531,7274.8564453125,-1.715,26439.607
2012-05-23,29.5,1.875,695.85,0.15,22.33,82.08999633789062,7147.71728515625,-1.725,26439.607
2012-05-24,29.530000686645508,1.875,695.85,0.15,21.54,82.29000091552734,7124.857421875,-1.725,26439.607
2012-05-25,29.549999237060547,1.875,695.85,0.15,21.76,82.4000015258789,7071.59814453125,-1.725,26439.607
2012-05-29,29.59000015258789,1.875,-259.53,0.16,21.03,82.44000244140625,7342.25634765625,-1.715,26439.607
2012-05-30,29.600000381469727,1.875,-259.53,0.16,24.14,83.01000213623047,7261.76611328125,-1.715,26439.607
2012-05-31,29.719999313354492,1.875,-259.53,0.16,24.06,83.04000091552734,7301.46630859375,-1.715,26439.607
2012-06-01,29.829999923706055,1.875,-259.53,0.16,26.66,82.88999938964844,7106.0576171875,-1.715,24749.637
2012-06-04,29.889999389648438,1.875,-259.53,0.17,26.12,82.55000305175781,6894.62841796875,-1.705,24749.637
2012-06-05,29.979999542236328,1.875,-259.53,0.17,24.68,82.80000305175781,7000.41845703125,-1.705,24749.637
2012-06-06,29.950000762939453,1.875,-604.12,0.16,22.16,82.31999969482422,7056.1181640625,-1.715,24749.637
2012-06-07,29.81999969482422,1.875,-604.12,0.16,21.72,82.05000305175781,7080.27783203125,-1.715,24749.637
2012-06-08,29.799999237060547,1.875,-604.12,0.17,21.23,82.51000213623047,6999.6181640625,-1.705,24749.637
2012-06-11,29.940000534057617,1.875,956.17,0.17,23.56,82.51000213623047,7120.197265625,-1.705,24749.637
2012-06-12,29.889999389648438,1.875,956.17,0.16,22.09,82.41000366210938,7072.04833984375,-1.715,24749.637
2012-06-13,29.93000030517578,1.875,956.17,0.17,24.27,82.05000305175781,7088.7978515625,-1.705,24749.637
2012-06-14,29.93000030517578,1.875,956.17,0.17,21.68,81.9000015258789,7075.06787109375,-1.705,24749.637
2012-06-15,29.959999084472656,1.875,956.17,0.18,21.11,81.58999633789062,7155.79736328125,-1.695,24749.637
2012-06-18,29.8700008392334,1.875,956.17,0.17,18.32,81.94000244140625,7281.46630859375,-1.705,24749.637
2012-06-19,29.8799991607666,1.875,956.17,0.17,18.38,81.37000274658203,7273.09619140625,-1.705,24749.637
2012-06-20,29.829999923706055,1.875,956.17,0.16,17.24,81.48999786376953,7334.59619140625,-1.715,24749.637
2012-06-21,29.829999923706055,1.875,956.17,0.17,20.08,82.31999969482422,7279.01611328125,-1.705,24749.637
2012-06-22,29.829999923706055,1.875,956.17,0.17,18.11,82.22000122070312,7222.0166015625,-1.705,24749.637
2012-06-25,29.90999984741211,1.875,956.17,0.17,20.38,82.45999908447266,7166.34716796875,-1.705,24749.637
2012-06-26,29.93000030517578,1.875,956.17,0.16,19.72,82.37000274658203,7137.8974609375,-1.715,24749.637
2012-06-27,29.93000030517578,1.875,55.1,0.15,19.45,82.55999755859375,7182.9765625,-1.725,24749.637
2012-06-28,29.889999389648438,1.875,55.1,0.15,19.71,82.66999816894531,7169.57666015625,-1.725,24749.637
2012-06-29,29.90999984741211,1.875,55.1,0.09,17.08,81.6500015258789,7296.24609375,-1.785,24749.637
2012-07-02,29.809999465942383,1.875,55.1,0.18,16.8,81.87000274658203,7345.12646484375,-1.695,25223.406
2012-07-03,29.84000015258789,1.875,55.1,0.17,16.66,81.77999877929688,7418.32568359375,-1.705,25223.406
2012-07-05,29.809999465942383,1.875,55.1,0.17,17.5,82.80999755859375,7387.74560546875,-1.705,25223.406
2012-07-06,29.84000015258789,1.875,-72.84,0.17,17.1,83.29000091552734,7368.55615234375,-1.705,25223.406
2012-07-09,29.8799991607666,1.875,-72.84,0.17,17.98,83.16000366210938,7309.92626953125,-1.705,25223.406
2012-07-10,29.920000076293945,1.875,-72.84,0.17,18.72,83.36000061035156,7251.31640625,-1.705,25223.406
2012-07-11,29.920000076293945,1.875,-72.84,0.17,17.95,83.56999969482422,7257.87646484375,-1.705,25223.406
2012-07-12,29.920000076293945,1.875,-72.84,0.18,18.33,83.6500015258789,7130.8974609375,-1.695,25223.406
2012-07-13,30.0,1.875,-72.84,0.19,16.74,83.30000305175781,7104.23779296875,-1.685,25223.406
2012-07-16,29.959999084472656,1.875,-72.84,0.18,17.11,83.08999633789062,7090.0078125,-1.695,25223.406
2012-07-17,29.950000762939453,1.875,-72.84,0.17,16.48,83.02999877929688,7126.96728515625,-1.705,25223.406
2012-07-18,29.93000030517578,1.875,-72.84,0.16,16.16,82.94999694824219,7049.01806640625,-1.715,25223.406
2012-07-19,29.950000762939453,1.875,-72.84,0.13,15.45,82.9000015258789,7148.537109375,-1.745,25223.406
2012-07-20,29.940000534057617,1.875,-72.84,0.13,16.27,83.47000122070312,7164.6474609375,-1.745,25223.406
2012-07-23,29.969999313354492,1.875,-72.84,0.14,18.62,83.70999908447266,7028.6982421875,-1.7349999999999999,25223.406
2012-07-24,30.059999465942383,1.875,-72.84,0.15,20.47,84.01000213623047,7008.318359375,-1.725,25223.406
2012-07-25,30.100000381469727,1.875,-72.84,0.15,19.34,83.5199966430664,6979.09814453125,-1.725,25223.406
2012-07-26,30.1200008392334,1.875,-72.84,0.14,17.53,82.80999755859375,6970.658203125,-1.7349999999999999,25223.406
2012-07-27,30.06999969482422,1.875,-72.84,0.14,16.7,82.70999908447266,7124.45751953125,-1.7349999999999999,25223.406
2012-07-30,30.020000457763672,1.875,-72.84,0.14,18.03,82.79000091552734,7158.84716796875,-1.7349999999999999,25223.406
2012-07-31,30.020000457763672,1.875,-72.84,0.13,18.93,82.63999938964844,7270.45654296875,-1.745,25223.406
2012-08-01,29.940000534057617,1.875,-794.31,0.14,18.96,83.05999755859375,7267.92626953125,-1.7349999999999999,25045.064
2012-08-03,29.940000534057617,1.875,647.84,0.14,15.64,82.37999725341797,7217.4765625,-1.7349999999999999,25045.064
2012-08-06,29.860000610351562,1.875,647.84,0.14,15.95,82.2699966430664,7286.29638671875,-1.7349999999999999,25045.064
2012-08-07,29.920000076293945,1.875,647.84,0.13,15.99,82.20999908447266,7295.42626953125,-1.745,25045.064
2012-08-08,29.93000030517578,1.875,647.84,0.13,15.32,82.38999938964844,7319.76611328125,-1.745,25045.064
2012-08-09,29.940000534057617,1.875,647.84,0.13,15.28,82.63999938964844,7433.666015625,-1.745,25045.064
2012-08-10,29.899999618530273,1.875,647.84,0.13,14.74,82.55000305175781,7441.0859375,-1.745,25045.064
2012-08-13,29.93000030517578,1.875,647.84,0.13,13.7,82.44000244140625,7436.265625,-1.745,25045.064
2012-08-14,29.969999313354492,1.875,647.84,0.13,14.85,82.4800033569336,7479.2158203125,-1.745,25045.064
2012-08-15,29.940000534057617,1.875,647.84,0.13,14.63,82.6500015258789,7467.7060546875,-1.745,25045.064
2012-08-16,29.959999084472656,1.875,647.84,0.13,14.29,82.36000061035156,7490.17578125,-1.745,25045.064
2012-08-17,29.969999313354492,1.875,647.84,0.13,13.45,82.5999984741211,7467.8857421875,-1.745,25045.064
2012-08-20,29.969999313354492,1.875,647.84,0.13,14.02,82.45999908447266,7431.8759765625,-1.745,25045.064
2012-08-21,29.969999313354492,1.875,647.84,0.13,15.02,81.91000366210938,7506.77587890625,-1.745,25045.064
2012-08-22,29.02199935913086,1.875,27.35,0.13,15.11,81.48999786376953,7496.5458984375,-1.745,25045.064
2012-08-23,29.93000030517578,1.875,27.35,0.13,15.96,81.36000061035156,7505.1357421875,-1.745,25045.064
2012-08-24,29.93000030517578,1.875,27.35,0.13,15.18,81.58999633789062,7477.49560546875,-1.745,25045.064
2012-08-27,29.93000030517578,1.875,145.94,0.13,16.35,81.66000366210938,7468.18603515625,-1.745,25045.064
2012-08-28,29.93000030517578,1.875,145.94,0.13,16.49,81.37000274658203,7361.90625,-1.745,25045.064
2012-08-29,29.93000030517578,1.875,940.94,0.13,17.06,81.55000305175781,7391.11572265625,-1.745,25045.064
2012-08-30,29.90999984741211,1.875,940.94,0.14,17.83,81.68000030517578,7371.40625,-1.7349999999999999,25045.064
2012-08-31,29.920000076293945,1.875,940.94,0.13,17.47,81.25,7397.02587890625,-1.745,25045.064
2012-09-04,29.84000015258789,1.875,-475.61,0.14,17.98,81.31999969482422,7451.31591796875,-1.7349999999999999,27511.424
2012-09-05,29.81999969482422,1.875,-475.61,0.16,17.74,81.23999786376953,7367.40625,-1.715,27511.424
2012-09-06,29.829999923706055,1.875,-475.61,0.16,15.6,81.08000183105469,7326.6865234375,-1.715,27511.424
2012-09-07,29.75,1.875,-475.61,0.15,14.38,80.25,7424.8759765625,-1.725,27511.424
2012-09-10,29.729999542236328,1.875,-475.61,0.15,16.28,80.36000061035156,7482.7060546875,-1.725,27511.424
2012-09-11,29.65999984741211,1.875,527.18,0.15,16.41,79.86000061035156,7485.095703125,-1.725,27511.424
2012-09-12,29.600000381469727,1.875,527.18,0.15,15.8,79.73999786376953,7570.4150390625,-1.725,27511.424
2012-09-13,29.579999923706055,1.875,527.18,0.15,14.05,79.26000213623047,7578.7646484375,-1.725,27511.424
2012-09-14,29.600000381469727,1.875,527.18,0.16,14.51,78.8499984741211,7738.01416015625,-1.715,27511.424
2012-09-17,29.329999923706055,1.875,527.18,0.16,14.59,79.01000213623047,7762.1845703125,-1.715,27511.424
2012-09-18,29.280000686645508,1.875,527.18,0.16,14.18,79.25,7734.224609375,-1.715,27511.424
2012-09-19,29.31999969482422,1.875,527.18,0.15,13.88,79.05999755859375,7781.87451171875,-1.725,27511.424
2012-09-20,29.329999923706055,1.875,527.18,0.16,14.07,79.41000366210938,7727.5146484375,-1.715,27511.424
2012-09-21,29.350000381469727,1.875,527.18,0.15,13.98,79.33000183105469,7754.55419921875,-1.725,27511.424
2012-09-24,29.290000915527344,1.875,527.18,0.16,14.15,79.5199966430664,7768.26416015625,-1.715,27511.424
2012-09-25,29.350000381469727,1.875,527.18,0.15,15.43,79.55000305175781,7734.0947265625,-1.725,27511.424
2012-09-26,29.309999465942383,1.875,527.18,0.15,16.81,79.88999938964844,7669.5947265625,-1.725,27511.424
2012-09-27,29.3799991607666,1.875,527.18,0.14,14.84,79.55000305175781,7683.7646484375,-1.7349999999999999,27511.424
2012-09-28,29.31999969482422,1.875,527.18,0.09,15.73,79.94000244140625,7715.125,-1.785,27511.424
2012-10-01,29.290000915527344,1.875,551.22,0.15,16.32,79.81999969482422,7675.68505859375,-1.725,26883.813
2012-10-02,29.290000915527344,1.875,551.22,0.16,15.71,79.73999786376953,7718.64501953125,-1.715,26883.813
2012-10-03,29.270000457763672,1.875,551.22,0.16,15.43,79.97000122070312,7684.5947265625,-1.715,26883.813
2012-10-04,29.299999237060547,1.875,551.22,0.15,14.55,79.3499984741211,7682.3046875,-1.725,26883.813
2012-10-05,29.270000457763672,1.875,-373.48,0.15,14.33,79.33999633789062,7690.61474609375,-1.725,26883.813
2012-10-08,29.219999313354492,1.875,-373.48,0.15,15.11,79.54000091552734,7615.85498046875,-1.725,26883.813
2012-10-09,29.280000686645508,1.875,-373.48,0.16,16.37,79.94999694824219,7591.974609375,-1.715,26883.813
2012-10-11,29.299999237060547,1.875,-373.48,0.16,15.59,79.77999877929688,7451.68603515625,-1.715,26883.813
2012-10-12,29.260000228881836,1.875,-373.48,0.16,16.14,79.69000244140625,7437.005859375,-1.715,26883.813
2012-10-15,29.200000762939453,1.875,-373.48,0.16,15.27,79.73999786376953,7418.86572265625,-1.715,26883.813
2012-10-16,29.219999313354492,1.875,-373.48,0.16,15.22,79.37000274658203,7470.98583984375,-1.715,26883.813
2012-10-17,29.170000076293945,1.875,-373.48,0.15,15.07,79.0199966430664,7464.36572265625,-1.725,26883.813
2012-10-18,29.15999984741211,1.875,-535.3,0.15,15.03,79.37000274658203,7465.3759765625,-1.725,26883.813
2012-10-19,29.200000762939453,1.875,-535.3,0.16,17.06,79.63999938964844,7408.7255859375,-1.715,26883.813
2012-10-22,29.209999084472656,1.875,-535.3,0.15,16.62,79.6500015258789,7373.005859375,-1.725,26883.813
2012-10-23,29.229999542236328,1.875,-535.3,0.15,18.83,79.9800033569336,7337.4462890625,-1.725,26883.813
2012-10-24,29.299999237060547,1.875,-535.3,0.17,18.33,79.97000122070312,7314.84619140625,-1.705,26883.813
2012-10-25,29.260000228881836,1.875,-535.3,0.16,18.12,80.04000091552734,7262.04638671875,-1.715,26883.813
2012-10-26,29.219999313354492,1.875,-535.3,0.16,17.81,80.06999969482422,7134.02734375,-1.715,26883.813
2012-10-31,29.18000030517578,1.875,-535.3,0.18,18.6,79.91999816894531,7166.01708984375,-1.695,26883.813
2012-11-01,29.209999084472656,1.875,-535.3,0.17,16.69,80.05000305175781,7179.60693359375,-1.705,25234.233
2012-11-02,29.209999084472656,1.875,-535.3,0.16,17.59,80.58999633789062,7210.43701171875,-1.715,25234.233
2012-11-05,29.18000030517578,1.875,-535.3,0.17,18.42,80.75,7185.32666015625,-1.705,25234.233
2012-11-06,29.219999313354492,1.875,-535.3,0.16,17.58,80.61000061035156,7236.64697265625,-1.715,25234.233
2012-11-07,29.219999313354492,1.875,-535.3,0.16,19.08,80.76000213623047,7287.146484375,-1.715,25234.233
2012-11-08,29.09000015258789,1.875,-535.3,0.16,18.49,80.79000091552734,7242.5966796875,-1.715,25234.233
2012-11-09,29.110000610351562,1.875,158.97,0.16,18.61,81.02999877929688,7293.1865234375,-1.715,25234.233
2012-11-12,28.959999084472656,1.875,158.97,0.16,16.68,81.04000091552734,7267.71630859375,-1.715,25234.233
2012-11-13,28.989999771118164,1.875,158.97,0.16,16.65,81.08000183105469,7136.01708984375,-1.715,25234.233
2012-11-14,28.969999313354492,1.875,158.97,0.16,17.92,81.05999755859375,7159.71728515625,-1.715,25234.233
2012-11-15,29.0,1.875,158.97,0.16,17.99,81.08000183105469,7143.80712890625,-1.715,25234.233
2012-11-16,29.059999465942383,1.875,158.97,0.16,16.41,81.26000213623047,7130.037109375,-1.715,25234.233
2012-11-19,29.1200008392334,1.875,970.04,0.16,15.24,80.87000274658203,7129.00732421875,-1.715,25234.233
2012-11-20,29.139999389648438,1.875,970.04,0.16,15.08,80.95999908447266,7145.7373046875,-1.715,25234.233
2012-11-21,29.100000381469727,1.875,970.04,0.16,15.31,80.93000030517578,7088.4580078125,-1.715,25234.233
2012-11-23,29.100000381469727,1.875,970.04,0.16,15.14,80.19000244140625,7325.97607421875,-1.715,25234.233
2012-11-26,29.100000381469727,1.875,970.04,0.16,15.5,80.25,7407.3359375,-1.715,25234.233
2012-11-27,29.059999465942383,1.875,970.04,0.16,15.92,80.4000015258789,7430.166015625,-1.715,25234.233
2012-11-28,29.09000015258789,1.875,-5.32,0.16,15.51,80.33999633789062,7434.89599609375,-1.715,25234.233
2012-11-29,29.110000610351562,1.875,-5.32,0.16,15.06,80.19999694824219,7503.515625,-1.715,25234.233
2012-11-30,29.059999465942383,1.875,-5.32,0.16,15.87,80.1500015258789,7580.134765625,-1.715,25234.233
2012-12-03,29.049999237060547,1.875,-5.32,0.16,16.64,79.87999725341797,7599.875,-1.715,26471.545
2012-12-04,29.040000915527344,1.875,-5.32,0.17,17.12,79.63999938964844,7600.94482421875,-1.705,26471.545
2012-12-05,29.059999465942383,1.875,-5.32,0.16,16.46,79.7699966430664,7649.0146484375,-1.715,26471.545
2012-12-06,29.059999465942383,1.875,-5.32,0.16,16.58,80.26000213623047,7623.224609375,-1.715,26471.545
2012-12-07,29.049999237060547,1.875,-5.32,0.16,15.9,80.41999816894531,7642.224609375,-1.715,26471.545
2012-12-10,29.030000686645508,1.875,654.86,0.16,16.05,80.33000183105469,7609.46484375,-1.715,26471.545
2012-12-11,29.079999923706055,1.875,654.86,0.17,15.57,80.05999755859375,7613.65478515625,-1.705,26471.545
2012-12-12,29.049999237060547,1.875,654.86,0.17,15.95,79.88999938964844,7690.15478515625,-1.705,26471.545
2012-12-13,29.020000457763672,1.875,654.86,0.16,16.56,79.93000030517578,7757.05419921875,-1.715,26471.545
2012-12-14,29.040000915527344,1.875,-524.16,0.17,17.0,79.5999984741211,7698.73486328125,-1.705,26471.545
2012-12-17,29.030000686645508,1.875,-524.16,0.16,16.34,79.56999969482422,7631.24462890625,-1.715,26471.545
2012-12-18,29.030000686645508,1.875,65.78,0.17,15.57,79.36000061035156,7643.705078125,-1.705,26471.545
2012-12-19,29.020000457763672,1.875,65.78,0.17,17.36,79.25,7677.43505859375,-1.705,26471.545
2012-12-20,29.030000686645508,1.875,65.78,0.17,17.67,79.26000213623047,7595.4248046875,-1.705,26471.545
2012-12-21,29.020000457763672,1.875,65.78,0.17,17.84,79.62000274658203,7519.8955078125,-1.705,26471.545
2012-12-24,29.030000686645508,1.875,-140.52,0.18,17.84,79.63999938964844,7535.4853515625,-1.695,26471.545
2012-12-26,29.030000686645508,1.875,-140.52,0.17,19.48,79.62000274658203,7634.15478515625,-1.705,26471.545
2012-12-27,29.020000457763672,1.875,526.22,0.17,19.47,79.62000274658203,7648.375,-1.705,26471.545
2012-12-28,29.030000686645508,1.875,526.22,0.17,22.72,79.68000030517578,7699.46484375,-1.705,26471.545
2013-01-02,29.040000915527344,1.875,526.22,0.17,14.68,79.8499984741211,7779.1845703125,-1.705,26025.286
2013-01-03,28.989999771118164,1.875,526.22,0.17,14.56,80.43000030517578,7836.8037109375,-1.705,26025.286
2013-01-04,28.959999084472656,1.875,526.22,0.16,13.83,80.5,7805.95458984375,-1.715,26025.286
2013-01-07,29.020000457763672,1.875,526.22,0.16,13.79,80.26000213623047,7755.05419921875,-1.715,26025.286
2013-01-08,28.979999542236328,1.875,526.22,0.15,13.62,80.3499984741211,7721.625,-1.725,26025.286
2013-01-09,29.010000228881836,1.875,-301.32,0.14,13.81,80.55999755859375,7738.6044921875,-1.7349999999999999,26025.286
2013-01-10,28.969999313354492,1.875,-301.32,0.14,13.49,79.73999786376953,7811.6044921875,-1.7349999999999999,26025.286
2013-01-11,28.950000762939453,1.875,-301.32,0.14,13.36,79.55999755859375,7819.1142578125,-1.7349999999999999,26025.286
2013-01-14,28.920000076293945,1.875,-301.32,0.14,13.52,79.48999786376953,7823.93408203125,-1.7349999999999999,26025.286
2013-01-15,28.940000534057617,1.875,-301.32,0.15,13.55,79.77999877929688,7764.984375,-1.725,26025.286
2013-01-16,28.950000762939453,1.875,-301.32,0.14,13.42,79.80000305175781,7700.39501953125,-1.7349999999999999,26025.286
2013-01-17,28.959999084472656,1.875,-301.32,0.14,13.57,79.6500015258789,7616.60498046875,-1.7349999999999999,26025.286
2013-01-18,28.959999084472656,1.875,-301.32,0.14,12.46,80.05000305175781,7732.8349609375,-1.7349999999999999,26025.286
2013-01-22,28.950000762939453,1.875,-225.0,0.14,12.43,79.87000274658203,7759.064453125,-1.7349999999999999,26025.286
2013-01-23,28.989999771118164,1.875,-225.0,0.13,12.46,79.91999816894531,7744.14453125,-1.745,26025.286
2013-01-24,28.989999771118164,1.875,-225.0,0.15,12.69,79.94999694824219,7695.955078125,-1.725,26025.286
2013-01-25,29.079999923706055,1.875,-225.0,0.14,12.89,79.75,7672.544921875,-1.7349999999999999,26025.286
2013-01-28,29.190000534057617,1.875,-225.0,0.14,13.57,79.77999877929688,7714.634765625,-1.7349999999999999,26025.286
2013-01-29,29.510000228881836,1.875,-225.0,0.12,13.31,79.55999755859375,7801.96435546875,-1.755,26025.286
2013-01-30,29.440000534057617,1.875,-225.0,0.12,14.32,79.27999877929688,7832.94384765625,-1.755,26025.286
2013-01-31,29.510000228881836,1.875,-225.0,0.15,14.28,79.20999908447266,7849.98388671875,-1.725,26025.286
2013-02-01,29.520000457763672,1.875,-225.0,0.14,12.9,79.12999725341797,7855.93359375,-1.7349999999999999,19930.798
2013-02-04,29.59000015258789,1.875,-225.0,0.13,14.67,79.55000305175781,7923.123046875,-1.745,19930.798
2013-02-05,29.56999969482422,1.875,-225.0,0.13,13.72,79.48999786376953,7886.90283203125,-1.745,19930.798
2013-02-06,29.520000457763672,1.875,-225.0,0.13,13.41,79.72000122070312,7906.61279296875,-1.745,19930.798
2013-02-19,29.6299991607666,1.875,-225.0,0.15,12.31,80.47000122070312,7960.8427734375,-1.725,19930.798
2013-02-20,29.5,1.875,-225.0,0.15,14.68,81.08999633789062,8029.0625,-1.725,19930.798
2013-02-21,29.559999465942383,1.875,-225.0,0.16,15.22,81.45999908447266,7957.4228515625,-1.715,19930.798
2013-02-22,29.670000076293945,1.875,-225.0,0.16,14.17,81.4800033569336,7947.68310546875,-1.715,19930.798
2013-02-25,29.59000015258789,1.875,-225.0,0.15,18.99,81.66999816894531,7947.64306640625,-1.725,19930.798
2013-02-26,29.639999389648438,1.875,-225.0,0.14,16.87,81.87000274658203,7880.86279296875,-1.7349999999999999,19930.798
2013-02-27,29.68000030517578,1.875,380.87,0.14,14.73,81.5999984741211,7897.94287109375,-1.7349999999999999,19930.798
2013-03-01,29.639999389648438,1.875,380.87,0.14,15.36,82.30999755859375,7964.5927734375,-1.7349999999999999,27723.477
2013-03-04,29.610000610351562,1.875,380.87,0.16,14.01,82.22000122070312,7867.30322265625,-1.715,27723.477
2013-03-05,29.68000030517578,1.875,380.87,0.15,13.48,82.08999633789062,7932.6728515625,-1.725,27723.477
2013-03-06,29.639999389648438,1.875,380.87,0.15,13.53,82.45999908447266,7950.2626953125,-1.725,27723.477
2013-03-07,29.610000610351562,1.875,380.87,0.16,13.06,82.08000183105469,7960.47265625,-1.715,27723.477
2013-03-08,29.639999389648438,1.875,380.87,0.15,12.59,82.69999694824219,8015.1025390625,-1.725,27723.477
2013-03-11,29.65999984741211,1.875,381.64,0.16,11.56,82.56999969482422,8038.6826171875,-1.715,27723.477
2013-03-12,29.68000030517578,1.875,-466.51,0.15,12.27,82.58000183105469,7994.67236328125,-1.725,27723.477
2013-03-13,29.670000076293945,1.875,-292.9,0.14,11.83,82.88999938964844,7995.47216796875,-1.7349999999999999,27723.477
2013-03-14,29.68000030517578,1.875,-292.9,0.15,11.3,82.61000061035156,7951.72265625,-1.725,27723.477
2013-03-15,29.709999084472656,1.875,-292.9,0.16,11.3,82.26000213623047,7927.453125,-1.715,27723.477
2013-03-18,29.700000762939453,1.875,-292.9,0.16,13.36,82.69000244140625,7811.30419921875,-1.715,27723.477
2013-03-19,28.959999084472656,1.875,-292.9,0.15,14.39,82.98999786376953,7838.43408203125,-1.725,27723.477
2013-03-20,29.148000717163086,1.875,-292.9,0.15,12.67,82.77999877929688,7797.994140625,-1.725,27723.477
2013-03-21,28.940000534057617,1.875,-292.9,0.16,13.99,82.80000305175781,7811.80419921875,-1.715,27723.477
2013-03-22,29.079999923706055,1.875,-292.9,0.15,13.57,82.52999877929688,7796.1845703125,-1.725,27723.477
2013-03-25,29.0,1.875,-292.9,0.15,13.74,82.87000274658203,7856.08349609375,-1.725,27723.477
2013-03-26,29.360000610351562,1.875,-842.48,0.14,12.77,82.87999725341797,7856.3232421875,-1.7349999999999999,27723.477
2013-03-27,29.049999237060547,1.875,-842.48,0.12,13.15,83.20999908447266,7894.0830078125,-1.755,27723.477
2013-03-28,29.110000610351562,1.875,-616.84,0.13,12.7,82.98999786376953,7866.84326171875,-1.745,27723.477
2013-04-01,29.079999923706055,1.875,-616.84,0.16,13.58,82.7300033569336,7899.203125,-1.715,25491.564
2013-04-02,29.8799991607666,1.875,-616.84,0.15,12.78,82.94000244140625,7913.14306640625,-1.725,25491.564
2013-04-03,29.850000381469727,1.875,-616.84,0.14,14.21,82.72000122070312,7942.31298828125,-1.7349999999999999,25491.564
2013-04-08,29.899999618530273,1.875,-616.84,0.15,13.19,82.75,7752.75439453125,-1.725,25491.564
2013-04-09,29.920000076293945,1.875,-616.84,0.15,12.84,82.30999755859375,7728.5048828125,-1.725,25491.564
2013-04-10,29.979999542236328,1.875,-616.84,0.15,12.36,82.52999877929688,7752.76416015625,-1.725,25491.564
2013-04-11,29.950000762939453,1.875,-616.84,0.15,12.24,82.25,7857.943359375,-1.725,25491.564
2013-04-12,29.93000030517578,1.875,-616.84,0.15,12.06,82.30999755859375,7821.59375,-1.725,25491.564
2013-04-15,29.083999633789062,1.875,-616.84,0.15,17.27,82.41999816894531,7763.494140625,-1.725,25491.564
2013-04-16,29.149999618530273,1.875,-616.84,0.15,13.96,81.75,7801.01416015625,-1.725,25491.564
2013-04-17,28.940000534057617,1.875,-616.84,0.15,16.51,82.66000366210938,7809.0341796875,-1.725,25491.564
2013-04-18,29.360000610351562,1.875,-747.31,0.15,17.56,82.55000305175781,7791.314453125,-1.725,25491.564
2013-04-19,29.1299991607666,1.875,-747.31,0.15,14.97,82.70999908447266,7930.7626953125,-1.725,25491.564
2013-04-22,29.110000610351562,1.875,-747.31,0.15,14.39,82.68000030517578,7970.3427734375,-1.725,25491.564
2013-04-23,29.0,1.875,-747.31,0.14,13.48,83.02999877929688,7942.73291015625,-1.7349999999999999,25491.564
2013-04-24,29.0,1.875,-747.31,0.13,13.61,82.93000030517578,8023.67236328125,-1.745,25491.564
2013-04-25,29.010000228881836,1.875,-747.31,0.13,13.62,82.73999786376953,8021.71240234375,-1.745,25491.564
2013-04-26,29.020000457763672,1.875,-747.31,0.13,13.61,82.4800033569336,8022.0224609375,-1.745,25491.564
2013-04-29,28.805999755859375,1.875,-747.31,0.13,13.71,82.1500015258789,8029.70263671875,-1.745,25491.564
2013-04-30,28.690000534057617,1.875,-747.31,0.14,13.52,81.7300033569336,8093.62255859375,-1.7349999999999999,25491.564
2013-05-02,28.799999237060547,1.875,-747.31,0.15,13.59,82.20999908447266,8128.47216796875,-1.725,27104.463
2013-05-03,29.02400016784668,1.875,-747.31,0.14,12.85,82.0999984741211,8134.9921875,-1.7349999999999999,27104.463
2013-05-06,29.5,1.875,-747.31,0.14,12.66,82.31999969482422,8169.01220703125,-1.7349999999999999,27104.463
2013-05-07,28.840999603271484,1.875,-747.31,0.12,12.83,82.30000305175781,8163.0224609375,-1.755,27104.463
2013-05-08,29.510000228881836,1.875,-747.31,0.12,12.66,81.9000015258789,8267.0498046875,-1.755,27104.463
2013-05-09,28.52199935913086,1.875,-747.31,0.12,13.13,82.79000091552734,8285.849609375,-1.755,27104.463
2013-05-10,29.399999618530273,1.875,-747.31,0.12,12.59,83.13999938964844,8280.2197265625,-1.755,27104.463
2013-05-13,28.93199920654297,1.875,-747.31,0.12,12.55,83.26000213623047,8248.2802734375,-1.755,27104.463
2013-05-14,29.100000381469727,1.875,-747.31,0.11,12.77,83.56999969482422,8251.7802734375,-1.765,27104.463
2013-05-15,29.177000045776367,1.875,-747.31,0.12,12.81,83.83000183105469,8318.5498046875,-1.755,27104.463
2013-05-16,29.184999465942383,1.875,-747.31,0.11,13.07,83.7699966430664,8390.009765625,-1.765,27104.463
2013-05-17,29.191999435424805,1.875,-747.31,0.1,12.45,84.27999877929688,8368.150390625,-1.775,27104.463
2013-05-20,29.183000564575195,1.875,-747.31,0.1,13.02,83.80999755859375,8377.009765625,-1.775,27104.463
2013-05-21,29.100000381469727,1.875,-747.31,0.09,13.37,83.86000061035156,8383.009765625,-1.785,27104.463
2013-05-22,29.027000427246094,1.875,-747.31,0.08,13.82,84.25,8398.7998046875,-1.795,27104.463
2013-05-23,29.8700008392334,1.875,-747.31,0.08,14.07,83.80000305175781,8237.7900390625,-1.795,27104.463
2013-05-24,29.055999755859375,1.875,-747.31,0.09,13.99,83.69999694824219,8209.740234375,-1.785,27104.463
2013-05-28,29.156999588012695,1.875,169.03,0.09,14.48,84.13999938964844,8263.009765625,-1.785,27104.463
2013-05-29,29.43199920654297,1.875,169.03,0.08,14.83,83.63999938964844,8337.8603515625,-1.795,27104.463
2013-05-30,29.231000900268555,1.875,169.03,0.08,14.53,83.01000213623047,8243.25,-1.795,27104.463
2013-05-31,29.201000213623047,1.875,169.03,0.09,16.3,83.37999725341797,8254.759765625,-1.785,27104.463
2013-06-03,29.18899917602539,1.875,169.03,0.1,16.28,82.68000030517578,8200.9794921875,-1.775,26958.428
2013-06-04,29.159000396728516,1.875,169.03,0.11,16.27,82.7699966430664,8191.1826171875,-1.765,26958.428
2013-06-05,29.158000946044922,1.875,169.03,0.09,17.5,82.56999969482422,8181.87255859375,-1.785,26958.428
2013-06-06,28.93400001525879,1.875,169.03,0.1,16.63,81.5199966430664,8096.1025390625,-1.775,26958.428
2013-06-07,28.770999908447266,1.875,169.03,0.09,15.14,81.69000244140625,8095.16259765625,-1.785,26958.428
2013-06-10,28.770999908447266,1.875,623.71,0.09,15.44,81.6500015258789,8160.51220703125,-1.785,26958.428
2013-06-11,28.770999908447266,1.875,623.71,0.09,17.07,81.05999755859375,8116.1123046875,-1.785,26958.428
2013-06-13,28.98699951171875,1.875,623.71,0.09,16.41,80.62000274658203,7951.623046875,-1.785,26958.428
2013-06-14,29.02199935913086,1.875,623.71,0.1,17.15,80.66999816894531,7937.703125,-1.775,26958.428
2013-06-17,29.148000717163086,1.875,623.71,0.11,16.8,80.56999969482422,7992.8525390625,-1.765,26958.428
2013-06-18,29.045000076293945,1.875,623.71,0.12,16.61,80.62000274658203,8010.982421875,-1.755,26958.428
2013-06-19,29.124000549316406,1.875,623.71,0.1,16.64,81.43000030517578,8007.3525390625,-1.775,26958.428
2013-06-20,29.298999786376953,1.875,623.71,0.1,20.49,81.83999633789062,7898.873046875,-1.775,26958.428
2013-06-21,29.351999282836914,1.875,623.71,0.1,18.9,82.31999969482422,7793.2744140625,-1.775,26958.428
2013-06-24,29.533000946044922,1.875,623.71,0.1,20.11,82.43000030517578,7757.994140625,-1.775,26958.428
2013-06-25,29.388999938964844,1.875,623.71,0.09,18.47,82.58000183105469,7663.19482421875,-1.785,26958.428
2013-06-26,29.389999389648438,1.875,623.71,0.09,17.21,82.94999694824219,7784.76416015625,-1.785,26958.428
2013-06-27,29.41900062561035,1.875,623.71,0.09,16.86,82.91000366210938,7883.86279296875,-1.785,26958.428
2013-06-28,29.207000732421875,1.875,623.71,0.07,16.86,83.16999816894531,8062.17236328125,-1.805,26958.428
2013-07-01,29.475000381469727,1.875,623.71,0.1,16.37,82.9800033569336,8035.96240234375,-1.775,25802.958
2013-07-02,29.191999435424805,1.875,623.71,0.1,16.44,83.54000091552734,8015.822265625,-1.775,25802.958
2013-07-03,29.343000411987305,1.875,623.71,0.1,16.2,83.2300033569336,7911.3828125,-1.775,25802.958
2013-07-05,29.464000701904297,1.875,623.71,0.1,14.89,84.41999816894531,8001.7822265625,-1.775,25802.958
2013-07-08,29.36199951171875,1.875,623.71,0.1,14.78,84.19999694824219,7886.302734375,-1.775,25802.958
2013-07-09,29.291000366210938,1.875,623.71,0.1,14.35,84.58000183105469,7971.14306640625,-1.775,25802.958
2013-07-10,29.503999710083008,1.875,623.71,0.09,14.21,84.04000091552734,8011.65234375,-1.785,25802.958
2013-07-11,28.871999740600586,1.875,623.71,0.09,14.01,82.75,8179.50244140625,-1.785,25802.958
2013-07-12,29.027999877929688,1.875,623.71,0.09,13.84,82.98999786376953,8220.4501953125,-1.785,25802.958
2013-07-15,29.07900047302246,1.875,623.71,0.09,13.79,83.04000091552734,8254.6396484375,-1.785,25802.958
2013-07-16,29.920000076293945,1.875,623.71,0.09,14.42,82.43000030517578,8260.0703125,-1.785,25802.958
2013-07-17,29.8700008392334,1.875,623.71,0.09,13.78,82.70999908447266,8258.91015625,-1.785,25802.958
2013-07-18,29.889999389648438,1.875,623.71,0.09,13.77,82.81999969482422,8194.83984375,-1.785,25802.958
2013-07-19,30.010000228881836,1.875,623.71,0.09,12.54,82.58000183105469,8061.9921875,-1.785,25802.958
2013-07-22,29.950000762939453,1.875,623.71,0.09,12.29,82.22000122070312,8105.41259765625,-1.785,25802.958
2013-07-23,29.899999618530273,1.875,623.71,0.09,12.66,82.01000213623047,8214.6103515625,-1.785,25802.958
2013-07-24,29.90999984741211,1.875,623.71,0.09,13.18,82.30000305175781,8196.150390625,-1.785,25802.958
2013-07-25,29.920000076293945,1.875,623.71,0.09,12.97,81.97000122070312,8163.54248046875,-1.785,25802.958
2013-07-26,29.950000762939453,1.875,623.71,0.09,12.72,81.62000274658203,8149.3623046875,-1.785,25802.958
2013-07-29,29.93600082397461,1.875,623.71,0.08,13.39,81.66000366210938,8084.46240234375,-1.795,25802.958
2013-07-30,29.94499969482422,1.875,623.71,0.09,13.39,81.83000183105469,8163.51220703125,-1.785,25802.958
2013-07-31,29.98200035095215,1.875,623.71,0.09,13.45,81.44999694824219,8107.90234375,-1.785,25802.958
2013-08-01,30.108999252319336,1.875,623.71,0.08,12.94,82.33999633789062,8056.1826171875,-1.795,25997.276
2013-08-02,30.110000610351562,1.875,623.71,0.09,11.98,81.91000366210938,8099.84228515625,-1.785,25997.276
2013-08-05,30.113000869750977,1.875,914.68,0.08,11.84,81.87999725341797,8138.59228515625,-1.795,25997.276
2013-08-06,29.941999435424805,1.875,914.68,0.09,12.72,81.5999984741211,8038.87255859375,-1.785,25997.276
2013-08-07,29.98699951171875,1.875,914.68,0.09,12.98,81.29000091552734,7921.2529296875,-1.785,25997.276
2013-08-08,30.01300048828125,1.875,914.68,0.09,12.73,81.01000213623047,7907.6328125,-1.785,25997.276
2013-08-09,29.94300079345703,1.875,914.68,0.08,13.41,81.12999725341797,7856.103515625,-1.795,25997.276
2013-08-12,29.940000534057617,1.875,632.96,0.08,12.81,81.33000183105469,7903.3427734375,-1.795,25997.276
2013-08-13,29.961999893188477,1.875,632.96,0.08,12.31,81.7300033569336,7986.232421875,-1.795,25997.276
2013-08-14,29.986000061035156,1.875,632.96,0.09,13.04,81.69999694824219,7951.29296875,-1.785,25997.276
2013-08-15,30.014999389648438,1.875,632.96,0.08,14.73,81.12999725341797,7887.22265625,-1.795,25997.276
2013-08-16,30.016000747680664,1.875,-471.11,0.09,14.37,81.26000213623047,7924.962890625,-1.785,25997.276
2013-08-19,29.992000579833984,1.875,-471.11,0.09,15.1,81.2300033569336,7900.1728515625,-1.785,25997.276
2013-08-20,30.013999938964844,1.875,-471.11,0.09,14.91,80.91000366210938,7832.61376953125,-1.785,25997.276
2013-08-22,30.06999969482422,1.875,-471.11,0.09,14.76,81.48999786376953,7814.34423828125,-1.785,25997.276
2013-08-23,30.11199951171875,1.875,769.86,0.08,13.98,81.33999633789062,7873.2734375,-1.795,25997.276
2013-08-26,30.03700065612793,1.875,328.45,0.08,14.99,81.37000274658203,7894.93310546875,-1.795,25997.276
2013-08-27,30.003000259399414,1.875,-606.15,0.07,16.77,81.16999816894531,7820.8037109375,-1.805,25997.276
2013-08-28,30.042999267578125,1.875,97.1,0.07,16.49,81.41999816894531,7824.50390625,-1.805,25997.276
2013-08-29,29.249000549316406,1.875,97.1,0.08,16.81,81.94999694824219,7917.623046875,-1.795,25997.276
2013-08-30,29.996000289916992,1.875,97.1,0.07,17.01,82.08999633789062,8021.8525390625,-1.805,25997.276
2013-09-03,29.884000778198242,1.875,97.1,0.09,16.61,82.36000061035156,8088.33251953125,-1.785,25673.985
2013-09-04,29.909000396728516,1.875,97.1,0.08,15.88,82.16999816894531,8083.40234375,-1.795,25673.985
2013-09-05,29.86199951171875,1.875,97.1,0.08,15.77,82.62999725341797,8169.0625,-1.795,25673.985
2013-09-06,29.959999084472656,1.875,97.1,0.08,15.85,82.1500015258789,8164.16259765625,-1.795,25673.985
2013-09-09,28.851999282836914,1.875,97.1,0.08,15.63,81.79000091552734,8192.0703125,-1.795,25673.985
2013-09-10,28.77199935913086,1.875,97.1,0.08,14.53,81.81999969482422,8208.7294921875,-1.795,25673.985
2013-09-11,28.893999099731445,1.875,97.1,0.08,13.82,81.5199966430664,8208.9501953125,-1.795,25673.985
2013-09-12,28.81399917602539,1.875,97.1,0.08,14.29,81.48999786376953,8225.3203125,-1.795,25673.985
2013-09-13,28.937000274658203,1.875,97.1,0.08,14.16,81.44999694824219,8168.16259765625,-1.795,25673.985
2013-09-16,28.773000717163086,1.875,97.1,0.08,14.38,81.25,8255.2998046875,-1.795,25673.985
2013-09-17,28.882999420166016,1.875,97.1,0.08,14.53,81.16999816894531,8249.740234375,-1.795,25673.985
2013-09-18,28.895000457763672,1.875,97.1,0.08,13.59,80.23999786376953,8209.1396484375,-1.795,25673.985
2013-09-23,28.83099937438965,1.875,97.1,0.09,14.31,80.44999694824219,8292.7900390625,-1.785,25673.985
2013-09-24,28.875,1.875,97.1,0.09,14.08,80.55999755859375,8299.080078125,-1.785,25673.985
2013-09-25,28.89699935913086,1.875,97.1,0.08,14.01,80.33000183105469,8283.8603515625,-1.795,25673.985
2013-09-26,28.812000274658203,1.875,98.73,0.08,14.06,80.5199966430664,8184.642578125,-1.795,25673.985
2013-09-27,28.854000091552734,1.875,98.73,0.08,15.46,80.2699966430664,8230.6396484375,-1.795,25673.985
2013-09-30,28.790000915527344,1.875,98.73,0.06,16.6,80.22000122070312,8173.83251953125,-1.815,25673.985
2013-10-01,28.77400016784668,1.875,98.73,0.08,15.54,80.0999984741211,8186.982421875,-1.795,27141.511
2013-10-02,28.81100082397461,1.875,776.25,0.07,16.6,79.87999725341797,8216.4794921875,-1.805,27141.511
2013-10-03,28.61199951171875,1.875,776.25,0.08,17.67,79.7699966430664,8358.9794921875,-1.795,27141.511
2013-10-04,28.584999084472656,1.875,776.25,0.08,16.74,80.12000274658203,8364.509765625,-1.795,27141.511
2013-10-07,28.676000595092773,1.875,329.5,0.08,19.41,79.94000244140625,8333.6201171875,-1.795,27141.511
2013-10-09,28.589000701904297,1.875,329.5,0.09,19.6,80.37000274658203,8344.6904296875,-1.785,27141.511
2013-10-11,28.64299964904785,1.875,329.5,0.1,15.72,80.36000061035156,8349.330078125,-1.775,27141.511
2013-10-14,28.607999801635742,1.875,329.5,0.1,16.07,80.26000213623047,8273.919921875,-1.775,27141.511
2013-10-15,28.63800048828125,1.875,329.5,0.1,18.66,80.4800033569336,8367.83984375,-1.775,27141.511
2013-10-16,28.541000366210938,1.875,329.5,0.11,14.71,80.5,8332.1396484375,-1.765,27141.511
2013-10-17,28.707000732421875,1.875,329.5,0.1,13.48,79.6500015258789,8374.6396484375,-1.775,27141.511
2013-10-18,28.569000244140625,1.875,329.5,0.1,13.04,79.63999938964844,8441.150390625,-1.775,27141.511
2013-10-21,28.68199920654297,1.875,329.5,0.09,13.16,79.68000030517578,8419.2802734375,-1.785,27141.511
2013-10-22,28.68199920654297,1.875,329.5,0.08,13.33,79.23999786376953,8418.2294921875,-1.795,27141.511
2013-10-23,28.417999267578125,1.875,329.5,0.08,13.42,79.26000213623047,8393.580078125,-1.795,27141.511
2013-10-24,28.613000869750977,1.875,329.5,0.08,13.2,79.19000244140625,8413.6796875,-1.795,27141.511
2013-10-25,28.67099952697754,1.875,329.5,0.08,13.09,79.18000030517578,8346.580078125,-1.795,27141.511
2013-10-28,28.66200065612793,1.875,329.5,0.08,13.31,79.25,8407.7900390625,-1.795,27141.511
2013-10-29,28.716999053955078,1.875,-188.4,0.08,13.41,79.62999725341797,8420.9404296875,-1.795,27141.511
2013-10-30,28.729000091552734,1.875,-188.4,0.08,13.65,79.75,8465.01953125,-1.795,27141.511
2013-10-31,28.729999542236328,1.875,-188.4,0.07,13.75,80.19999694824219,8450.01953125,-1.805,27141.511
2013-11-01,28.792999267578125,1.875,173.41,0.08,13.28,80.7300033569336,8388.1396484375,-1.795,26237.906
2013-11-04,28.7189998626709,1.875,173.41,0.08,12.93,80.55000305175781,8354.099609375,-1.795,26237.906
2013-11-05,28.658000946044922,1.875,173.41,0.08,13.27,80.70999908447266,8262.16015625,-1.795,26237.906
2013-11-06,28.69300079345703,1.875,173.41,0.08,12.67,80.4800033569336,8281.9296875,-1.795,26237.906
2013-11-07,28.673999786376953,1.875,173.41,0.08,13.91,80.81999969482422,8283.669921875,-1.795,26237.906
2013-11-08,28.889999389648438,1.875,173.41,0.08,12.9,81.20999908447266,8229.5498046875,-1.795,26237.906
2013-11-11,28.8439998626709,1.875,173.41,0.08,12.53,81.08999633789062,8182.5224609375,-1.795,26237.906
2013-11-12,28.79400062561035,1.875,173.41,0.08,12.82,81.19000244140625,8195.2197265625,-1.795,26237.906
2013-11-13,28.729000091552734,1.875,173.41,0.08,12.52,80.93000030517578,8104.22216796875,-1.795,26237.906
2013-11-14,28.684999465942383,1.875,173.41,0.09,12.37,80.9800033569336,8134.87255859375,-1.785,26237.906
2013-11-15,28.836999893188477,1.875,173.41,0.09,12.19,80.83999633789062,8177.08251953125,-1.785,26237.906
2013-11-18,28.740999221801758,1.875,173.41,0.09,13.1,80.83000183105469,8191.42236328125,-1.785,26237.906
2013-11-19,29.469999313354492,1.875,-259.79,0.09,13.39,80.69999694824219,8260.169921875,-1.785,26237.906
2013-11-20,29.469999313354492,1.875,-259.79,0.09,13.4,81.11000061035156,8204.419921875,-1.785,26237.906
2013-11-21,29.549999237060547,1.875,-259.79,0.09,12.66,81.05000305175781,8099.41259765625,-1.785,26237.906
2013-11-22,29.549999237060547,1.875,-259.79,0.09,12.26,80.70999908447266,8116.7421875,-1.785,26237.906
2013-11-25,28.783000946044922,1.875,-259.79,0.09,12.79,80.91999816894531,8187.47216796875,-1.785,26237.906
2013-11-26,29.600000381469727,1.875,344.33,0.09,12.81,80.61000061035156,8247.9794921875,-1.785,26237.906
2013-11-27,29.649999618530273,1.875,344.33,0.09,12.98,80.73999786376953,8295.83984375,-1.785,26237.906
2013-11-29,28.89900016784668,1.875,344.33,0.07,13.7,80.68000030517578,8406.7900390625,-1.805,26237.906
2013-12-02,28.898000717163086,1.875,344.33,0.09,14.23,80.91000366210938,8414.5703125,-1.785,26777.982
2013-12-03,29.600000381469727,1.875,344.33,0.09,14.55,80.62000274658203,8392.509765625,-1.785,26777.982
2013-12-04,29.540000915527344,1.875,344.33,0.09,14.7,80.62999725341797,8417.9599609375,-1.785,26777.982
2013-12-05,29.565000534057617,1.875,344.33,0.09,15.08,80.2699966430664,8375.5,-1.785,26777.982
2013-12-06,29.649999618530273,1.875,-430.08,0.09,13.79,80.2699966430664,8367.6796875,-1.785,26777.982
2013-12-09,28.808000564575195,1.875,-430.08,0.09,13.49,80.12999725341797,8444.580078125,-1.785,26777.982
2013-12-10,29.579999923706055,1.875,-430.08,0.09,13.91,79.97000122070312,8443.349609375,-1.785,26777.982
2013-12-11,29.59000015258789,1.875,-430.08,0.08,15.42,79.88999938964844,8433.7294921875,-1.795,26777.982
2013-12-12,29.579999923706055,1.875,-980.33,0.09,15.54,80.19999694824219,8361.2900390625,-1.785,26777.982
2013-12-13,29.600000381469727,1.875,-980.33,0.08,15.76,80.20999908447266,8376.900390625,-1.795,26777.982
2013-12-16,28.850000381469727,1.875,-980.33,0.09,16.03,80.06999969482422,8313.830078125,-1.785,26777.982
2013-12-17,29.6299991607666,1.875,-980.33,0.09,16.21,80.05999755859375,8352.8896484375,-1.785,26777.982
2013-12-18,29.6200008392334,1.875,-980.33,0.09,13.8,80.11000061035156,8349.0,-1.785,26777.982
2013-12-19,29.68000030517578,1.875,-980.33,0.09,14.15,80.62999725341797,8407.3603515625,-1.785,26777.982
2013-12-20,29.809999465942383,1.875,-980.33,0.09,13.79,80.58000183105469,8408.490234375,-1.785,26777.982
2013-12-23,29.19300079345703,1.875,-980.33,0.09,13.04,80.44999694824219,8456.419921875,-1.785,26777.982
2013-12-24,29.950000762939453,1.875,-86.86,0.08,12.48,80.52999877929688,8450.4501953125,-1.795,26777.982
2013-12-26,29.950000762939453,1.875,681.86,0.08,12.33,80.4800033569336,8485.849609375,-1.795,26777.982
2013-12-27,29.27199935913086,1.875,681.86,0.08,12.46,80.38999938964844,8535.0,-1.795,26777.982
2013-12-30,29.50200080871582,1.875,681.86,0.08,13.56,80.0,8623.3896484375,-1.795,26777.982
2013-12-31,30.0,1.875,681.86,0.07,13.72,80.04000091552734,8611.4697265625,-1.805,26777.982
2014-01-02,29.143999099731445,1.875,681.86,0.08,14.23,80.62999725341797,8612.5,-1.795,24745.871
2014-01-03,29.899999618530273,1.875,681.86,0.08,13.76,80.79000091552734,8546.5,-1.795,24745.871
2014-01-06,29.31599998474121,1.875,-79.15,0.08,13.55,80.6500015258789,8499.9697265625,-1.795,24745.871
2014-01-07,30.045000076293945,1.875,-79.15,0.07,12.92,80.83000183105469,8512.259765625,-1.805,24745.871
2014-01-08,30.100000381469727,1.875,-79.15,0.07,12.87,81.04000091552734,8555.9697265625,-1.805,24745.871
2014-01-09,30.100000381469727,1.875,276.0,0.07,12.89,81.01000213623047,8514.6396484375,-1.805,24745.871
2014-01-10,30.079999923706055,1.875,-326.86,0.07,12.14,80.66000366210938,8529.3095703125,-1.805,24745.871
2014-01-13,29.16699981689453,1.875,-326.86,0.07,13.28,80.51000213623047,8566.16015625,-1.805,24745.871
2014-01-14,29.98200035095215,1.875,189.3,0.07,12.28,80.61000061035156,8548.099609375,-1.805,24745.871
2014-01-15,29.98200035095215,1.875,189.3,0.07,12.28,81.0,8602.509765625,-1.805,24745.871
2014-01-16,30.110000610351562,1.875,189.3,0.07,12.53,80.9000015258789,8612.0703125,-1.805,24745.871
2014-01-17,30.06999969482422,1.875,189.3,0.07,12.44,81.26000213623047,8595.9599609375,-1.805,24745.871
2014-01-21,29.375999450683594,1.875,75.01,0.07,12.87,81.0999984741211,8599.8603515625,-1.805,24745.871
2014-01-22,30.219999313354492,1.875,75.01,0.07,12.84,81.16999816894531,8625.259765625,-1.805,24745.871
2014-01-23,30.229999542236328,1.875,276.5,0.07,13.77,80.44000244140625,8595.0595703125,-1.805,24745.871
2014-01-24,30.200000762939453,1.875,276.5,0.07,18.14,80.45999908447266,8598.26953125,-1.805,24745.871
2014-01-27,29.631999969482422,1.875,276.5,0.07,17.42,80.5,8462.5302734375,-1.805,24745.871
2014-02-05,30.290000915527344,1.875,276.5,0.07,19.95,81.02999877929688,8264.4404296875,-1.805,21591.877
2014-02-06,30.350000381469727,1.875,276.5,0.07,17.23,80.88999938964844,8310.9697265625,-1.805,21591.877
2014-02-07,30.274999618530273,1.875,276.5,0.06,15.29,80.69000244140625,8387.3095703125,-1.815,21591.877
2014-02-10,29.410999298095703,1.875,276.5,0.07,15.26,80.66999816894531,8391.91015625,-1.805,21591.877
2014-02-11,30.31999969482422,1.875,-178.72,0.06,14.51,80.62999725341797,8430.51953125,-1.815,21591.877
2014-02-12,30.31999969482422,1.875,-178.72,0.07,14.3,80.68000030517578,8510.830078125,-1.805,21591.877
2014-02-13,30.229999542236328,1.875,-178.72,0.06,14.14,80.29000091552734,8467.66015625,-1.815,21591.877
2014-02-14,30.315000534057617,1.875,-178.72,0.06,13.57,80.12999725341797,8513.6396484375,-1.815,21591.877
2014-02-18,29.533000946044922,1.875,-178.72,0.07,13.87,80.01000213623047,8556.1904296875,-1.805,21591.877
2014-02-19,30.280000686645508,1.875,-178.72,0.07,15.5,80.16999816894531,8576.9697265625,-1.805,21591.877
2014-02-20,30.280000686645508,1.875,832.32,0.07,14.79,80.29000091552734,8524.580078125,-1.805,21591.877
2014-02-21,30.309999465942383,1.875,832.32,0.07,14.68,80.23999786376953,8601.8203125,-1.805,21591.877
2014-02-24,29.542999267578125,1.875,832.32,0.07,14.23,80.20999908447266,8560.5703125,-1.805,21591.877
2014-02-25,30.350000381469727,1.875,832.32,0.07,13.67,80.1500015258789,8575.580078125,-1.805,21591.877
2014-02-26,30.34000015258789,1.875,832.32,0.07,14.35,80.41000366210938,8600.8203125,-1.805,21591.877
2014-02-27,30.290000915527344,1.875,832.32,0.07,14.04,80.29000091552734,8639.5400390625,-1.805,21591.877
2014-03-03,29.56999969482422,1.875,-663.72,0.07,16.0,80.06999969482422,8601.9404296875,-1.805,28255.041
2014-03-04,30.290000915527344,1.875,-663.72,0.07,14.1,80.16000366210938,8554.5,-1.805,28255.041
2014-03-05,30.329999923706055,1.875,-663.72,0.08,13.89,80.11000061035156,8632.8896484375,-1.795,28255.041
2014-03-06,30.299999237060547,1.875,-663.72,0.08,14.21,79.68000030517578,8713.75,-1.795,28255.041
2014-03-07,30.299999237060547,1.875,-663.72,0.08,14.11,79.72000122070312,8713.919921875,-1.795,28255.041
2014-03-10,29.549999237060547,1.875,-663.72,0.08,14.2,79.75,8665.2001953125,-1.795,28255.041
2014-03-11,30.290000915527344,1.875,-516.43,0.08,14.8,79.7699966430664,8702.2900390625,-1.795,28255.041
2014-03-12,30.290000915527344,1.875,7.82,0.08,14.47,79.61000061035156,8684.6904296875,-1.795,28255.041
2014-03-13,30.325000762939453,1.875,7.82,0.08,16.22,79.62000274658203,8747.75,-1.795,28255.041
2014-03-14,30.309999465942383,1.875,7.82,0.08,17.82,79.44000244140625,8687.58984375,-1.795,28255.041
2014-03-17,29.566999435424805,1.875,7.82,0.08,15.64,79.38999938964844,8700.0595703125,-1.795,28255.041
2014-03-18,30.30500030517578,1.875,7.82,0.08,14.52,79.41000366210938,8731.900390625,-1.795,28255.041
2014-03-19,30.43000030517578,1.875,7.82,0.08,15.12,79.98999786376953,8689.419921875,-1.795,28255.041
2014-03-20,30.43000030517578,1.875,7.82,0.08,14.52,80.20999908447266,8597.2900390625,-1.795,28255.041
2014-03-21,30.635000228881836,1.875,7.82,0.08,15.0,80.11000061035156,8577.1298828125,-1.795,28255.041
2014-03-24,29.8439998626709,1.875,7.82,0.09,15.09,79.93000030517578,8605.33984375,-1.785,28255.041
2014-03-25,30.559999465942383,1.875,55.23,0.09,14.02,79.94000244140625,8689.259765625,-1.785,28255.041
2014-03-26,30.5,1.875,55.23,0.08,14.93,79.9800033569336,8737.2294921875,-1.795,28255.041
2014-03-27,30.5,1.875,55.23,0.08,14.62,80.11000061035156,8779.5302734375,-1.795,28255.041
2014-03-28,30.489999771118164,1.875,55.23,0.08,14.41,80.18000030517578,8774.599609375,-1.795,28255.041
2014-03-31,29.702999114990234,1.875,55.23,0.06,13.88,80.0999984741211,8849.240234375,-1.815,28255.041
2014-04-01,30.489999771118164,1.875,55.23,0.08,13.1,80.08000183105469,8873.1103515625,-1.795,27105.699
2014-04-02,30.290000915527344,1.875,55.23,0.09,13.09,80.22000122070312,8905.4091796875,-1.785,27105.699
2014-04-03,29.667999267578125,1.875,55.23,0.08,13.37,80.47000122070312,8888.4990234375,-1.795,27105.699
2014-04-07,29.559999465942383,1.875,55.23,0.09,15.57,80.22000122070312,8876.3994140625,-1.785,27105.699
2014-04-08,30.25,1.875,55.23,0.08,14.89,79.75,8888.208984375,-1.795,27105.699
2014-04-09,30.110000610351562,1.875,55.23,0.08,13.82,79.4800033569336,8930.529296875,-1.795,27105.699
2014-04-10,29.989999771118164,1.875,55.23,0.08,15.89,79.37999725341797,8948.05859375,-1.795,27105.699
2014-04-11,29.309999465942383,1.875,55.23,0.09,17.03,79.44999694824219,8908.0087890625,-1.785,27105.699
2014-04-14,29.44700050354004,1.875,55.23,0.09,16.11,79.7300033569336,8857.3798828125,-1.785,27105.699
2014-04-15,30.15999984741211,1.875,55.23,0.1,15.61,79.80000305175781,8916.6689453125,-1.775,27105.699
2014-04-16,30.219999313354492,1.875,55.23,0.09,14.18,79.81999969482422,8923.779296875,-1.785,27105.699
2014-04-17,30.1299991607666,1.875,862.92,0.09,13.36,79.83000183105469,8944.119140625,-1.785,27105.699
2014-04-21,29.506999969482422,1.875,892.55,0.1,13.25,79.94999694824219,8951.1494140625,-1.775,27105.699
2014-04-22,30.190000534057617,1.875,892.55,0.1,13.19,79.91000366210938,8974.6689453125,-1.775,27105.699
2014-04-23,30.190000534057617,1.875,892.55,0.1,13.27,79.86000061035156,8956.87890625,-1.775,27105.699
2014-04-24,30.190000534057617,1.875,892.55,0.1,13.32,79.80000305175781,8945.4091796875,-1.775,27105.699
2014-04-25,30.28499984741211,1.875,892.55,0.09,14.06,79.7699966430664,8774.080078125,-1.785,27105.699
2014-04-28,29.56399917602539,1.875,892.55,0.09,13.97,79.68000030517578,8809.669921875,-1.785,27105.699
2014-04-29,30.28499984741211,1.875,892.55,0.1,13.71,79.80999755859375,8872.0703125,-1.775,27105.699
2014-04-30,29.450000762939453,1.875,892.55,0.09,13.41,79.48999786376953,8791.400390625,-1.785,27105.699
2014-05-02,30.149999618530273,1.875,892.55,0.09,12.91,79.5199966430664,8867.2802734375,-1.785,27151.226
2014-05-05,30.170000076293945,1.875,-189.46,0.09,13.29,79.48999786376953,8870.3896484375,-1.785,27151.226
2014-05-06,29.365999221801758,1.875,-189.46,0.09,13.8,79.13999938964844,8912.3486328125,-1.785,27151.226
2014-05-07,30.110000610351562,1.875,-189.46,0.08,13.4,79.22000122070312,8893.1787109375,-1.795,27151.226
2014-05-08,30.110000610351562,1.875,-189.46,0.08,13.43,79.43000030517578,8930.859375,-1.795,27151.226
2014-05-09,30.110000610351562,1.875,-189.46,0.08,12.92,79.9000015258789,8889.6494140625,-1.795,27151.226
2014-05-12,30.110000610351562,1.875,-189.46,0.08,12.23,79.9000015258789,8808.5703125,-1.795,27151.226
2014-05-13,30.200000762939453,1.875,-189.46,0.09,12.13,80.13999938964844,8817.900390625,-1.785,27151.226
2014-05-14,30.200000762939453,1.875,-189.46,0.08,12.17,80.06999969482422,8875.119140625,-1.795,27151.226
2014-05-15,30.190000534057617,1.875,-189.46,0.09,13.17,80.0,8880.609375,-1.785,27151.226
2014-05-16,30.190000534057617,1.875,-189.46,0.09,12.44,80.04000091552734,8888.4091796875,-1.785,27151.226
2014-05-19,29.413000106811523,1.875,-189.46,0.09,12.42,79.98999786376953,8899.859375,-1.785,27151.226
2014-05-20,30.1299991607666,1.875,-189.46,0.09,12.96,80.04000091552734,8887.7490234375,-1.785,27151.226
2014-05-21,30.149999618530273,1.875,-189.46,0.09,11.91,80.0999984741211,8862.3798828125,-1.785,27151.226
2014-05-22,30.158000946044922,1.875,-189.46,0.09,12.03,80.25,8969.5888671875,-1.785,27151.226
2014-05-23,30.125,1.875,-189.46,0.09,11.36,80.38999938964844,9008.1787109375,-1.785,27151.226
2014-05-27,29.371999740600586,1.875,300.3,0.09,11.51,80.3499984741211,9055.248046875,-1.785,27151.226
2014-05-28,29.430999755859375,1.875,300.3,0.09,11.68,80.56999969482422,9121.66796875,-1.785,27151.226
2014-05-29,30.09000015258789,1.875,300.3,0.09,11.57,80.48999786376953,9108.9580078125,-1.785,27151.226
2014-05-30,29.975000381469727,1.875,-827.66,0.08,11.4,80.37000274658203,9075.8681640625,-1.795,27151.226
2014-06-03,30.059999465942383,1.875,-827.66,0.1,11.87,80.55000305175781,9123.41796875,-1.775,27335.947
2014-06-04,30.065000534057617,1.875,-827.66,0.09,12.08,80.66999816894531,9119.91796875,-1.785,27335.947
2014-06-05,30.04599952697754,1.875,343.12,0.09,11.68,80.37000274658203,9140.677734375,-1.785,27335.947
2014-06-06,29.201000213623047,1.875,824.34,0.09,10.73,80.41000366210938,9134.41796875,-1.785,27335.947
2014-06-09,29.274999618530273,1.875,824.34,0.09,11.15,80.6500015258789,9162.6982421875,-1.785,27335.947
2014-06-10,29.989999771118164,1.875,824.34,0.09,10.99,80.81999969482422,9222.328125,-1.785,27335.947
2014-06-11,29.98900032043457,1.875,824.34,0.09,11.6,80.79000091552734,9229.7578125,-1.785,27335.947
2014-06-12,30.020000457763672,1.875,824.34,0.09,12.56,80.58000183105469,9204.6083984375,-1.785,27335.947
2014-06-13,29.98900032043457,1.875,824.34,0.1,12.18,80.58000183105469,9196.34765625,-1.775,27335.947
2014-06-16,29.989999771118164,1.875,824.34,0.1,12.65,80.47000122070312,9202.8876953125,-1.775,27335.947
2014-06-17,30.010000228881836,1.875,824.34,0.1,12.06,80.62999725341797,9240.5576171875,-1.775,27335.947
2014-06-18,30.040000915527344,1.875,824.34,0.1,10.61,80.58000183105469,9279.8876953125,-1.775,27335.947
2014-06-19,29.989999771118164,1.875,824.34,0.1,10.62,80.31999969482422,9316.767578125,-1.775,27335.947
2014-06-20,29.969999313354492,1.875,-739.91,0.1,10.85,80.37000274658203,9273.748046875,-1.775,27335.947
2014-06-23,29.261999130249023,1.875,-739.91,0.1,10.98,80.26000213623047,9228.3076171875,-1.775,27335.947
2014-06-24,29.238000869750977,1.875,-739.91,0.1,12.13,80.33000183105469,9246.158203125,-1.775,27335.947
2014-06-25,29.950000762939453,1.875,-739.91,0.1,11.59,80.22000122070312,9242.1181640625,-1.775,27335.947
2014-06-26,29.954999923706055,1.875,-739.91,0.1,11.63,80.2300033569336,9320.8984375,-1.775,27335.947
2014-06-27,29.905000686645508,1.875,-739.91,0.1,11.26,80.04000091552734,9306.7880859375,-1.775,27335.947
2014-06-30,29.860000610351562,1.875,-739.91,0.09,11.57,79.77999877929688,9393.0283203125,-1.785,27335.947
2014-07-01,29.864999771118164,1.875,-739.91,0.1,11.15,79.81999969482422,9441.8779296875,-1.775,27269.258
2014-07-02,29.19099998474121,1.875,-739.91,0.1,10.82,79.95999908447266,9484.9169921875,-1.775,27269.258
2014-07-03,29.14299964904785,1.875,-8.43,0.09,10.32,80.20999908447266,9526.1875,-1.785,27269.258
2014-07-07,29.1560001373291,1.875,-8.43,0.1,11.33,80.22000122070312,9520.1572265625,-1.775,27269.258
2014-07-08,29.899999618530273,1.875,-8.43,0.09,11.98,80.18000030517578,9530.9375,-1.785,27269.258
2014-07-09,29.8799991607666,1.875,-8.43,0.09,11.65,79.98999786376953,9489.9375,-1.785,27269.258
2014-07-10,29.097999572753906,1.875,217.44,0.09,12.59,80.12999725341797,9565.076171875,-1.785,27269.258
2014-07-11,29.926000595092773,1.875,217.44,0.09,12.08,80.19000244140625,9495.796875,-1.785,27269.258
2014-07-14,29.959999084472656,1.875,217.44,0.09,11.82,80.19000244140625,9520.2568359375,-1.785,27269.258
2014-07-15,29.940000534057617,1.875,217.44,0.09,11.96,80.38999938964844,9569.1259765625,-1.785,27269.258
2014-07-16,29.940000534057617,1.875,217.44,0.09,11.0,80.55999755859375,9484.6875,-1.785,27269.258
2014-07-17,29.969999313354492,1.875,217.44,0.09,14.54,80.5199966430664,9408.1982421875,-1.785,27269.258
2014-07-18,30.030000686645508,1.875,941.05,0.09,12.06,80.5199966430664,9400.927734375,-1.785,27269.258
2014-07-21,29.232999801635742,1.875,-50.12,0.1,12.81,80.55999755859375,9440.927734375,-1.775,27269.258
2014-07-22,29.969999313354492,1.875,-50.12,0.09,12.24,80.77999877929688,9499.3173828125,-1.785,27269.258
2014-07-23,29.288999557495117,1.875,-50.12,0.09,11.52,80.80999755859375,9499.3173828125,-1.785,27269.258
2014-07-24,29.937000274658203,1.875,-50.12,0.09,11.84,80.87000274658203,9527.4970703125,-1.785,27269.258
2014-07-25,29.94499969482422,1.875,-50.12,0.09,12.69,81.02999877929688,9439.248046875,-1.785,27269.258
2014-07-28,29.959999084472656,1.875,-50.12,0.09,12.56,81.02999877929688,9420.1376953125,-1.785,27269.258
2014-07-29,29.959999084472656,1.875,-50.12,0.09,13.28,81.20999908447266,9391.837890625,-1.785,27269.258
2014-07-30,29.950000762939453,1.875,-50.12,0.09,13.33,81.41999816894531,9446.9775390625,-1.785,27269.258
2014-07-31,29.993000030517578,1.875,-50.12,0.08,16.95,81.45999908447266,9315.8076171875,-1.795,27269.258
2014-08-01,30.05900001525879,1.875,-50.12,0.09,17.03,81.30000305175781,9266.4677734375,-1.785,28551.577
2014-08-04,29.989999771118164,1.875,-50.12,0.09,15.12,81.33000183105469,9330.1484375,-1.785,28551.577
2014-08-05,29.988000869750977,1.875,-50.12,0.09,16.87,81.5199966430664,9141.3984375,-1.785,28551.577
2014-08-06,29.267000198364258,1.875,-50.12,0.09,16.37,81.44000244140625,9143.927734375,-1.785,28551.577
2014-08-07,29.999000549316406,1.875,-50.12,0.09,16.66,81.5199966430664,9131.3984375,-1.785,28551.577
2014-08-08,29.999000549316406,1.875,-50.12,0.09,15.77,81.38999938964844,9085.91796875,-1.785,28551.577
2014-08-11,29.989999771118164,1.875,-50.12,0.09,14.23,81.47000122070312,9172.8681640625,-1.785,28551.577
2014-08-12,29.989999771118164,1.875,-50.12,0.09,14.13,81.5,9163.078125,-1.785,28551.577
2014-08-13,30.020000457763672,1.875,-50.12,0.09,12.9,81.5999984741211,9231.267578125,-1.785,28551.577
2014-08-14,30.020000457763672,1.875,-631.27,0.09,12.42,81.58999633789062,9230.568359375,-1.785,28551.577
2014-08-15,29.96500015258789,1.875,874.69,0.09,13.15,81.41999816894531,9206.767578125,-1.785,28551.577
2014-08-18,29.179000854492188,1.875,836.13,0.09,12.32,81.58000183105469,9141.267578125,-1.785,28551.577
2014-08-19,29.218000411987305,1.875,836.13,0.09,12.21,81.87999725341797,9243.73828125,-1.785,28551.577
2014-08-20,29.246000289916992,1.875,836.13,0.09,11.78,82.25,9288.0078125,-1.785,28551.577
2014-08-21,29.23200035095215,1.875,836.13,0.09,11.76,82.1500015258789,9253.337890625,-1.785,28551.577
2014-08-22,29.277999877929688,1.875,836.13,0.09,11.47,82.33999633789062,9380.0576171875,-1.785,28551.577
2014-08-25,29.215999603271484,1.875,836.13,0.09,11.7,82.55000305175781,9390.578125,-1.785,28551.577
2014-08-26,29.243999481201172,1.875,836.13,0.09,11.63,82.6500015258789,9393.91796875,-1.785,28551.577
2014-08-27,29.191999435424805,1.875,836.13,0.09,11.78,82.43000030517578,9485.546875,-1.785,28551.577
2014-08-28,29.121000289916992,1.875,836.13,0.09,12.05,82.4800033569336,9478.3271484375,-1.785,28551.577
2014-08-29,29.118999481201172,1.875,836.13,0.07,11.98,82.75,9436.2275390625,-1.805,28551.577
2014-09-02,29.117000579833984,1.875,-371.39,0.09,12.25,82.98999786376953,9399.677734375,-1.785,26833.365
2014-09-03,29.145999908447266,1.875,-371.39,0.09,12.36,82.87000274658203,9450.3076171875,-1.785,26833.365
2014-09-04,29.145999908447266,1.875,314.09,0.09,12.64,83.81999969482422,9428.84765625,-1.785,26833.365
2014-09-05,29.56399917602539,1.875,314.09,0.09,12.09,83.76000213623047,9407.8984375,-1.785,26833.365
2014-09-09,29.969999313354492,1.875,314.09,0.09,13.5,84.27999877929688,9434.7275390625,-1.785,26833.365
2014-09-10,29.05500030517578,1.875,314.09,0.09,12.88,84.25,9357.568359375,-1.785,26833.365
2014-09-11,29.292999267578125,1.875,314.09,0.09,12.8,84.30000305175781,9322.908203125,-1.785,26833.365
2014-09-12,29.98200035095215,1.875,314.09,0.09,13.31,84.23999786376953,9223.1376953125,-1.785,26833.365
2014-09-15,29.156999588012695,1.875,-468.49,0.09,14.12,84.26000213623047,9217.41796875,-1.785,26833.365
2014-09-16,29.31599998474121,1.875,-468.49,0.09,12.73,84.06999969482422,9133.3583984375,-1.785,26833.365
2014-09-17,29.3439998626709,1.875,-468.49,0.09,12.65,84.69999694824219,9195.1279296875,-1.785,26833.365
2014-09-18,29.648000717163086,1.875,-431.26,0.09,12.03,84.31999969482422,9236.98828125,-1.785,26833.365
2014-09-19,29.368999481201172,1.875,-431.26,0.09,12.11,84.80000305175781,9240.408203125,-1.785,26833.365
2014-09-22,29.51300048828125,1.875,-431.26,0.09,13.69,84.66999816894531,9134.6083984375,-1.785,26833.365
2014-09-23,29.45599937438965,1.875,-431.26,0.09,14.93,84.66000366210938,9084.8583984375,-1.785,26833.365
2014-09-24,29.538999557495117,1.875,-431.26,0.09,13.27,85.05000305175781,9098.4482421875,-1.785,26833.365
2014-09-25,29.572999954223633,1.875,-431.26,0.09,15.64,85.19999694824219,9011.548828125,-1.785,26833.365
2014-09-26,29.458999633789062,1.875,-431.26,0.09,14.85,85.63999938964844,8989.779296875,-1.785,26833.365
2014-09-29,29.631999969482422,1.875,-431.26,0.08,15.98,85.58999633789062,8960.71875,-1.795,26833.365
2014-09-30,29.676000595092773,1.875,-431.26,0.07,16.31,85.94000244140625,8966.87890625,-1.805,26833.365
2014-10-01,29.572999954223633,1.875,-431.26,0.09,16.71,85.97000122070312,8990.21875,-1.785,27303.836
2014-10-02,29.611000061035156,1.875,-431.26,0.09,16.16,85.5999984741211,8975.1494140625,-1.785,27303.836
2014-10-03,30.405000686645508,1.875,-431.26,0.09,14.55,86.69000244140625,9106.23828125,-1.785,27303.836
2014-10-06,29.900999069213867,1.875,-431.26,0.09,15.46,85.70999908447266,9095.09765625,-1.785,27303.836
2014-10-07,29.389999389648438,1.875,-188.52,0.09,17.2,85.66999816894531,9040.7685546875,-1.785,27303.836
2014-10-08,29.472999572753906,1.875,-188.52,0.09,15.11,85.30000305175781,8955.138671875,-1.785,27303.836
2014-10-09,29.625,1.875,79.57,0.08,18.76,85.5199966430664,8966.3994140625,-1.795,27303.836
2014-10-13,29.700000762939453,1.875,79.57,0.09,24.64,85.43000030517578,8711.349609375,-1.785,27303.836
2014-10-14,29.476999282836914,1.875,79.57,0.09,22.79,85.81999969482422,8768.349609375,-1.785,27303.836
2014-10-15,29.648000717163086,1.875,79.57,0.09,26.25,85.1500015258789,8655.4697265625,-1.785,27303.836
2014-10-16,29.170000076293945,1.875,79.57,0.09,25.2,85.0,8633.650390625,-1.785,27303.836
2014-10-17,29.503000259399414,1.875,79.57,0.09,21.99,85.19000244140625,8512.83984375,-1.785,27303.836
2014-10-20,30.375,1.875,79.57,0.09,18.57,84.94999694824219,8663.099609375,-1.785,27303.836
2014-10-21,30.399999618530273,1.875,79.57,0.09,16.08,85.30999755859375,8654.599609375,-1.785,27303.836
2014-10-22,29.687000274658203,1.875,79.57,0.09,17.87,85.73999786376953,8748.7900390625,-1.785,27303.836
2014-10-23,30.365999221801758,1.875,79.57,0.09,16.53,85.83999633789062,8731.0302734375,-1.785,27303.836
2014-10-24,29.65999984741211,1.875,79.57,0.09,16.11,85.7300033569336,8645.9697265625,-1.785,27303.836
2014-10-27,29.56800079345703,1.875,79.57,0.09,16.04,85.5,8627.740234375,-1.785,27303.836
2014-10-28,29.555999755859375,1.875,79.57,0.09,14.39,85.41000366210938,8773.509765625,-1.785,27303.836
2014-10-29,29.523000717163086,1.875,79.57,0.09,15.15,85.94999694824219,8903.638671875,-1.785,27303.836
2014-10-30,29.81399917602539,1.875,79.57,0.09,14.52,86.1500015258789,8888.029296875,-1.785,27303.836
2014-10-31,29.652999877929688,1.875,79.57,0.07,14.03,86.87999725341797,8974.71875,-1.805,27303.836
2014-11-03,29.791000366210938,1.875,79.57,0.09,14.73,87.30999755859375,9004.8193359375,-1.785,27205.131
2014-11-04,30.468000411987305,1.875,79.57,0.1,14.89,86.9800033569336,8989.138671875,-1.775,27205.131
2014-11-05,29.618000030517578,1.875,79.57,0.09,14.17,87.44000244140625,8962.55859375,-1.785,27205.131
2014-11-06,29.774999618530273,1.875,79.57,0.09,13.67,88.01000213623047,8890.978515625,-1.785,27205.131
2014-11-07,30.11400032043457,1.875,79.57,0.09,13.12,87.63999938964844,8912.5791015625,-1.785,27205.131
2014-11-10,29.677000045776367,1.875,79.57,0.09,12.67,87.80999755859375,9049.939453125,-1.785,27205.131
2014-11-11,29.89900016784668,1.875,79.57,0.09,12.92,87.52999877929688,9034.0986328125,-1.785,27205.131
2014-11-12,29.636999130249023,1.875,79.57,0.09,13.02,87.81999969482422,8918.9091796875,-1.785,27205.131
2014-11-13,29.844999313354492,1.875,79.57,0.09,13.79,87.66999816894531,8980.62890625,-1.785,27205.131
2014-11-14,29.774999618530273,1.875,79.57,0.09,13.31,87.52999877929688,8982.8388671875,-1.785,27205.131
2014-11-17,29.749000549316406,1.875,79.57,0.1,13.99,87.93000030517578,8884.3486328125,-1.775,27205.131
2014-11-18,29.990999221801758,1.875,79.57,0.11,13.86,87.58000183105469,8859.0302734375,-1.765,27205.131
2014-11-19,30.725000381469727,1.875,79.57,0.1,13.96,87.6500015258789,8963.19921875,-1.775,27205.131
2014-11-20,30.850000381469727,1.875,79.57,0.1,13.58,87.58999633789062,9078.828125,-1.775,27205.131
2014-11-21,30.086999893188477,1.875,79.57,0.1,12.9,88.30999755859375,9091.48828125,-1.775,27205.131
2014-11-24,30.8700008392334,1.875,79.57,0.1,12.62,88.1500015258789,9122.2880859375,-1.775,27205.131
2014-11-25,30.10300064086914,1.875,79.57,0.1,12.25,87.91999816894531,9116.1982421875,-1.775,27205.131
2014-11-26,30.051000595092773,1.875,79.57,0.1,12.07,87.61000061035156,9122.34765625,-1.775,27205.131
2014-11-28,30.115999221801758,1.875,79.57,0.08,13.33,88.36000061035156,9187.1083984375,-1.795,27205.131
2014-12-01,30.21500015258789,1.875,79.57,0.13,14.29,87.94999694824219,9117.66796875,-1.745,26064.446
2014-12-02,31.020000457763672,1.875,79.57,0.12,12.85,88.6500015258789,9034.7490234375,-1.755,26064.446
2014-12-03,30.39900016784668,1.875,-879.56,0.12,12.47,88.95999908447266,9175.2177734375,-1.755,26064.446
2014-12-04,30.27899932861328,1.875,-879.56,0.12,12.38,88.69999694824219,9225.068359375,-1.755,26064.446
2014-12-05,31.100000381469727,1.875,-879.56,0.12,11.82,89.33000183105469,9206.5283203125,-1.755,26064.446
2014-12-08,31.225000381469727,1.875,-879.56,0.12,14.21,89.04000091552734,9187.248046875,-1.755,26064.446
2014-12-09,31.12299919128418,1.875,-879.56,0.12,14.89,88.69000244140625,9128.8583984375,-1.755,26064.446
2014-12-10,31.19700050354004,1.875,-879.56,0.12,18.53,88.2699966430664,9032.119140625,-1.755,26064.446
2014-12-11,31.18199920654297,1.875,-879.56,0.12,20.08,88.66000366210938,9013.029296875,-1.755,26064.446
2014-12-12,30.402000427246094,1.875,-879.56,0.12,21.08,88.36000061035156,9027.2890625,-1.755,26064.446
2014-12-15,31.295000076293945,1.875,-879.56,0.11,20.42,88.45999908447266,8985.5888671875,-1.765,26064.446
2014-12-16,31.319000244140625,1.875,-879.56,0.12,23.57,88.12999725341797,8950.869140625,-1.755,26064.446
2014-12-17,31.291000366210938,1.875,-879.56,0.13,19.44,89.12999725341797,8828.3203125,-1.745,26064.446
2014-12-18,31.284000396728516,1.875,-879.56,0.13,16.81,89.23999786376953,8878.5888671875,-1.745,26064.446
2014-12-19,31.450000762939453,1.875,-879.56,0.13,16.49,89.5999984741211,8999.478515625,-1.745,26064.446
2014-12-22,31.510000228881836,1.875,-879.56,0.13,15.25,89.7699966430664,9094.9580078125,-1.745,26064.446
2014-12-23,31.56999969482422,1.875,-879.56,0.13,14.8,90.05999755859375,9097.66796875,-1.745,26064.446
2014-12-24,30.93400001525879,1.875,-879.56,0.13,14.37,89.97000122070312,9186.1376953125,-1.745,26064.446
2014-12-26,30.93400001525879,1.875,-879.56,0.13,14.5,90.02999877929688,9214.0283203125,-1.745,26064.446
2014-12-29,31.719999313354492,1.875,-879.56,0.13,15.06,90.19000244140625,9286.23828125,-1.745,26064.446
2014-12-30,30.95800018310547,1.875,-879.56,0.13,15.92,89.98999786376953,9268.3876953125,-1.745,26064.446
2014-12-31,3.6700000762939453,1.875,-879.56,0.06,19.2,90.2699966430664,9307.2177734375,-1.815,26064.446
2015-01-05,31.625,1.875,-879.56,0.12,19.92,91.37999725341797,9274.068359375,-1.755,25433.463
2015-01-06,31.985000610351562,1.875,-879.56,0.12,21.12,91.5,9048.298828125,-1.755,25433.463
2015-01-07,31.989999771118164,1.875,-879.56,0.12,19.31,91.88999938964844,9080.0478515625,-1.755,25433.463
2015-01-08,31.9950008392334,1.875,-879.56,0.12,17.01,92.37000274658203,9237.98828125,-1.755,25433.463
2015-01-09,32.0,1.875,-879.56,0.12,17.55,91.94000244140625,9215.5380859375,-1.755,25433.463
2015-01-12,31.92799949645996,1.875,-409.73,0.12,19.6,91.9800033569336,9178.2578125,-1.755,25433.463
2015-01-13,31.850000381469727,1.875,-409.73,0.12,20.56,92.30999755859375,9231.7578125,-1.755,25433.463
2015-01-14,31.850000381469727,1.875,-409.73,0.12,21.48,92.16000366210938,9180.1884765625,-1.755,25433.463
2015-01-15,31.825000762939453,1.875,-409.73,0.12,22.39,92.3499984741211,9165.0478515625,-1.755,25433.463
2015-01-16,31.780000686645508,1.875,-409.73,0.13,20.95,92.5199966430664,9138.248046875,-1.745,25433.463
2015-01-20,31.545000076293945,1.875,-409.73,0.12,19.89,93.05000305175781,9251.6484375,-1.755,25433.463
2015-01-21,31.690000534057617,1.875,-409.73,0.12,18.85,92.9000015258789,9319.66796875,-1.755,25433.463
2015-01-22,31.545000076293945,1.875,-409.73,0.12,16.4,94.23999786376953,9369.4677734375,-1.755,25433.463
2015-01-23,31.50200080871582,1.875,-409.73,0.12,16.66,95.0,9470.8974609375,-1.755,25433.463
2015-01-26,31.424999237060547,1.875,-409.73,0.12,15.52,94.80000305175781,9477.626953125,-1.755,25433.463
2015-01-27,31.332000732421875,1.875,-409.73,0.11,17.22,94.0199966430664,9521.546875,-1.765,25433.463
2015-01-28,31.31800079345703,1.875,-409.73,0.12,20.44,94.47000122070312,9510.876953125,-1.755,25433.463
2015-01-29,31.320999145507812,1.875,-627.66,0.11,18.76,94.77999877929688,9426.8583984375,-1.765,25433.463
2015-01-30,31.50200080871582,1.875,-627.66,0.06,20.97,94.80000305175781,9361.8681640625,-1.815,25433.463
2015-02-02,31.54599952697754,1.875,-627.66,0.12,19.43,94.5,9386.9482421875,-1.755,20091.715
2015-02-03,31.676000595092773,1.875,-627.66,0.12,17.33,93.5999984741211,9448.6884765625,-1.755,20091.715
2015-02-04,31.618000030517578,1.875,-627.66,0.11,18.33,93.98999786376953,9513.876953125,-1.765,20091.715
2015-02-05,31.465999603271484,1.875,-627.66,0.12,16.85,94.69999694824219,9512.0068359375,-1.755,20091.715
2015-02-06,31.527999877929688,1.875,-627.66,0.11,17.29,94.69999694824219,9456.13671875,-1.765,20091.715
2015-02-09,31.48200035095215,1.875,-627.66,0.12,18.55,94.44999694824219,9421.4580078125,-1.755,20091.715
2015-02-10,31.55500030517578,1.875,-627.66,0.12,17.23,94.76000213623047,9393.658203125,-1.755,20091.715
2015-02-11,31.49799919128418,1.875,-627.66,0.12,16.96,94.98999786376953,9462.1767578125,-1.755,20091.715
2015-02-12,31.55900001525879,1.875,-627.66,0.12,15.34,94.08999633789062,9496.2666015625,-1.755,20091.715
2015-02-13,31.249000549316406,1.875,-627.66,0.12,14.69,94.19999694824219,9529.466796875,-1.755,20091.715
2015-02-24,31.6299991607666,1.875,-627.66,0.11,13.69,94.48999786376953,9629.326171875,-1.765,20091.715
2015-02-25,31.68000030517578,1.875,-627.66,0.11,13.84,94.20999908447266,9699.4951171875,-1.765,20091.715
2015-02-26,31.525999069213867,1.875,-627.66,0.11,13.91,95.29000091552734,9622.0556640625,-1.765,20091.715
2015-03-02,31.49799919128418,1.875,990.44,0.12,13.04,95.45999908447266,9601.31640625,-1.755,25559.211
2015-03-03,31.562000274658203,1.875,990.44,0.12,13.86,95.37999725341797,9605.7255859375,-1.755,25559.211
2015-03-04,31.50200080871582,1.875,990.44,0.11,14.23,95.97000122070312,9621.6865234375,-1.765,25559.211
2015-03-05,31.472000122070312,1.875,-825.45,0.11,14.04,96.37999725341797,9595.0458984375,-1.765,25559.211
2015-03-06,31.500999450683594,1.875,-825.45,0.12,15.2,97.62000274658203,9645.7255859375,-1.755,25559.211
2015-03-09,31.44499969482422,1.875,-825.45,0.12,15.06,97.58999633789062,9562.9365234375,-1.755,25559.211
2015-03-10,31.511999130249023,1.875,-825.45,0.12,16.69,98.62000274658203,9536.4873046875,-1.755,25559.211
2015-03-11,31.549999237060547,1.875,-825.45,0.11,16.87,99.80000305175781,9523.13671875,-1.765,25559.211
2015-03-12,31.650999069213867,1.875,-825.45,0.11,15.42,99.1500015258789,9595.9560546875,-1.765,25559.211
2015-03-13,31.658000946044922,1.875,-825.45,0.11,16.0,100.33000183105469,9579.3056640625,-1.765,25559.211
2015-03-16,31.701000213623047,1.875,-825.45,0.12,15.61,99.5999984741211,9512.8671875,-1.755,25559.211
2015-03-17,31.700000762939453,1.875,-18.25,0.12,15.66,99.58999633789062,9539.3974609375,-1.755,25559.211
2015-03-18,31.652000427246094,1.875,-18.25,0.11,13.97,98.55000305175781,9653.3857421875,-1.765,25559.211
2015-03-19,31.63599967956543,1.875,-18.25,0.12,14.07,99.0999984741211,9736.685546875,-1.755,25559.211
2015-03-20,31.485000610351562,1.875,-18.25,0.12,13.02,97.91000366210938,9749.6455078125,-1.755,25559.211
2015-03-23,31.53499984741211,1.875,-18.25,0.12,13.41,97.02999877929688,9758.044921875,-1.755,25559.211
2015-03-24,31.489999771118164,1.875,-18.25,0.11,13.62,97.19000244140625,9731.615234375,-1.765,25559.211
2015-03-25,31.371000289916992,1.875,-18.25,0.12,15.44,96.9800033569336,9667.7861328125,-1.755,25559.211
2015-03-26,31.389999389648438,1.875,-18.25,0.11,15.8,97.44000244140625,9619.076171875,-1.765,25559.211
2015-03-27,31.395999908447266,1.875,-18.25,0.12,15.07,97.29000091552734,9503.6767578125,-1.755,25559.211
2015-03-30,31.36199951171875,1.875,-18.25,0.12,14.51,97.9800033569336,9521.8271484375,-1.755,25559.211
2015-03-31,31.371000289916992,1.875,-18.25,0.06,15.29,98.36000061035156,9586.396484375,-1.815,25559.211
2015-04-01,31.392000198364258,1.875,-18.25,0.12,15.11,98.19000244140625,9507.6171875,-1.755,23786.264
2015-04-02,31.35099983215332,1.875,-18.25,0.12,14.67,97.44000244140625,9600.2763671875,-1.755,23786.264
2015-04-07,31.29199981689453,1.875,-18.25,0.12,14.78,97.83000183105469,9641.8564453125,-1.755,23786.264
2015-04-08,31.13800048828125,1.875,-18.25,0.12,13.98,98.06999969482422,9571.92578125,-1.755,23786.264
2015-04-09,31.21299934387207,1.875,-18.25,0.12,13.09,99.16000366210938,9567.99609375,-1.755,23786.264
2015-04-10,31.218000411987305,1.875,-18.25,0.12,12.58,99.38999938964844,9617.65625,-1.755,23786.264
2015-04-13,31.22800064086914,1.875,-18.25,0.13,13.94,99.48999786376953,9666.4755859375,-1.745,23786.264
2015-04-14,31.33099937438965,1.875,-18.25,0.13,13.67,98.76000213623047,9642.17578125,-1.745,23786.264
2015-04-15,31.299999237060547,1.875,-18.25,0.13,12.84,98.33000183105469,9540.0166015625,-1.745,23786.264
2015-04-16,31.31999969482422,1.875,-18.25,0.13,12.6,97.41999816894531,9656.826171875,-1.745,23786.264
2015-04-17,29.993999481201172,1.875,-18.25,0.13,13.89,97.5199966430664,9570.8857421875,-1.745,23786.264
2015-04-20,30.113000869750977,1.875,252.27,0.13,13.3,97.94000244140625,9552.806640625,-1.745,23786.264
2015-04-21,31.091999053955078,1.875,252.27,0.13,13.25,97.9800033569336,9533.9375,-1.745,23786.264
2015-04-22,31.163000106811523,1.875,252.27,0.13,12.71,98.0199966430664,9612.9560546875,-1.745,23786.264
2015-04-23,31.10099983215332,1.875,252.27,0.13,12.48,97.27999877929688,9797.4453125,-1.745,23786.264
2015-04-24,31.1200008392334,1.875,252.27,0.13,12.29,96.91999816894531,9913.2353515625,-1.745,23786.264
2015-04-27,29.75,1.875,252.27,0.13,13.12,96.7699966430664,9973.07421875,-1.745,23786.264
2015-04-28,30.85099983215332,1.875,252.27,0.13,12.41,96.08999633789062,9956.7841796875,-1.745,23786.264
2015-04-29,30.81999969482422,1.875,252.27,0.13,13.39,95.12000274658203,9853.78515625,-1.745,23786.264
2015-04-30,30.684999465942383,1.875,252.27,0.08,14.55,94.5999984741211,9820.0048828125,-1.795,23786.264
2015-05-04,30.740999221801758,1.875,252.27,0.13,12.85,95.4800033569336,9844.9951171875,-1.745,25931.328
2015-05-05,30.764999389648438,1.875,252.27,0.13,14.31,95.12999725341797,9820.0849609375,-1.745,25931.328
2015-05-06,30.770000457763672,1.875,252.27,0.13,15.15,94.12999725341797,9818.1552734375,-1.745,25931.328
2015-05-07,30.743000030517578,1.875,252.27,0.13,15.13,94.62000274658203,9704.0654296875,-1.745,25931.328
2015-05-08,30.79599952697754,1.875,252.27,0.13,12.86,94.79000091552734,9691.955078125,-1.745,25931.328
2015-05-11,30.753000259399414,1.875,252.27,0.13,13.85,95.01000213623047,9663.67578125,-1.745,25931.328
2015-05-12,30.770000457763672,1.875,252.27,0.13,13.86,94.52999877929688,9680.6865234375,-1.745,25931.328
2015-05-13,30.799999237060547,1.875,252.27,0.13,13.76,93.62000274658203,9724.0654296875,-1.745,25931.328
2015-05-14,30.670000076293945,1.875,252.27,0.13,12.74,93.36000061035156,9610.7861328125,-1.745,25931.328
2015-05-15,30.67300033569336,1.875,252.27,0.13,12.38,93.13999938964844,9579.4365234375,-1.745,25931.328
2015-05-18,30.60099983215332,1.875,252.27,0.13,12.73,94.19000244140625,9606.0556640625,-1.745,25931.328
2015-05-19,30.599000930786133,1.875,252.27,0.12,12.85,95.2699966430664,9716.724609375,-1.755,25931.328
2015-05-20,30.628000259399414,1.875,252.27,0.12,12.88,95.44999694824219,9685.2646484375,-1.755,25931.328
2015-05-21,30.67300033569336,1.875,252.27,0.12,12.11,95.26000213623047,9578.515625,-1.755,25931.328
2015-05-22,30.636999130249023,1.875,252.27,0.13,12.13,96.01000213623047,9638.755859375,-1.745,25931.328
2015-05-26,30.562999725341797,1.875,252.27,0.12,14.06,97.30000305175781,9669.3662109375,-1.755,25931.328
2015-05-27,30.698999404907227,1.875,252.27,0.12,13.27,97.37000274658203,9693.4951171875,-1.755,25931.328
2015-05-28,30.718000411987305,1.875,939.57,0.12,13.31,96.97000122070312,9712.794921875,-1.755,25931.328
2015-05-29,30.788999557495117,1.875,-167.84,0.08,13.84,96.91000366210938,9701.025390625,-1.795,25931.328
2015-06-01,30.86199951171875,1.875,-167.84,0.12,13.97,97.38999938964844,9625.646484375,-1.755,23382.857
2015-06-02,30.920000076293945,1.875,-167.84,0.12,14.24,95.83999633789062,9614.2158203125,-1.755,23382.857
2015-06-03,30.9950008392334,1.875,-167.84,0.13,13.66,95.47000122070312,9556.4765625,-1.745,23382.857
2015-06-04,30.90999984741211,1.875,-167.84,0.13,14.71,95.45999908447266,9348.587890625,-1.745,23382.857
2015-06-05,31.05500030517578,1.875,-167.84,0.13,14.21,96.30999755859375,9340.087890625,-1.745,23382.857
2015-06-08,31.02199935913086,1.875,-167.84,0.13,15.29,95.30000305175781,9368.3876953125,-1.745,23382.857
2015-06-09,31.2450008392334,1.875,-167.84,0.13,14.47,95.16999816894531,9191.828125,-1.745,23382.857
2015-06-10,31.295000076293945,1.875,-167.84,0.13,13.22,94.6500015258789,9298.4580078125,-1.745,23382.857
2015-06-11,31.142000198364258,1.875,-167.84,0.13,12.85,94.9800033569336,9302.4482421875,-1.745,23382.857
2015-06-12,31.149999618530273,1.875,-167.84,0.13,13.78,94.97000122070312,9301.8876953125,-1.745,23382.857
2015-06-15,31.21500015258789,1.875,-167.84,0.13,15.39,94.80999755859375,9259.4384765625,-1.745,23382.857
2015-06-16,31.2450008392334,1.875,-167.84,0.14,14.81,95.0,9212.73828125,-1.7349999999999999,23382.857
2015-06-17,31.25200080871582,1.875,-167.84,0.14,14.5,94.30000305175781,9189.7880859375,-1.7349999999999999,23382.857
2015-06-18,31.24799919128418,1.875,-167.84,0.14,13.19,94.04000091552734,9218.328125,-1.7349999999999999,23382.857
2015-06-22,29.729000091552734,1.875,-167.84,0.13,12.74,94.33000183105469,9341.7275390625,-1.745,23382.857
2015-06-23,30.961999893188477,1.875,-897.52,0.13,12.11,95.43000030517578,9391.09765625,-1.745,23382.857
2015-06-24,30.985000610351562,1.875,274.35,0.13,13.26,95.26000213623047,9397.267578125,-1.745,23382.857
2015-06-25,31.042999267578125,1.875,274.35,0.13,14.01,95.19000244140625,9476.296875,-1.745,23382.857
2015-06-26,31.040000915527344,1.875,274.35,0.13,14.02,95.47000122070312,9462.52734375,-1.745,23382.857
2015-06-29,31.12299919128418,1.875,274.35,0.14,18.85,94.79000091552734,9236.0576171875,-1.7349999999999999,23382.857
2015-06-30,31.166000366210938,1.875,274.35,0.08,18.23,95.48999786376953,9322.9775390625,-1.795,23382.857
2015-07-01,31.058000564575195,1.875,274.35,0.13,16.09,96.30999755859375,9375.1884765625,-1.745,23802.534
2015-07-02,31.094999313354492,1.875,274.35,0.13,16.79,96.11000061035156,9379.1982421875,-1.745,23802.534
2015-07-06,31.111000061035156,1.875,274.35,0.13,17.01,96.30000305175781,9255.91796875,-1.745,23802.534
2015-07-07,31.145000457763672,1.875,-243.99,0.13,16.09,96.87000274658203,9250.1181640625,-1.745,23802.534
2015-07-08,31.15399932861328,1.875,-243.99,0.13,19.66,96.29000091552734,8976.0693359375,-1.745,23802.534
2015-07-09,31.215999603271484,1.875,-243.99,0.13,19.97,96.61000061035156,8914.0888671875,-1.745,23802.534
2015-07-13,31.222999572753906,1.875,-243.99,0.13,13.9,96.86000061035156,9033.87890625,-1.745,23802.534
2015-07-14,31.19499969482422,1.875,-241.51,0.13,13.37,96.63999938964844,9041.71875,-1.745,23802.534
2015-07-15,31.295000076293945,1.875,-241.51,0.13,13.23,97.12999725341797,9054.1591796875,-1.745,23802.534
2015-07-16,31.264999389648438,1.875,-241.51,0.14,12.11,97.66000366210938,9042.1689453125,-1.7349999999999999,23802.534
2015-07-17,31.304000854492188,1.875,-241.51,0.13,11.95,97.86000061035156,9045.939453125,-1.745,23802.534
2015-07-20,30.312999725341797,1.875,-241.51,0.14,12.25,98.02999877929688,8974.958984375,-1.7349999999999999,23802.534
2015-07-21,31.33099937438965,1.875,-241.51,0.13,12.22,97.33000183105469,9005.9189453125,-1.745,23802.534
2015-07-22,31.395000457763672,1.875,-241.51,0.13,12.12,97.5999984741211,8918.6591796875,-1.745,23802.534
2015-07-23,31.34000015258789,1.875,-241.51,0.13,12.64,97.12000274658203,8791.080078125,-1.745,23802.534
2015-07-24,31.44300079345703,1.875,-241.51,0.13,13.74,97.23999786376953,8767.8203125,-1.745,23802.534
2015-07-27,31.511999130249023,1.875,-241.51,0.14,15.6,96.5,8556.6396484375,-1.7349999999999999,23802.534
2015-07-28,31.545000076293945,1.875,-241.51,0.14,13.44,96.7699966430664,8582.4501953125,-1.7349999999999999,23802.534
2015-07-29,31.56599998474121,1.875,-241.51,0.14,12.5,96.9800033569336,8563.4404296875,-1.7349999999999999,23802.534
2015-07-30,31.513999938964844,1.875,923.99,0.14,12.13,97.55999755859375,8651.4501953125,-1.7349999999999999,23802.534
2015-07-31,31.594999313354492,1.875,923.99,0.08,12.12,97.37000274658203,8665.2998046875,-1.795,23802.534
2015-08-03,31.674999237060547,1.875,923.99,0.14,12.56,97.48999786376953,8524.3701171875,-1.7349999999999999,24234.477
2015-08-04,31.697999954223633,1.875,923.99,0.14,13.0,97.93000030517578,8510.8203125,-1.7349999999999999,24234.477
2015-08-05,31.716999053955078,1.875,844.66,0.14,12.51,97.95999908447266,8542.2294921875,-1.7349999999999999,24234.477
2015-08-06,31.743999481201172,1.875,844.66,0.14,13.77,97.83000183105469,8449.51953125,-1.7349999999999999,24234.477
2015-08-07,31.74799919128418,1.875,-639.85,0.14,13.39,97.55999755859375,8442.25,-1.7349999999999999,24234.477
2015-08-10,31.74799919128418,1.875,-871.28,0.14,12.23,97.16000366210938,8466.7998046875,-1.7349999999999999,24234.477
2015-08-11,31.74799919128418,1.875,-871.28,0.15,13.71,97.29000091552734,8394.099609375,-1.725,24234.477
2015-08-12,32.051998138427734,1.875,-871.28,0.15,13.61,96.26000213623047,8283.33984375,-1.725,24234.477
2015-08-13,32.45399856567383,1.875,-875.44,0.15,13.49,96.44999694824219,8311.7001953125,-1.725,24234.477
2015-08-14,32.33399963378906,1.875,-875.44,0.14,12.83,96.56999969482422,8305.599609375,-1.7349999999999999,24234.477
2015-08-17,32.34600067138672,1.875,-875.44,0.15,13.02,96.81999969482422,8213.3798828125,-1.725,24234.477
2015-08-18,32.60200119018555,1.875,186.68,0.15,13.79,96.97000122070312,8177.1826171875,-1.725,24234.477
2015-08-19,32.64099884033203,1.875,186.68,0.15,15.25,96.45999908447266,8021.80224609375,-1.725,24234.477
2015-08-20,31.332000732421875,1.875,186.68,0.15,19.14,95.75,8029.7724609375,-1.725,24234.477
2015-08-21,32.659000396728516,1.875,186.68,0.15,28.03,94.83000183105469,7786.88427734375,-1.725,24234.477
2015-08-24,32.854000091552734,1.875,186.68,0.15,40.74,93.30999755859375,7410.3056640625,-1.725,24234.477
2015-08-25,32.94499969482422,1.875,186.68,0.15,36.02,94.52999877929688,7675.60498046875,-1.725,24234.477
2015-08-26,32.86399841308594,1.875,186.68,0.14,30.32,95.0999984741211,7715.5546875,-1.7349999999999999,24234.477
2015-08-27,32.75199890136719,1.875,186.68,0.14,26.1,95.61000061035156,7824.513671875,-1.7349999999999999,24234.477
2015-08-28,32.75699996948242,1.875,186.68,0.14,26.05,96.11000061035156,8019.142578125,-1.7349999999999999,24234.477
2015-08-31,32.7599983215332,1.875,92.56,0.08,28.43,95.94999694824219,8174.88232421875,-1.795,24234.477
2015-09-01,32.79800033569336,1.875,92.56,0.14,31.4,95.44999694824219,8017.5224609375,-1.7349999999999999,22910.032
2015-09-02,32.665000915527344,1.875,-389.02,0.14,26.09,95.83000183105469,8035.25244140625,-1.7349999999999999,22910.032
2015-09-03,32.75,1.875,-389.02,0.14,25.61,96.41000366210938,8095.91259765625,-1.7349999999999999,22910.032
2015-09-04,31.89299964904785,1.875,-389.02,0.14,27.8,96.2300033569336,8000.5625,-1.7349999999999999,22910.032
2015-09-08,32.91899871826172,1.875,-389.02,0.14,24.9,95.87999725341797,8001.46240234375,-1.7349999999999999,22910.032
2015-09-09,32.99100112915039,1.875,-389.02,0.14,26.23,96.01000213623047,8286.8798828125,-1.7349999999999999,22910.032
2015-09-10,32.76300048828125,1.875,-389.02,0.14,24.37,95.45999908447266,8268.6396484375,-1.7349999999999999,22910.032
2015-09-11,32.84299850463867,1.875,-609.25,0.14,23.2,95.19000244140625,8305.7802734375,-1.7349999999999999,22910.032
2015-09-14,32.696998596191406,1.875,-609.25,0.14,24.25,95.25,8307.25,-1.7349999999999999,22910.032
2015-09-15,32.70500183105469,1.875,-609.25,0.14,22.54,95.61000061035156,8259.9501953125,-1.7349999999999999,22910.032
2015-09-16,32.775001525878906,1.875,-609.25,0.14,21.35,95.41999816894531,8333.25,-1.7349999999999999,22910.032
2015-09-17,32.750999450683594,1.875,-609.25,0.14,21.14,94.55000305175781,8445.4599609375,-1.7349999999999999,22910.032
2015-09-18,32.64899826049805,1.875,-609.25,0.14,22.28,94.86000061035156,8462.099609375,-1.7349999999999999,22910.032
2015-09-21,32.650001525878906,1.875,-609.25,0.14,20.14,95.88999938964844,8307.0,-1.7349999999999999,22910.032
2015-09-22,32.92499923706055,1.875,710.36,0.14,22.44,96.27999877929688,8365.8798828125,-1.7349999999999999,22910.032
2015-09-23,32.95800018310547,1.875,710.36,0.14,22.13,96.06999969482422,8193.3798828125,-1.7349999999999999,22910.032
2015-09-24,33.23699951171875,1.875,710.36,0.14,23.47,95.98999786376953,8123.0625,-1.7349999999999999,22910.032
2015-09-25,33.24700164794922,1.75,710.36,0.13,23.62,96.2699966430664,8132.3125,-1.62,22910.032
2015-09-30,33.279998779296875,1.75,-452.64,0.07,24.5,96.3499984741211,8181.20263671875,-1.68,22910.032
2015-10-01,33.1150016784668,1.75,-452.64,0.13,22.55,96.19000244140625,8295.900390625,-1.62,24342.208
2015-10-02,33.06800079345703,1.75,-816.15,0.13,20.94,95.83000183105469,8304.990234375,-1.62,24342.208
2015-10-05,32.67900085449219,1.75,-816.15,0.13,19.54,96.11000061035156,8352.3203125,-1.62,24342.208
2015-10-06,32.99100112915039,1.75,-816.15,0.13,19.4,95.45999908447266,8394.0595703125,-1.62,24342.208
2015-10-07,31.608999252319336,1.75,-816.15,0.13,18.4,95.5,8495.1904296875,-1.62,24342.208
2015-10-08,32.86000061035156,1.75,-816.15,0.13,17.42,95.31999969482422,8445.919921875,-1.62,24342.208
2015-10-12,31.291000366210938,1.75,-816.15,0.13,16.17,94.83999633789062,8573.6796875,-1.62,24342.208
2015-10-13,32.55099868774414,1.75,-816.15,0.13,17.67,94.76000213623047,8567.8798828125,-1.62,24342.208
2015-10-14,32.73099899291992,1.75,-816.15,0.13,18.03,93.93000030517578,8522.4697265625,-1.62,24342.208
2015-10-15,32.733001708984375,1.75,-816.15,0.13,16.05,94.37000274658203,8601.4794921875,-1.62,24342.208
2015-10-16,32.45000076293945,1.75,-816.15,0.13,15.05,94.54000091552734,8604.91015625,-1.62,24342.208
2015-10-19,32.49599838256836,1.75,-816.15,0.13,14.98,94.95999908447266,8631.4599609375,-1.62,24342.208
2015-10-20,32.4109992980957,1.75,-816.15,0.13,15.75,94.8499984741211,8653.5595703125,-1.62,24342.208
2015-10-21,32.500999450683594,1.75,-816.15,0.13,16.7,95.05000305175781,8609.1904296875,-1.62,24342.208
2015-10-22,32.54999923706055,1.75,-816.15,0.12,14.45,96.33999633789062,8608.419921875,-1.63,24342.208
2015-10-23,32.6510009765625,1.75,-816.15,0.12,14.46,97.06999969482422,8673.76953125,-1.63,24342.208
2015-10-26,32.500999450683594,1.75,-816.15,0.12,15.29,96.86000061035156,8745.3203125,-1.63,24342.208
2015-10-27,32.70100021362305,1.75,-198.88,0.12,15.43,96.91000366210938,8701.2802734375,-1.63,24342.208
2015-10-28,32.667999267578125,1.75,-198.88,0.12,14.33,97.77999877929688,8665.9501953125,-1.63,24342.208
2015-10-29,32.676998138427734,1.75,-198.88,0.12,14.61,97.27999877929688,8571.0400390625,-1.63,24342.208
2015-10-30,32.540000915527344,1.75,-186.53,0.07,15.07,96.94999694824219,8554.26953125,-1.68,24342.208
2015-11-02,32.400001525878906,1.75,-186.53,0.12,14.15,96.93000030517578,8614.7294921875,-1.63,22524.854
2015-11-03,32.71200180053711,1.75,-186.53,0.12,14.54,97.16000366210938,8713.150390625,-1.63,22524.854
2015-11-04,32.617000579833984,1.75,-186.53,0.12,15.51,97.94999694824219,8856.9794921875,-1.63,22524.854
2015-11-05,32.5880012512207,1.75,-186.53,0.12,15.05,97.94000244140625,8850.1396484375,-1.63,22524.854
2015-11-06,32.70899963378906,1.75,-186.53,0.12,14.33,99.16000366210938,8693.5302734375,-1.63,22524.854
2015-11-09,32.722999572753906,1.75,-186.53,0.12,16.52,98.9800033569336,8642.4404296875,-1.63,22524.854
2015-11-10,31.95400047302246,1.75,-186.53,0.12,15.29,99.29000091552734,8536.8603515625,-1.63,22524.854
2015-11-11,32.84299850463867,1.75,-186.53,0.12,16.06,99.01000213623047,8414.9697265625,-1.63,22524.854
2015-11-12,31.687999725341797,1.75,-186.53,0.12,18.37,98.6500015258789,8428.0498046875,-1.63,22524.854
2015-11-13,31.55699920654297,1.75,-186.53,0.12,20.08,98.98999786376953,8329.4599609375,-1.63,22524.854
2015-11-16,32.900001525878906,1.75,-186.53,0.13,18.16,99.44000244140625,8295.3603515625,-1.62,22524.854
2015-11-17,33.013999938964844,1.75,-186.53,0.13,18.84,99.62999725341797,8419.3798828125,-1.62,22524.854
2015-11-18,31.89900016784668,1.75,-186.53,0.12,16.85,99.6500015258789,8340.4296875,-1.63,22524.854
2015-11-19,33.000999450683594,1.75,-186.53,0.12,16.99,98.98999786376953,8477.16015625,-1.63,22524.854
2015-11-20,32.494998931884766,1.75,-186.53,0.12,15.47,99.56999969482422,8465.41015625,-1.63,22524.854
2015-11-23,31.702999114990234,1.75,-186.53,0.12,15.62,99.80000305175781,8485.6904296875,-1.63,22524.854
2015-11-24,32.77000045776367,1.75,-186.53,0.12,15.93,99.52999877929688,8400.099609375,-1.63,22524.854
2015-11-25,31.659000396728516,1.75,-186.53,0.12,15.19,99.80000305175781,8386.08984375,-1.63,22524.854
2015-11-27,32.69499969482422,1.75,-186.53,0.12,15.12,100.0199966430664,8398.3603515625,-1.63,22524.854
2015-11-30,31.708999633789062,1.75,-186.53,0.08,16.13,100.16999816894531,8320.5703125,-1.67,22524.854
2015-12-01,32.821998596191406,1.75,-186.53,0.13,14.67,99.80000305175781,8463.259765625,-1.62,22435.035
2015-12-02,31.639999389648438,1.75,614.6,0.13,15.91,99.98999786376953,8457.3603515625,-1.62,22435.035
2015-12-03,31.777999877929688,1.75,-4.22,0.13,18.11,97.62000274658203,8456.01953125,-1.62,22435.035
2015-12-04,30.74799919128418,1.75,-4.22,0.13,14.81,98.3499984741211,8398.5595703125,-1.62,22435.035
2015-12-07,31.871000289916992,1.75,-4.22,0.13,15.84,98.66000366210938,8454.2294921875,-1.62,22435.035
2015-12-08,31.861000061035156,1.75,-4.22,0.13,17.6,98.47000122070312,8343.8203125,-1.62,22435.035
2015-12-09,31.94499969482422,1.75,-4.22,0.14,19.61,97.3499984741211,8229.580078125,-1.6099999999999999,22435.035
2015-12-10,31.7189998626709,1.75,-4.22,0.14,19.34,97.94000244140625,8216.1298828125,-1.6099999999999999,22435.035
2015-12-11,33.0,1.75,-4.22,0.14,24.39,97.56999969482422,8115.8525390625,-1.6099999999999999,22435.035
2015-12-14,31.85700035095215,1.75,-4.22,0.15,22.73,97.5999984741211,8040.12255859375,-1.6,22435.035
2015-12-15,31.927000045776367,1.75,-4.22,0.15,20.95,98.22000122070312,8073.3125,-1.6,22435.035
2015-12-16,32.016998291015625,1.75,-4.22,0.15,17.86,97.87000274658203,8184.62255859375,-1.6,22435.035
2015-12-17,31.92099952697754,1.75,-4.22,0.37,18.94,99.2699966430664,8319.6298828125,-1.38,22435.035
2015-12-18,32.04999923706055,1.625,-4.22,0.37,20.7,98.69999694824219,8257.2802734375,-1.255,22435.035
2015-12-21,32.77899932861328,1.625,-4.22,0.36,18.7,98.45999908447266,8282.1298828125,-1.2650000000000001,22435.035
2015-12-22,31.860000610351562,1.625,-4.22,0.36,16.6,98.23999786376953,8292.7001953125,-1.2650000000000001,22435.035
2015-12-23,31.8799991607666,1.625,-4.22,0.36,15.57,98.33999633789062,8315.66015625,-1.2650000000000001,22435.035
2015-12-24,31.99799919128418,1.625,-4.22,0.36,15.74,97.9800033569336,8324.3203125,-1.2650000000000001,22435.035
2015-12-28,31.78700065612793,1.625,-4.22,0.36,16.91,97.91999816894531,8358.4501953125,-1.2650000000000001,22435.035
2015-12-29,31.91900062561035,1.625,-995.97,0.36,16.08,98.0999984741211,8293.8701171875,-1.2650000000000001,22435.035
2015-12-30,32.11800003051758,1.625,-995.97,0.35,17.29,98.2699966430664,8279.9501953125,-1.275,22435.035
2015-12-31,31.988000869750977,1.625,423.68,0.2,18.21,98.62999725341797,8338.01953125,-1.425,22435.035
2016-01-04,32.058998107910156,1.625,423.68,0.36,20.7,98.87000274658203,8114.22216796875,-1.2650000000000001,22073.597
2016-01-05,32.4640007019043,1.625,423.68,0.36,19.34,99.4000015258789,8075.072265625,-1.2650000000000001,22073.597
2016-01-06,32.24599838256836,1.625,423.68,0.36,20.59,99.18000030517578,7990.3525390625,-1.2650000000000001,22073.597
2016-01-07,33.44200134277344,1.625,423.68,0.36,24.99,98.22000122070312,7852.0234375,-1.2650000000000001,22073.597
2016-01-08,32.23400115966797,1.625,423.68,0.36,27.01,98.54000091552734,7893.93310546875,-1.2650000000000001,22073.597
2016-01-11,32.20100021362305,1.625,423.68,0.36,24.3,98.7300033569336,7788.38427734375,-1.2650000000000001,22073.597
2016-01-12,32.558998107910156,1.625,423.68,0.36,22.47,98.97000122070312,7768.41455078125,-1.2650000000000001,22073.597
2016-01-13,33.650001525878906,1.625,423.68,0.36,25.22,98.93000030517578,7824.57373046875,-1.2650000000000001,22073.597
2016-01-14,33.612998962402344,1.625,423.68,0.36,23.95,99.08999633789062,7742.84423828125,-1.2650000000000001,22073.597
2016-01-15,33.72800064086914,1.625,423.68,0.36,27.02,98.95999908447266,7761.97412109375,-1.2650000000000001,22073.597
2016-01-19,32.64500045776367,1.625,423.68,0.36,26.05,98.98999786376953,7854.84326171875,-1.2650000000000001,22073.597
2016-01-20,32.444000244140625,1.625,423.68,0.37,27.59,99.08999633789062,7699.0849609375,-1.255,22073.597
2016-01-21,32.91600036621094,1.625,423.68,0.37,26.69,99.05999755859375,7663.974609375,-1.255,22073.597
2016-01-22,32.94599914550781,1.625,423.68,0.38,22.34,99.56999969482422,7756.14453125,-1.245,22073.597
2016-01-25,32.641998291015625,1.625,423.68,0.38,24.15,99.36000061035156,7894.11279296875,-1.245,22073.597
2016-01-26,32.47800064086914,1.625,423.68,0.38,22.5,99.36000061035156,7828.6337890625,-1.245,22073.597
2016-01-27,32.45100021362305,1.625,291.91,0.38,23.11,98.9000015258789,7849.7939453125,-1.245,22073.597
2016-01-28,32.595001220703125,1.625,291.91,0.38,22.42,98.51000213623047,7905.06298828125,-1.245,22073.597
2016-01-29,32.60599899291992,1.625,291.91,0.29,20.2,99.61000061035156,8080.5625,-1.335,22073.597
2016-02-01,32.79899978637695,1.625,291.91,0.38,19.98,99.0,8156.92236328125,-1.245,17631.047
2016-02-02,32.43000030517578,1.625,291.91,0.38,21.98,98.87000274658203,8131.20263671875,-1.245,17631.047
2016-02-03,32.571998596191406,1.625,291.91,0.38,21.65,97.29000091552734,8062.96533203125,-1.245,17631.047
2016-02-16,33.39899826049805,1.625,291.91,0.38,24.11,96.87000274658203,8212.04296875,-1.245,17631.047
2016-02-17,33.439998626708984,1.625,291.91,0.37,22.31,96.79000091552734,8214.22265625,-1.255,17631.047
2016-02-18,33.4900016784668,1.625,291.91,0.38,21.64,96.94999694824219,8314.642578125,-1.245,17631.047
2016-02-19,32.308998107910156,1.625,291.91,0.38,20.53,96.5999984741211,8325.0126953125,-1.245,17631.047
2016-02-22,32.30799865722656,1.625,291.91,0.38,19.38,97.37999725341797,8326.65234375,-1.245,17631.047
2016-02-23,32.3380012512207,1.625,291.91,0.38,20.98,97.4800033569336,8334.6123046875,-1.245,17631.047
2016-02-24,33.47200012207031,1.625,-743.14,0.38,20.72,97.45999908447266,8282.8330078125,-1.245,17631.047
2016-02-25,32.301998138427734,1.625,-743.14,0.37,19.11,97.29000091552734,8365.8330078125,-1.255,17631.047
2016-02-26,32.31100082397461,1.625,-743.14,0.37,19.81,98.1500015258789,8411.1328125,-1.255,17631.047
2016-03-01,32.39099884033203,1.625,-743.14,0.36,17.7,98.3499984741211,8485.6630859375,-1.2650000000000001,22632.039
2016-03-02,32.22100067138672,1.625,-743.14,0.37,17.09,98.20999908447266,8544.0224609375,-1.255,22632.039
2016-03-03,33.356998443603516,1.625,-743.14,0.37,16.7,97.56999969482422,8611.7626953125,-1.255,22632.039
2016-03-04,31.791000366210938,1.625,-743.14,0.36,16.86,97.33999633789062,8643.5224609375,-1.2650000000000001,22632.039
2016-03-07,31.76799964904785,1.625,-743.14,0.36,17.35,97.06999969482422,8659.5224609375,-1.2650000000000001,22632.039
2016-03-08,32.994998931884766,1.625,-743.14,0.36,18.67,97.20999908447266,8664.2822265625,-1.2650000000000001,22632.039
2016-03-09,31.908000946044922,1.625,-743.14,0.36,18.34,97.16999816894531,8634.0830078125,-1.2650000000000001,22632.039
2016-03-10,33.20800018310547,1.625,-743.14,0.36,18.05,96.06999969482422,8660.6728515625,-1.2650000000000001,22632.039
2016-03-11,33.071998596191406,1.625,-743.14,0.36,16.5,96.16999816894531,8706.1123046875,-1.2650000000000001,22632.039
2016-03-14,31.68600082397461,1.625,-743.14,0.36,16.92,96.62000274658203,8747.873046875,-1.2650000000000001,22632.039
2016-03-15,31.798999786376953,1.625,-743.14,0.37,16.84,96.62999725341797,8611.15234375,-1.255,22632.039
2016-03-16,32.90999984741211,1.625,-743.14,0.37,14.99,95.88999938964844,8699.1123046875,-1.255,22632.039
2016-03-17,31.60099983215332,1.625,-743.14,0.37,14.44,94.76000213623047,8734.5126953125,-1.255,22632.039
2016-03-18,32.698001861572266,1.625,-743.14,0.37,14.02,94.98999786376953,8810.6826171875,-1.255,22632.039
2016-03-21,31.486000061035156,1.625,-743.14,0.37,13.79,95.29000091552734,8812.6728515625,-1.255,22632.039
2016-03-22,32.5359992980957,1.625,-743.14,0.37,14.17,95.6500015258789,8785.65234375,-1.255,22632.039
2016-03-23,32.518001556396484,1.625,-743.14,0.37,14.94,96.05000305175781,8766.0625,-1.255,22632.039
2016-03-24,32.612998962402344,1.625,-743.14,0.37,14.74,96.13999938964844,8743.3525390625,-1.255,22632.039
2016-03-28,32.75699996948242,1.5,-743.14,0.37,15.24,95.94000244140625,8690.4228515625,-1.13,22632.039
2016-03-29,32.70899963378906,1.5,-743.14,0.37,13.82,95.16000366210938,8617.322265625,-1.13,22632.039
2016-03-30,32.68299865722656,1.5,-743.14,0.37,13.56,94.83999633789062,8737.0126953125,-1.13,22632.039
2016-03-31,32.4119987487793,1.5,-743.14,0.25,13.95,94.58999633789062,8744.802734375,-1.25,22632.039
2016-04-01,32.270999908447266,1.5,-743.14,0.37,13.1,94.62000274658203,8657.5224609375,-1.13,22048.734
2016-04-06,32.3650016784668,1.5,-743.14,0.37,14.09,94.43000030517578,8513.2724609375,-1.13,22048.734
2016-04-07,32.4119987487793,1.5,-743.14,0.37,16.16,94.4800033569336,8490.22265625,-1.13,22048.734
2016-04-08,31.51099967956543,1.5,-734.18,0.37,15.36,94.23999786376953,8541.47265625,-1.13,22048.734
2016-04-11,32.439998626708984,1.5,-930.27,0.37,16.26,93.94999694824219,8562.5625,-1.13,22048.734
2016-04-12,32.380001068115234,1.5,-930.27,0.37,14.85,93.95999908447266,8531.15234375,-1.13,22048.734
2016-04-13,32.37099838256836,1.5,-930.27,0.37,13.84,94.73999786376953,8652.052734375,-1.13,22048.734
2016-04-14,32.34199905395508,1.5,-930.27,0.37,13.72,94.9000015258789,8667.6826171875,-1.13,22048.734
2016-04-15,32.426998138427734,1.5,-930.27,0.37,13.62,94.69999694824219,8700.3623046875,-1.13,22048.734
2016-04-18,32.34000015258789,1.5,916.61,0.37,13.35,94.48999786376953,8665.982421875,-1.13,22048.734
2016-04-19,32.38999938964844,1.5,-377.62,0.37,13.24,93.9800033569336,8633.6923828125,-1.13,22048.734
2016-04-20,32.2599983215332,1.5,-377.62,0.37,13.28,94.48999786376953,8514.453125,-1.13,22048.734
2016-04-21,32.233001708984375,1.5,-377.62,0.37,13.95,94.5999984741211,8568.623046875,-1.13,22048.734
2016-04-22,31.441999435424805,1.5,-377.62,0.37,13.22,95.12000274658203,8535.72265625,-1.13,22048.734
2016-04-25,32.321998596191406,1.5,-377.62,0.37,14.08,94.83999633789062,8560.2529296875,-1.13,22048.734
2016-04-26,32.35200119018555,1.5,-377.62,0.37,13.96,94.56999969482422,8581.54296875,-1.13,22048.734
2016-04-27,32.354000091552734,1.5,22.53,0.37,13.77,94.38999938964844,8563.0224609375,-1.13,22048.734
2016-04-28,32.3380012512207,1.5,22.53,0.37,15.22,93.76000213623047,8473.8427734375,-1.13,22048.734
2016-04-29,32.27199935913086,1.5,22.53,0.3,15.7,93.08000183105469,8377.873046875,-1.2,22048.734
2016-05-03,32.27399826049805,1.5,22.53,0.37,15.6,92.94000244140625,8294.0927734375,-1.13,23509.809
2016-05-04,32.19599914550781,1.5,22.53,0.37,16.05,93.18000030517578,8185.44482421875,-1.13,23509.809
2016-05-05,32.33599853515625,1.5,22.53,0.37,15.91,93.77999877929688,8167.9345703125,-1.13,23509.809
2016-05-06,32.369998931884766,1.5,22.53,0.37,14.72,93.88999938964844,8146.40478515625,-1.13,23509.809
2016-05-09,32.402000427246094,1.5,22.53,0.37,14.57,94.1500015258789,8131.8046875,-1.13,23509.809
2016-05-10,32.40800094604492,1.5,22.53,0.37,13.63,94.29000091552734,8156.2646484375,-1.13,23509.809
2016-05-11,32.5260009765625,1.5,22.53,0.37,14.69,93.81999969482422,8135.53466796875,-1.13,23509.809
2016-05-12,32.51900100708008,1.5,22.53,0.37,14.41,94.13999938964844,8108.0244140625,-1.13,23509.809
2016-05-13,32.53099822998047,1.5,22.53,0.37,15.04,94.61000061035156,8053.66455078125,-1.13,23509.809
2016-05-16,32.61600112915039,1.5,22.53,0.37,14.68,94.56999969482422,8067.57470703125,-1.13,23509.809
2016-05-17,32.69499969482422,1.5,22.53,0.37,15.57,94.55000305175781,8140.45458984375,-1.13,23509.809
2016-05-18,32.608001708984375,1.5,22.53,0.37,15.95,95.08000183105469,8159.65478515625,-1.13,23509.809
2016-05-19,32.69499969482422,1.5,22.53,0.37,16.33,95.29000091552734,8095.95458984375,-1.13,23509.809
2016-05-20,32.790000915527344,1.5,-246.56,0.37,15.2,95.30999755859375,8131.234375,-1.13,23509.809
2016-05-23,32.73400115966797,1.5,-246.56,0.37,15.82,95.2300033569336,8344.4130859375,-1.13,23509.809
2016-05-24,32.650001525878906,1.5,-839.49,0.37,14.42,95.56999969482422,8300.6328125,-1.13,23509.809
2016-05-25,32.691001892089844,1.5,-839.49,0.37,13.9,95.3499984741211,8396.1728515625,-1.13,23509.809
2016-05-26,32.6349983215332,1.5,534.46,0.37,13.43,95.16999816894531,8394.0927734375,-1.13,23509.809
2016-05-27,32.56700134277344,1.5,534.46,0.37,13.12,95.5199966430664,8463.5830078125,-1.13,23509.809
2016-05-31,32.650001525878906,1.5,534.46,0.29,14.19,95.88999938964844,8535.5625,-1.21,23509.809
2016-06-01,32.619998931884766,1.5,534.46,0.37,14.2,95.45999908447266,8597.1328125,-1.13,22812.394
2016-06-02,32.608001708984375,1.5,534.46,0.37,13.63,95.55999755859375,8555.9921875,-1.13,22812.394
2016-06-03,32.60200119018555,1.5,534.46,0.37,13.47,94.02999877929688,8587.3330078125,-1.13,22812.394
2016-06-06,32.24300003051758,1.5,534.46,0.37,13.65,93.9000015258789,8597.0830078125,-1.13,22812.394
2016-06-07,32.38999938964844,1.5,534.46,0.37,14.05,93.83000183105469,8679.873046875,-1.13,22812.394
2016-06-08,32.33000183105469,1.5,534.46,0.37,14.08,93.58999633789062,8715.453125,-1.13,22812.394
2016-06-13,32.220001220703125,1.5,534.46,0.37,20.97,94.37000274658203,8536.19921875,-1.13,22812.394
2016-06-14,32.41600036621094,1.5,534.46,0.37,20.5,94.93000030517578,8576.099609375,-1.13,22812.394
2016-06-15,32.415000915527344,1.5,534.46,0.37,20.14,94.61000061035156,8606.349609375,-1.13,22812.394
2016-06-16,32.43000030517578,1.5,534.46,0.38,19.37,94.56999969482422,8494.119140625,-1.12,22812.394
2016-06-17,32.38100051879883,1.5,534.46,0.38,19.41,94.20999908447266,8568.0595703125,-1.12,22812.394
2016-06-20,31.26799964904785,1.5,534.46,0.38,18.37,93.61000061035156,8625.8994140625,-1.12,22812.394
2016-06-21,32.25199890136719,1.5,534.46,0.38,18.48,94.0199966430664,8684.8291015625,-1.12,22812.394
2016-06-22,32.25,1.5,534.46,0.38,21.17,93.72000122070312,8716.2294921875,-1.12,22812.394
2016-06-23,32.21699905395508,1.5,534.46,0.39,17.25,93.52999877929688,8676.6591796875,-1.1099999999999999,22812.394
2016-06-24,32.176998138427734,1.5,534.46,0.4,25.76,95.44999694824219,8476.9697265625,-1.1,22812.394
2016-06-27,32.45000076293945,1.5,534.46,0.41,23.85,96.54000091552734,8458.849609375,-1.09,22812.394
2016-06-28,32.5099983215332,1.5,534.46,0.41,18.75,96.25,8505.4892578125,-1.09,22812.394
2016-06-29,32.4109992980957,1.5,534.46,0.41,16.64,95.7699966430664,8586.5390625,-1.09,22812.394
2016-06-30,32.33300018310547,1.5,534.46,0.3,15.63,96.13999938964844,8666.5595703125,-1.2,22812.394
2016-07-01,32.2760009765625,1.375,534.46,0.41,14.77,95.6500015258789,8738.2197265625,-0.9650000000000001,24044.579
2016-07-05,32.19599914550781,1.375,-873.51,0.4,15.58,96.16999816894531,8716.0498046875,-0.975,24044.579
2016-07-06,32.257999420166016,1.375,-873.51,0.4,14.96,96.05999755859375,8575.7294921875,-0.975,24044.579
2016-07-07,32.38399887084961,1.375,-873.51,0.4,14.76,96.33000183105469,8640.8896484375,-0.975,24044.579
2016-07-08,32.290000915527344,1.375,-873.51,0.4,13.2,96.30000305175781,8640.8896484375,-0.975,24044.579
2016-07-11,31.422000885009766,1.375,-873.51,0.4,13.54,96.56999969482422,8786.44921875,-0.975,24044.579
2016-07-12,32.207000732421875,1.375,-873.51,0.4,13.55,96.44000244140625,8841.439453125,-0.975,24044.579
2016-07-13,32.20100021362305,1.375,-873.51,0.4,13.04,96.22000122070312,8857.7294921875,-0.975,24044.579
2016-07-14,32.18000030517578,1.375,-873.51,0.4,12.82,96.08000183105469,8866.33984375,-0.975,24044.579
2016-07-15,32.055999755859375,1.375,-873.51,0.4,12.67,96.58000183105469,8949.828125,-0.975,24044.579
2016-07-18,31.319000244140625,1.375,-873.51,0.4,12.44,96.55999755859375,9008.1884765625,-0.975,24044.579
2016-07-19,31.992000579833984,1.375,-873.51,0.4,11.97,97.05000305175781,9034.8486328125,-0.975,24044.579
2016-07-20,31.979999542236328,1.375,-873.51,0.4,11.77,97.19999694824219,9007.658203125,-0.975,24044.579
2016-07-21,32.040000915527344,1.375,-873.51,0.4,12.74,97.0,9056.5380859375,-0.975,24044.579
2016-07-22,32.04999923706055,1.375,-873.51,0.4,12.02,97.47000122070312,9013.1181640625,-0.975,24044.579
2016-07-25,32.05699920654297,1.375,-873.51,0.4,12.87,97.29000091552734,8991.6484375,-0.975,24044.579
2016-07-26,32.137001037597656,1.375,-873.51,0.4,13.05,97.16000366210938,9024.7685546875,-0.975,24044.579
2016-07-27,32.09700012207031,1.375,-873.51,0.4,12.83,97.05000305175781,9063.3681640625,-0.975,24044.579
2016-07-28,32.0629997253418,1.375,-873.51,0.4,12.72,96.73999786376953,9076.6181640625,-0.975,24044.579
2016-07-29,31.94099998474121,1.375,-873.51,0.3,11.87,95.52999877929688,8984.388671875,-1.075,24044.579
2016-08-01,30.840999603271484,1.375,-873.51,0.4,12.44,95.70999908447266,9080.6884765625,-0.975,24536.823
2016-08-02,31.6200008392334,1.375,-873.51,0.4,13.37,95.05999755859375,9068.73828125,-0.975,24536.823
2016-08-03,31.676000595092773,1.375,-873.51,0.4,12.86,95.55999755859375,9001.6884765625,-0.975,24536.823
2016-08-04,31.738000869750977,1.375,-873.51,0.4,12.42,95.76000213623047,9024.6884765625,-0.975,24536.823
2016-08-05,31.687999725341797,1.375,-873.51,0.4,11.39,96.19000244140625,9092.0986328125,-0.975,24536.823
2016-08-08,31.549999237060547,1.375,-873.51,0.4,11.5,96.4000015258789,9150.23828125,-0.975,24536.823
2016-08-09,31.5049991607666,1.375,-873.51,0.4,11.66,96.18000030517578,9155.05859375,-0.975,24536.823
2016-08-10,31.44300079345703,1.375,-873.51,0.4,12.05,95.6500015258789,9200.3984375,-0.975,24536.823
2016-08-11,31.20599937438965,1.375,-873.51,0.4,11.68,95.86000061035156,9131.80859375,-0.975,24536.823
2016-08-12,31.31800079345703,1.375,-873.51,0.4,11.55,95.72000122070312,9150.3681640625,-0.975,24536.823
2016-08-15,31.386999130249023,1.375,-873.51,0.4,11.81,95.62999725341797,9148.48828125,-0.975,24536.823
2016-08-16,31.351999282836914,1.375,686.11,0.4,12.64,94.79000091552734,9110.3388671875,-0.975,24536.823
2016-08-17,31.240999221801758,1.375,686.11,0.4,12.19,94.72000122070312,9117.6787109375,-0.975,24536.823
2016-08-18,31.395999908447266,1.375,686.11,0.4,11.43,94.16000366210938,9122.478515625,-0.975,24536.823
2016-08-19,31.41200065612793,1.375,686.11,0.4,11.34,94.51000213623047,9034.248046875,-0.975,24536.823
2016-08-22,31.601999282836914,1.375,686.11,0.4,12.27,94.5199966430664,8981.7880859375,-0.975,24536.823
2016-08-23,31.791000366210938,1.375,646.94,0.4,12.38,94.54000091552734,9030.908203125,-0.975,24536.823
2016-08-24,31.805999755859375,1.375,-30.97,0.4,13.45,94.79000091552734,9017.3583984375,-0.975,24536.823
2016-08-25,31.75,1.375,-30.97,0.4,13.63,94.7699966430664,9115.4482421875,-0.975,24536.823
2016-08-26,31.659000396728516,1.375,-30.97,0.4,13.65,95.56999969482422,9131.6982421875,-0.975,24536.823
2016-08-29,31.7450008392334,1.375,-221.32,0.4,12.94,95.58000183105469,9110.1484375,-0.975,24536.823
2016-08-30,31.68600082397461,1.375,-221.32,0.4,13.12,96.05000305175781,9110.5380859375,-0.975,24536.823
2016-08-31,31.71500015258789,1.375,-221.32,0.3,13.42,96.0199966430664,9068.8291015625,-1.075,24536.823
2016-09-01,31.714000701904297,1.375,-221.32,0.4,13.48,95.6500015258789,9001.1298828125,-0.975,22491.209
2016-09-02,31.718000411987305,1.375,715.51,0.4,11.98,95.87999725341797,8987.529296875,-0.975,22491.209
2016-09-06,31.481000900268555,1.375,715.51,0.4,12.02,94.81999969482422,9181.8291015625,-0.975,22491.209
2016-09-07,31.1200008392334,1.375,715.51,0.4,11.94,94.95999908447266,9259.0498046875,-0.975,22491.209
2016-09-08,31.22100067138672,1.375,715.51,0.4,12.51,95.02999877929688,9262.869140625,-0.975,22491.209
2016-09-09,31.288999557495117,1.375,715.51,0.4,17.5,95.33999633789062,9164.859375,-0.975,22491.209
2016-09-12,31.628000259399414,1.375,715.51,0.4,15.16,95.0999984741211,8947.0390625,-0.975,22491.209
2016-09-13,31.665000915527344,1.375,715.51,0.4,17.85,95.62999725341797,8940.8095703125,-0.975,22491.209
2016-09-14,31.770999908447266,1.375,715.51,0.4,18.14,95.33000183105469,8902.279296875,-0.975,22491.209
2016-09-19,31.683000564575195,1.375,715.51,0.4,15.53,95.83999633789062,9152.859375,-0.975,22491.209
2016-09-20,31.400999069213867,1.375,715.51,0.4,15.92,96.0199966430664,9161.5595703125,-0.975,22491.209
2016-09-21,31.334999084472656,1.375,715.51,0.4,13.3,95.66000366210938,9228.4794921875,-0.975,22491.209
2016-09-22,31.14699935913086,1.375,715.51,0.4,12.02,95.44999694824219,9235.2392578125,-0.975,22491.209
2016-09-23,31.371999740600586,1.375,715.51,0.4,12.29,95.4800033569336,9284.599609375,-0.975,22491.209
2016-09-26,31.327999114990234,1.375,715.51,0.4,14.5,95.30999755859375,9194.4990234375,-0.975,22491.209
2016-09-29,31.367000579833984,1.375,715.51,0.4,14.02,95.54000091552734,9270.8798828125,-0.975,22491.209
2016-09-30,31.378000259399414,1.375,715.51,0.29,13.29,95.45999908447266,9166.8291015625,-1.085,22491.209
2016-10-03,31.30699920654297,1.375,715.51,0.4,13.57,95.75,9234.1796875,-0.975,26652.649
2016-10-04,31.312000274658203,1.375,715.51,0.4,13.63,96.12000274658203,9287.7490234375,-0.975,26652.649
2016-10-05,31.482999801635742,1.375,715.51,0.4,12.99,96.12999725341797,9272.259765625,-0.975,26652.649
2016-10-06,31.405000686645508,1.375,715.51,0.4,12.84,96.66000366210938,9284.2890625,-0.975,26652.649
2016-10-07,31.38599967956543,1.375,715.51,0.4,13.48,96.5199966430664,9265.7890625,-0.975,26652.649
2016-10-11,31.47100067138672,1.375,715.51,0.41,15.36,97.69999694824219,9219.7998046875,-0.9650000000000001,26652.649
2016-10-12,31.594999313354492,1.375,715.51,0.41,15.91,97.97000122070312,9252.5791015625,-0.9650000000000001,26652.649
2016-10-13,31.607999801635742,1.375,715.51,0.41,16.69,97.5199966430664,9219.1494140625,-0.9650000000000001,26652.649
2016-10-14,31.739999771118164,1.375,715.51,0.41,16.12,98.0199966430664,9165.1494140625,-0.9650000000000001,26652.649
2016-10-17,31.70199966430664,1.375,-733.08,0.41,16.21,97.88999938964844,9176.19921875,-0.9650000000000001,26652.649
2016-10-18,31.77199935913086,1.375,-733.08,0.41,15.28,97.9000015258789,9222.5595703125,-0.9650000000000001,26652.649
2016-10-19,31.66200065612793,1.375,-733.08,0.41,14.41,97.87000274658203,9283.9697265625,-0.9650000000000001,26652.649
2016-10-20,31.472000122070312,1.375,-733.08,0.41,13.75,98.31999969482422,9317.2197265625,-0.9650000000000001,26652.649
2016-10-21,31.520999908447266,1.375,-733.08,0.41,13.34,98.69999694824219,9306.5498046875,-0.9650000000000001,26652.649
2016-10-24,31.742000579833984,1.375,-624.43,0.41,13.02,98.66999816894531,9322.4794921875,-0.9650000000000001,26652.649
2016-10-25,31.67300033569336,1.375,-624.43,0.41,13.46,98.72000122070312,9385.6298828125,-0.9650000000000001,26652.649
2016-10-26,31.545000076293945,1.375,-624.43,0.41,14.24,98.62999725341797,9362.2294921875,-0.9650000000000001,26652.649
2016-10-27,31.558000564575195,1.375,-624.43,0.41,15.36,98.88999938964844,9299.529296875,-0.9650000000000001,26652.649
2016-10-28,31.67099952697754,1.375,-831.01,0.41,16.19,98.3499984741211,9306.8994140625,-0.9650000000000001,26652.649
2016-10-31,31.610000610351562,1.375,-831.01,0.31,17.06,98.44999694824219,9290.099609375,-1.065,26652.649
2016-11-01,31.551000595092773,1.375,-831.01,0.41,18.56,97.69999694824219,9272.6796875,-0.9650000000000001,25075.619
2016-11-02,31.555999755859375,1.375,-831.01,0.41,19.32,97.4000015258789,9139.01953125,-0.9650000000000001,25075.619
2016-11-03,31.542999267578125,1.375,-831.01,0.41,22.08,97.16000366210938,9067.2490234375,-0.9650000000000001,25075.619
2016-11-04,31.461000442504883,1.375,-831.01,0.41,22.51,97.06999969482422,9068.1298828125,-0.9650000000000001,25075.619
2016-11-07,31.45199966430664,1.375,-831.01,0.41,18.71,97.77999877929688,9189.8193359375,-0.9650000000000001,25075.619
2016-11-08,31.51099967956543,1.375,-831.01,0.41,18.74,97.86000061035156,9217.4091796875,-0.9650000000000001,25075.619
2016-11-09,31.472999572753906,1.375,-831.01,0.41,14.38,98.5,8943.1796875,-0.9650000000000001,25075.619
2016-11-10,31.44099998474121,1.375,-331.33,0.41,14.74,98.79000091552734,9152.1591796875,-0.9650000000000001,25075.619
2016-11-14,31.99799919128418,1.375,-331.33,0.41,14.48,100.11000061035156,8940.3798828125,-0.9650000000000001,25075.619
2016-11-15,31.93600082397461,1.375,-331.33,0.41,13.37,100.19000244140625,8931.009765625,-0.9650000000000001,25075.619
2016-11-16,31.847999572753906,1.375,-331.33,0.41,13.72,100.41000366210938,8962.19921875,-0.9650000000000001,25075.619
2016-11-17,31.827999114990234,1.375,-331.33,0.41,13.35,100.88999938964844,8995.2392578125,-0.9650000000000001,25075.619
2016-11-18,31.844999313354492,1.375,-331.33,0.41,12.85,101.20999908447266,9008.76953125,-0.9650000000000001,25075.619
2016-11-21,32.01300048828125,1.375,-331.33,0.41,12.42,101.05000305175781,9041.08984375,-0.9650000000000001,25075.619
2016-11-22,31.992000579833984,1.375,-331.33,0.41,12.41,101.04000091552734,9133.369140625,-0.9650000000000001,25075.619
2016-11-23,31.929000854492188,1.375,-331.33,0.41,12.43,101.69999694824219,9178.2099609375,-0.9650000000000001,25075.619
2016-11-25,31.920000076293945,1.375,753.51,0.41,12.34,101.48999786376953,9159.0498046875,-0.9650000000000001,25075.619
2016-11-28,31.827999114990234,1.375,753.51,0.41,13.15,101.33000183105469,9222.2197265625,-0.9650000000000001,25075.619
2016-11-29,31.763999938964844,1.375,-373.76,0.41,12.9,100.93000030517578,9192.365234375,-0.9650000000000001,25075.619
2016-11-30,31.812999725341797,1.375,-373.76,0.31,13.33,101.5,9240.6953125,-1.065,25075.619
2016-12-01,31.871000289916992,1.375,312.55,0.41,14.07,101.04000091552734,9263.515625,-0.9650000000000001,25666.157
2016-12-02,31.881999969482422,1.375,312.55,0.41,14.12,100.7699966430664,9189.4755859375,-0.9650000000000001,25666.157
2016-12-05,31.902000427246094,1.375,312.55,0.41,12.14,100.13999938964844,9160.6455078125,-0.9650000000000001,25666.157
2016-12-06,31.972000122070312,1.375,312.55,0.41,11.79,100.48999786376953,9250.7548828125,-0.9650000000000001,25666.157
2016-12-07,31.937999725341797,1.375,312.55,0.41,12.22,100.2300033569336,9263.8779296875,-0.9650000000000001,25666.157
2016-12-08,31.89299964904785,1.375,312.55,0.41,12.64,101.06999969482422,9375.8486328125,-0.9650000000000001,25666.157
2016-12-09,31.746999740600586,1.375,312.55,0.41,11.75,101.56999969482422,9392.66796875,-0.9650000000000001,25666.157
2016-12-12,31.81599998474121,1.375,216.51,0.41,12.64,100.95999908447266,9349.9287109375,-0.9650000000000001,25666.157
2016-12-13,31.851999282836914,1.375,216.51,0.41,12.72,101.02999877929688,9382.1279296875,-0.9650000000000001,25666.157
2016-12-14,31.77899932861328,1.375,578.96,0.41,13.19,102.0,9368.5078125,-0.9650000000000001,25666.157
2016-12-15,31.79400062561035,1.375,578.96,0.66,12.79,103.12999725341797,9360.337890625,-0.715,25666.157
2016-12-16,31.913999557495117,1.375,578.96,0.66,12.2,102.94999694824219,9326.7685546875,-0.715,25666.157
2016-12-19,32.029998779296875,1.375,578.96,0.66,11.71,103.13999938964844,9239.30859375,-0.715,25666.157
2016-12-20,31.964000701904297,1.375,578.96,0.66,11.45,103.29000091552734,9242.3984375,-0.715,25666.157
2016-12-21,31.98699951171875,1.375,578.96,0.66,11.27,103.0199966430664,9204.248046875,-0.715,25666.157
2016-12-22,32.000999450683594,1.375,578.96,0.66,11.43,103.08999633789062,9118.73828125,-0.715,25666.157
2016-12-23,32.01100158691406,1.375,578.96,0.66,11.44,103.01000213623047,9078.6279296875,-0.715,25666.157
2016-12-27,32.215999603271484,1.375,-972.55,0.66,11.99,103.0199966430664,9109.2626953125,-0.715,25666.157
2016-12-28,32.27199935913086,1.375,-972.55,0.66,12.95,103.26000213623047,9201.3935546875,-0.715,25666.157
2016-12-29,32.29600143432617,1.375,-972.55,0.66,13.37,102.68000030517578,9153.0830078125,-0.715,25666.157
2016-12-30,32.27000045776367,1.375,-972.55,0.55,14.04,102.38999938964844,9253.4931640625,-0.825,25666.157
2017-01-03,32.263999938964844,1.375,-473.05,0.66,12.85,103.20999908447266,9272.873046875,-0.715,23652.348
2017-01-04,32.22700119018555,1.375,360.35,0.66,11.85,102.69999694824219,9286.953125,-0.715,23652.348
2017-01-05,32.229000091552734,1.375,360.35,0.66,11.67,101.5199966430664,9358.1328125,-0.715,23652.348
2017-01-06,31.94300079345703,1.375,360.35,0.66,11.32,102.22000122070312,9372.212890625,-0.715,23652.348
2017-01-09,32.04100036621094,1.375,888.25,0.66,11.56,101.93000030517578,9342.4130859375,-0.715,23652.348
2017-01-10,32.00299835205078,1.375,888.25,0.66,11.49,102.01000213623047,9349.6328125,-0.715,23652.348
2017-01-11,31.929000854492188,1.375,888.25,0.66,11.26,101.77999877929688,9345.7333984375,-0.715,23652.348
2017-01-12,31.913999557495117,1.375,888.25,0.66,11.54,101.3499984741211,9410.1728515625,-0.715,23652.348
2017-01-13,31.70599937438965,1.375,627.92,0.66,11.23,101.18000030517578,9378.8232421875,-0.715,23652.348
2017-01-17,31.680999755859375,1.375,627.92,0.66,11.87,100.33000183105469,9354.5234375,-0.715,23652.348
2017-01-18,31.35099983215332,1.375,627.92,0.66,12.48,100.93000030517578,9341.962890625,-0.715,23652.348
2017-01-19,31.57900047302246,1.375,627.92,0.66,12.78,101.1500015258789,9318.11328125,-0.715,23652.348
2017-01-20,31.613000869750977,1.375,627.92,0.66,11.54,100.73999786376953,9331.453125,-0.715,23652.348
2017-01-23,31.523000717163086,1.375,627.92,0.66,11.77,100.16000366210938,9424.04296875,-0.715,23652.348
2017-01-24,31.41200065612793,1.375,627.92,0.66,11.07,100.3499984741211,9447.943359375,-0.715,23652.348
2017-02-02,31.2810001373291,1.375,326.2,0.66,11.93,99.8499984741211,9428.962890625,-0.715,22541.448
2017-02-03,31.079999923706055,1.375,326.2,0.66,10.97,99.87000274658203,9455.552734375,-0.715,22541.448
2017-02-06,30.851999282836914,1.375,326.2,0.66,11.37,99.91000366210938,9538.0029296875,-0.715,22541.448
2017-02-07,30.922000885009766,1.375,326.2,0.66,11.29,100.26000213623047,9554.552734375,-0.715,22541.448
2017-02-08,31.030000686645508,1.375,326.2,0.66,11.45,100.27999877929688,9543.2431640625,-0.715,22541.448
2017-02-09,31.111000061035156,1.375,326.2,0.66,10.88,100.6500015258789,9590.1728515625,-0.715,22541.448
2017-02-10,31.040000915527344,1.375,326.2,0.66,10.85,100.80000305175781,9665.5830078125,-0.715,22541.448
2017-02-13,30.95199966430664,1.375,326.2,0.66,11.07,100.95999908447266,9710.3134765625,-0.715,22541.448
2017-02-14,31.010000228881836,1.375,326.2,0.66,10.74,101.25,9718.7734375,-0.715,22541.448
2017-02-15,30.7549991607666,1.375,326.2,0.66,11.97,101.18000030517578,9799.7529296875,-0.715,22541.448
2017-02-16,30.74799919128418,1.375,326.2,0.66,11.76,100.44000244140625,9771.2431640625,-0.715,22541.448
2017-02-17,30.780000686645508,1.375,326.2,0.66,11.49,100.94999694824219,9759.7529296875,-0.715,22541.448
2017-02-21,30.783000946044922,1.375,326.2,0.66,11.57,101.37000274658203,9763.9228515625,-0.715,22541.448
2017-02-22,30.788000106811523,1.375,326.2,0.66,11.74,101.33000183105469,9778.7734375,-0.715,22541.448
2017-02-23,30.76799964904785,1.375,326.2,0.66,11.71,101.05000305175781,9769.302734375,-0.715,22541.448
2017-02-24,30.719999313354492,1.375,326.2,0.66,11.47,101.08999633789062,9750.462890625,-0.715,22541.448
2017-03-01,30.639999389648438,1.375,326.2,0.66,12.54,101.77999877929688,9674.7734375,-0.715,25531.474
2017-03-02,30.756999969482422,1.375,326.2,0.66,11.81,102.19999694824219,9691.79296875,-0.715,25531.474
2017-03-03,30.78499984741211,1.375,326.2,0.66,10.96,101.54000091552734,9648.203125,-0.715,25531.474
2017-03-06,30.9060001373291,1.375,326.2,0.66,11.24,101.63999938964844,9682.623046875,-0.715,25531.474
2017-03-07,30.968000411987305,1.375,326.2,0.66,11.45,101.80999755859375,9738.0634765625,-0.715,25531.474
2017-03-08,30.840999603271484,1.375,326.2,0.66,11.86,102.06999969482422,9753.443359375,-0.715,25531.474
2017-03-09,30.8700008392334,1.375,326.2,0.66,12.3,101.8499984741211,9658.603515625,-0.715,25531.474
2017-03-10,31.016000747680664,1.375,326.2,0.66,11.66,101.25,9627.8828125,-0.715,25531.474
2017-03-13,31.027999877929688,1.375,326.2,0.66,11.35,101.37999725341797,9697.3330078125,-0.715,25531.474
2017-03-14,30.923999786376953,1.375,326.2,0.66,12.3,101.69999694824219,9744.203125,-0.715,25531.474
2017-03-15,30.947999954223633,1.375,-281.84,0.66,11.63,100.73999786376953,9740.302734375,-0.715,25531.474
2017-03-16,30.5049991607666,1.375,-281.84,0.91,11.21,100.2699966430664,9837.8232421875,-0.46499999999999997,25531.474
2017-03-17,30.65399932861328,1.375,-281.84,0.91,11.28,100.30000305175781,9908.68359375,-0.46499999999999997,25531.474
2017-03-20,30.51799964904785,1.375,-281.84,0.91,11.34,100.41000366210938,9912.962890625,-0.46499999999999997,25531.474
2017-03-21,30.506999969482422,1.375,-281.84,0.91,12.47,99.80999755859375,9972.4833984375,-0.46499999999999997,25531.474
2017-03-22,30.43600082397461,1.375,510.08,0.91,12.81,99.68000030517578,9922.6533203125,-0.46499999999999997,25531.474
2017-03-23,30.490999221801758,1.375,510.08,0.91,13.12,99.76000213623047,9930.7333984375,-0.46499999999999997,25531.474
2017-03-24,30.461000442504883,1.375,510.08,0.91,12.96,99.62999725341797,9902.9736328125,-0.46499999999999997,25531.474
2017-03-27,30.325000762939453,1.375,510.08,0.91,12.5,99.16999816894531,9876.7626953125,-0.46499999999999997,25531.474
2017-03-28,30.229999542236328,1.375,510.08,0.91,11.53,99.70999908447266,9876.443359375,-0.46499999999999997,25531.474
2017-03-29,30.163000106811523,1.375,510.08,0.91,11.42,100.0,9856.2431640625,-0.46499999999999997,25531.474
2017-03-30,30.26300048828125,1.375,510.08,0.91,11.54,100.41000366210938,9848.1435546875,-0.46499999999999997,25531.474
2017-03-31,30.29800033569336,1.375,510.08,0.82,12.37,100.3499984741211,9811.5126953125,-0.555,25531.474
2017-04-05,30.46299934387207,1.375,510.08,0.91,12.89,100.55999755859375,9949.4736328125,-0.46499999999999997,24125.456
2017-04-06,30.375,1.375,-503.39,0.91,12.39,100.66999816894531,9897.79296875,-0.46499999999999997,24125.456
2017-04-07,30.551000595092773,1.375,-503.39,0.91,12.87,101.18000030517578,9873.36328125,-0.46499999999999997,24125.456
2017-04-10,30.59600067138672,1.375,-503.39,0.91,14.05,101.0199966430664,9882.533203125,-0.46499999999999997,24125.456
2017-04-11,30.628999710083008,1.375,-329.13,0.91,15.07,100.70999908447266,9832.4130859375,-0.46499999999999997,24125.456
2017-04-12,30.62700080871582,1.375,-329.13,0.91,15.77,100.77999877929688,9817.6728515625,-0.46499999999999997,24125.456
2017-04-13,30.371000289916992,1.375,-329.13,0.91,15.96,100.55999755859375,9836.6728515625,-0.46499999999999997,24125.456
2017-04-17,30.384000778198242,1.375,-2.4,0.91,14.66,100.30000305175781,9716.3935546875,-0.46499999999999997,24125.456
2017-04-18,30.329999923706055,1.375,-40.46,0.91,14.42,99.5,9746.552734375,-0.46499999999999997,24125.456
2017-04-19,30.382999420166016,1.375,-40.46,0.91,14.93,99.73999786376953,9639.93359375,-0.46499999999999997,24125.456
2017-04-20,30.399999618530273,1.375,-605.92,0.91,14.15,99.77999877929688,9632.68359375,-0.46499999999999997,24125.456
2017-04-21,30.389999389648438,1.375,-605.92,0.91,14.63,99.9800033569336,9717.4033203125,-0.46499999999999997,24125.456
2017-04-24,30.341999053955078,1.375,-605.92,0.91,10.84,99.08999633789062,9717.943359375,-0.46499999999999997,24125.456
2017-04-25,30.253000259399414,1.375,-605.92,0.91,10.76,98.81999969482422,9841.703125,-0.46499999999999997,24125.456
2017-04-26,30.128000259399414,1.375,-605.92,0.91,10.85,98.95999908447266,9856.443359375,-0.46499999999999997,24125.456
2017-04-27,30.111000061035156,1.375,-605.92,0.91,10.36,99.08000183105469,9860.61328125,-0.46499999999999997,24125.456
2017-04-28,30.145999908447266,1.375,-605.92,0.83,10.82,99.05000305175781,9871.9931640625,-0.545,24125.456
2017-05-02,30.19499969482422,1.375,-605.92,0.91,10.59,98.9800033569336,9941.2626953125,-0.46499999999999997,25322.281
2017-05-03,30.038000106811523,1.375,-605.92,0.91,10.68,99.20999908447266,9955.3232421875,-0.46499999999999997,25322.281
2017-05-04,30.042999267578125,1.375,-605.92,0.91,10.46,98.76000213623047,9967.6396484375,-0.46499999999999997,25322.281
2017-05-05,30.118999481201172,1.375,-796.46,0.91,10.57,98.6500015258789,9899.9404296875,-0.46499999999999997,25322.281
2017-05-08,30.160999298095703,1.375,-796.46,0.91,9.77,99.1500015258789,9937.25,-0.46499999999999997,25322.281
2017-05-09,30.145999908447266,1.375,-796.46,0.91,9.96,99.58999633789062,9915.48046875,-0.46499999999999997,25322.281
2017-05-10,30.23200035095215,1.375,-796.46,0.91,10.21,99.66999816894531,9968.3203125,-0.46499999999999997,25322.281
2017-05-11,30.243999481201172,1.375,-796.46,0.91,10.6,99.62000274658203,10001.48046875,-0.46499999999999997,25322.281
2017-05-12,30.190000534057617,1.375,-796.46,0.91,10.4,99.25,9986.8203125,-0.46499999999999997,25322.281
2017-05-15,30.139999389648438,1.375,449.52,0.91,10.42,98.91000366210938,10036.8203125,-0.46499999999999997,25322.281
2017-05-16,30.040000915527344,1.375,699.56,0.91,10.65,98.11000061035156,10031.490234375,-0.46499999999999997,25322.281
2017-05-17,30.097999572753906,1.375,699.56,0.91,15.59,97.41999816894531,10013.669921875,-0.46499999999999997,25322.281
2017-05-18,30.115999221801758,1.375,699.56,0.91,14.66,97.87999725341797,9969.4501953125,-0.46499999999999997,25322.281
2017-05-19,30.197999954223633,1.375,699.56,0.91,12.04,97.1500015258789,9947.6201171875,-0.46499999999999997,25322.281
2017-05-22,29.9950008392334,1.375,699.56,0.91,10.93,96.9800033569336,9997.259765625,-0.46499999999999997,25322.281
2017-05-23,30.034000396728516,1.375,699.56,0.91,10.72,97.3499984741211,10007.83984375,-0.46499999999999997,25322.281
2017-05-24,30.134000778198242,1.375,699.56,0.91,10.02,97.23999786376953,10044.419921875,-0.46499999999999997,25322.281
2017-05-25,30.156999588012695,1.375,699.56,0.91,9.99,97.25,10108.490234375,-0.46499999999999997,25322.281
2017-05-26,30.06100082397461,1.375,699.56,0.91,9.81,97.4000015258789,10101.9501953125,-0.46499999999999997,25322.281
2017-05-31,30.097999572753906,1.375,699.56,0.83,10.41,96.91999816894531,10040.7197265625,-0.545,25322.281
2017-06-01,30.08099937438965,1.375,699.56,0.91,9.89,97.19999694824219,10087.419921875,-0.46499999999999997,25679.975
2017-06-02,30.091999053955078,1.375,699.56,0.91,9.75,96.72000122070312,10152.5302734375,-0.46499999999999997,25679.975
2017-06-05,30.093000411987305,1.375,699.56,0.91,10.07,96.80000305175781,10226.83984375,-0.46499999999999997,25679.975
2017-06-06,30.06800079345703,1.375,699.56,0.91,10.45,96.63999938964844,10206.1796875,-0.46499999999999997,25679.975
2017-06-07,30.073999404907227,1.375,699.56,0.91,10.39,96.75,10209.990234375,-0.46499999999999997,25679.975
2017-06-08,30.165000915527344,1.375,699.56,0.91,10.16,96.91999816894531,10225.7802734375,-0.46499999999999997,25679.975
2017-06-09,30.086000442504883,1.375,699.56,0.91,10.7,97.2699966430664,10199.650390625,-0.46499999999999997,25679.975
2017-06-12,30.17300033569336,1.375,699.56,0.91,11.46,97.13999938964844,10109.9599609375,-0.46499999999999997,25679.975
2017-06-13,30.155000686645508,1.375,699.56,0.91,10.42,96.9800033569336,10128.150390625,-0.46499999999999997,25679.975
2017-06-14,30.204999923706055,1.375,699.56,0.91,10.64,96.94000244140625,10072.4599609375,-0.46499999999999997,25679.975
2017-06-15,30.197999954223633,1.375,699.56,1.16,10.9,97.43000030517578,10088.349609375,-0.21500000000000008,25679.975
2017-06-16,30.229000091552734,1.375,699.56,1.16,10.38,97.16000366210938,10156.73046875,-0.21500000000000008,25679.975
2017-06-19,30.32200050354004,1.375,699.56,1.16,10.37,97.52999877929688,10250.599609375,-0.21500000000000008,25679.975
2017-06-20,30.356000900268555,1.375,699.56,1.16,10.86,97.75,10324.4599609375,-0.21500000000000008,25679.975
2017-06-21,30.469999313354492,1.375,699.56,1.16,10.75,97.55999755859375,10349.7197265625,-0.21500000000000008,25679.975
2017-06-22,30.441999435424805,1.375,699.56,1.16,10.48,97.54000091552734,10399.0595703125,-0.21500000000000008,25679.975
2017-06-23,30.427000045776367,1.375,699.56,1.16,10.02,97.30000305175781,10377.7001953125,-0.21500000000000008,25679.975
2017-06-26,30.243999481201172,1.375,699.56,1.16,9.9,97.43000030517578,10513.9599609375,-0.21500000000000008,25679.975
2017-06-27,30.312999725341797,1.375,251.82,1.16,11.06,96.47000122070312,10512.0595703125,-0.21500000000000008,25679.975
2017-06-28,30.3799991607666,1.375,251.82,1.16,10.03,96.05000305175781,10390.5498046875,-0.21500000000000008,25679.975
2017-06-29,30.416000366210938,1.375,251.82,1.16,11.44,95.62999725341797,10421.650390625,-0.21500000000000008,25679.975
2017-06-30,30.35300064086914,1.375,407.9,1.06,11.18,95.66000366210938,10395.0703125,-0.31499999999999995,25679.975
2017-07-03,30.41699981689453,1.375,-57.1,1.16,11.22,96.19999694824219,10412.7900390625,-0.21500000000000008,26939.171
2017-07-05,30.51099967956543,1.375,-57.1,1.16,11.07,96.29000091552734,10404.7900390625,-0.21500000000000008,26939.171
2017-07-06,30.485000610351562,1.375,-274.76,1.16,12.54,95.81999969482422,10368.2001953125,-0.21500000000000008,26939.171
2017-07-07,30.577999114990234,1.375,-274.76,1.16,11.19,96.01000213623047,10297.25,-0.21500000000000008,26939.171
2017-07-10,30.58799934387207,1.375,-274.76,1.16,11.11,96.05000305175781,10289.91015625,-0.21500000000000008,26939.171
2017-07-12,30.56999969482422,1.375,-274.76,1.16,10.3,95.79000091552734,10420.6796875,-0.21500000000000008,26939.171
2017-07-13,30.46500015258789,1.375,-274.76,1.16,9.9,95.7300033569336,10460.150390625,-0.21500000000000008,26939.171
2017-07-14,30.361000061035156,1.375,-274.76,1.16,9.51,95.11000061035156,10443.91015625,-0.21500000000000008,26939.171
2017-07-17,30.3439998626709,1.375,-201.2,1.16,9.82,95.12999725341797,10457.5400390625,-0.21500000000000008,26939.171
2017-07-18,30.39699935913086,1.375,-201.2,1.16,9.89,94.66000366210938,10481.259765625,-0.21500000000000008,26939.171
2017-07-19,30.35099983215332,1.375,-201.2,1.16,9.79,94.80000305175781,10506.099609375,-0.21500000000000008,26939.171
2017-07-20,30.37700080871582,1.375,-981.16,1.16,9.58,94.2699966430664,10499.3603515625,-0.21500000000000008,26939.171
2017-07-21,30.42300033569336,1.375,-981.16,1.16,9.36,93.94000244140625,10436.7001953125,-0.21500000000000008,26939.171
2017-07-24,30.430999755859375,1.375,-981.16,1.16,9.43,93.9800033569336,10461.2802734375,-0.21500000000000008,26939.171
2017-07-25,30.339000701904297,1.375,483.69,1.16,9.43,94.05000305175781,10463.150390625,-0.21500000000000008,26939.171
2017-07-26,30.343000411987305,1.375,483.69,1.16,9.6,93.66999816894531,10419.1103515625,-0.21500000000000008,26939.171
2017-07-27,30.246999740600586,1.375,483.69,1.16,10.11,93.86000061035156,10508.3701171875,-0.21500000000000008,26939.171
2017-07-28,30.23200035095215,1.375,483.69,1.16,10.29,93.26000213623047,10423.0498046875,-0.21500000000000008,26939.171
2017-07-31,30.242000579833984,1.375,483.69,1.07,10.26,92.86000061035156,10427.330078125,-0.30499999999999994,26939.171
2017-08-01,30.200000762939453,1.375,-379.81,1.16,10.09,93.02999877929688,10437.2900390625,-0.21500000000000008,27616.651
2017-08-02,30.236000061035156,1.375,-379.81,1.16,10.28,92.83000183105469,10519.26953125,-0.21500000000000008,27616.651
2017-08-03,30.23200035095215,1.375,-379.81,1.16,10.44,92.80999755859375,10469.8798828125,-0.21500000000000008,27616.651
2017-08-04,30.20400047302246,1.375,-750.98,1.16,10.03,93.54000091552734,10506.5595703125,-0.21500000000000008,27616.651
2017-08-07,30.202999114990234,1.375,85.77,1.16,9.93,93.43000030517578,10579.3798828125,-0.21500000000000008,27616.651
2017-08-08,30.214000701904297,1.375,-484.85,1.16,10.96,93.63999938964844,10568.9697265625,-0.21500000000000008,27616.651
2017-08-09,30.180999755859375,1.375,-484.85,1.16,11.11,93.5199966430664,10470.3798828125,-0.21500000000000008,27616.651
2017-08-10,30.20199966430664,1.375,11.95,1.16,16.04,93.4000015258789,10329.740234375,-0.21500000000000008,27616.651
2017-08-11,30.290000915527344,1.375,11.95,1.16,15.51,93.06999969482422,10329.5703125,-0.21500000000000008,27616.651
2017-08-14,30.332000732421875,1.375,11.95,1.16,12.33,93.45999908447266,10225.2802734375,-0.21500000000000008,27616.651
2017-08-15,30.281999588012695,1.375,11.95,1.16,12.04,93.8499984741211,10311.16015625,-0.21500000000000008,27616.651
2017-08-16,30.284000396728516,1.375,11.95,1.16,11.74,93.48999786376953,10290.3896484375,-0.21500000000000008,27616.651
2017-08-17,30.343000411987305,1.375,11.95,1.16,15.55,93.62000274658203,10369.3701171875,-0.21500000000000008,27616.651
2017-08-18,30.29400062561035,1.375,11.95,1.16,14.26,93.43000030517578,10321.330078125,-0.21500000000000008,27616.651
2017-08-21,30.30900001525879,1.375,11.95,1.16,13.19,93.0999984741211,10326.3896484375,-0.21500000000000008,27616.651
2017-08-22,30.308000564575195,1.375,11.95,1.16,11.35,93.55000305175781,10392.0703125,-0.21500000000000008,27616.651
2017-08-23,30.280000686645508,1.375,288.97,1.16,12.25,93.1500015258789,10406.8095703125,-0.21500000000000008,27616.651
2017-08-24,30.270999908447266,1.375,288.97,1.16,12.23,93.27999877929688,10488.9599609375,-0.21500000000000008,27616.651
2017-08-25,30.243999481201172,1.375,288.97,1.16,11.28,92.73999786376953,10515.509765625,-0.21500000000000008,27616.651
2017-08-28,30.106000900268555,1.375,288.97,1.16,11.32,92.20999908447266,10525.98046875,-0.21500000000000008,27616.651
2017-08-29,30.141000747680664,1.375,288.97,1.16,11.7,92.3499984741211,10496.5703125,-0.21500000000000008,27616.651
2017-08-30,30.180999755859375,1.375,288.97,1.16,11.22,92.87999725341797,10569.400390625,-0.21500000000000008,27616.651
2017-08-31,30.13599967956543,1.375,288.97,1.07,10.59,92.66999816894531,10585.7802734375,-0.30499999999999994,27616.651
2017-09-01,30.180999755859375,1.375,288.97,1.16,10.13,92.80999755859375,10594.8203125,-0.21500000000000008,28714.836
2017-09-05,30.073999404907227,1.375,-731.98,1.16,12.23,92.30999755859375,10617.83984375,-0.21500000000000008,28714.836
2017-09-06,30.048999786376953,1.375,-731.98,1.16,11.63,92.29000091552734,10547.8603515625,-0.21500000000000008,28714.836
2017-09-07,30.076000213623047,1.375,-731.98,1.16,11.55,91.52999877929688,10538.509765625,-0.21500000000000008,28714.836
2017-09-08,30.03700065612793,1.375,-731.98,1.16,12.12,91.33000183105469,10609.9501953125,-0.21500000000000008,28714.836
2017-09-11,29.988000869750977,1.375,-731.98,1.16,10.73,91.86000061035156,10572.16015625,-0.21500000000000008,28714.836
2017-09-12,30.0049991607666,1.375,-731.98,1.16,10.58,91.91000366210938,10610.349609375,-0.21500000000000008,28714.836
2017-09-13,30.009000778198242,1.375,-731.98,1.16,10.5,92.5199966430664,10532.8798828125,-0.21500000000000008,28714.836
2017-09-14,30.03700065612793,1.375,-731.98,1.16,10.44,92.12000274658203,10553.5703125,-0.21500000000000008,28714.836
2017-09-15,30.086999893188477,1.375,-731.98,1.16,10.17,91.87000274658203,10580.41015625,-0.21500000000000008,28714.836
2017-09-18,30.054000854492188,1.375,-731.98,1.16,10.15,92.05000305175781,10631.5703125,-0.21500000000000008,28714.836
2017-09-19,30.091999053955078,1.375,-731.98,1.16,10.18,91.79000091552734,10576.1396484375,-0.21500000000000008,28714.836
2017-09-20,30.11400032043457,1.375,-731.98,1.16,9.78,92.51000213623047,10519.169921875,-0.21500000000000008,28714.836
2017-09-21,30.121000289916992,1.375,-731.98,1.16,9.67,92.26000213623047,10578.4404296875,-0.21500000000000008,28714.836
2017-09-22,30.18899917602539,1.375,-731.98,1.16,9.59,92.16999816894531,10449.6796875,-0.21500000000000008,28714.836
2017-09-25,30.163000106811523,1.375,-731.98,1.16,10.21,92.6500015258789,10335.8896484375,-0.21500000000000008,28714.836
2017-09-26,30.20400047302246,1.375,-731.98,1.16,10.17,92.97000122070312,10257.01953125,-0.21500000000000008,28714.836
2017-09-27,30.19700050354004,1.375,-731.98,1.16,9.87,93.36000061035156,10326.6796875,-0.21500000000000008,28714.836
2017-09-28,30.284000396728516,1.375,-731.98,1.16,9.55,93.08999633789062,10296.4501953125,-0.21500000000000008,28714.836
2017-09-29,30.365999221801758,1.375,-731.98,1.06,9.51,93.08000183105469,10329.9404296875,-0.31499999999999995,28714.836
2017-10-02,30.312999725341797,1.375,-731.98,1.16,9.45,93.55999755859375,10465.16015625,-0.21500000000000008,27396.197
2017-10-03,30.441999435424805,1.375,-731.98,1.16,9.51,93.56999969482422,10469.349609375,-0.21500000000000008,27396.197
2017-10-05,30.426000595092773,1.375,-731.98,1.16,9.19,93.95999908447266,10518.26953125,-0.21500000000000008,27396.197
2017-10-06,30.332000732421875,1.375,-731.98,1.16,9.65,93.80000305175781,10532.8095703125,-0.21500000000000008,27396.197
2017-10-11,30.35700035095215,1.375,-731.98,1.16,9.85,92.95999908447266,10641.1904296875,-0.21500000000000008,27396.197
2017-10-12,30.211999893188477,1.375,-731.98,1.16,9.91,93.12000274658203,10711.4404296875,-0.21500000000000008,27396.197
2017-10-13,30.191999435424805,1.375,-731.98,1.16,9.61,93.08999633789062,10724.08984375,-0.21500000000000008,27396.197
2017-10-16,30.143999099731445,1.375,-731.98,1.16,9.91,93.27999877929688,10774.2099609375,-0.21500000000000008,27396.197
2017-10-17,30.142000198364258,1.375,256.16,1.16,10.31,93.48999786376953,10723.150390625,-0.21500000000000008,27396.197
2017-10-18,30.180999755859375,1.375,256.16,1.16,10.07,93.36000061035156,10720.2802734375,-0.21500000000000008,27396.197
2017-10-19,30.197999954223633,1.375,256.16,1.16,10.05,93.2699966430664,10760.2900390625,-0.21500000000000008,27396.197
2017-10-20,30.209999084472656,1.375,256.16,1.16,9.97,93.69999694824219,10728.8798828125,-0.21500000000000008,27396.197
2017-10-23,30.222000122070312,1.375,888.06,1.16,11.07,93.94000244140625,10735.2099609375,-0.21500000000000008,27396.197
2017-10-24,30.246000289916992,1.375,442.48,1.16,11.16,93.95999908447266,10743.7802734375,-0.21500000000000008,27396.197
2017-10-25,30.257999420166016,1.375,-159.74,1.16,11.23,93.70999908447266,10750.5703125,-0.21500000000000008,27396.197
2017-10-26,30.24799919128418,1.375,421.5,1.16,11.3,94.61000061035156,10734.759765625,-0.21500000000000008,27396.197
2017-10-27,30.211999893188477,1.375,421.5,1.16,9.8,94.91999816894531,10709.1103515625,-0.21500000000000008,27396.197
2017-10-30,30.136999130249023,1.375,421.5,1.16,10.5,94.48999786376953,10756.8701171875,-0.21500000000000008,27396.197
2017-10-31,30.183000564575195,1.375,421.5,1.07,10.18,94.55000305175781,10793.7998046875,-0.30499999999999994,27396.197
2017-11-01,30.16699981689453,1.375,421.5,1.16,10.2,94.81999969482422,10806.3603515625,-0.21500000000000008,28589.474
2017-11-02,30.128000259399414,1.375,-982.97,1.16,9.93,94.69000244140625,10788.509765625,-0.21500000000000008,28589.474
2017-11-03,30.179000854492188,1.375,-710.15,1.16,9.14,94.94000244140625,10800.76953125,-0.21500000000000008,28589.474
2017-11-06,30.155000686645508,1.375,-710.15,1.16,9.4,94.72000122070312,10786.1904296875,-0.21500000000000008,28589.474
2017-11-07,30.197999954223633,1.375,135.22,1.16,9.89,94.91000366210938,10840.33984375,-0.21500000000000008,28589.474
2017-11-08,30.172000885009766,1.375,135.22,1.16,9.78,94.87000274658203,10818.990234375,-0.21500000000000008,28589.474
2017-11-09,30.16900062561035,1.375,135.22,1.16,10.5,94.44000244140625,10743.26953125,-0.21500000000000008,28589.474
2017-11-10,30.179000854492188,1.375,135.22,1.16,11.29,94.38999938964844,10732.669921875,-0.21500000000000008,28589.474
2017-11-13,30.107999801635742,1.375,135.22,1.16,11.5,94.48999786376953,10683.919921875,-0.21500000000000008,28589.474
2017-11-14,30.149999618530273,1.375,135.22,1.16,11.59,93.83000183105469,10687.1796875,-0.21500000000000008,28589.474
2017-11-15,30.174999237060547,1.375,135.22,1.16,13.13,93.80999755859375,10630.650390625,-0.21500000000000008,28589.474
2017-11-17,30.128000259399414,1.375,135.22,1.16,11.43,93.66000366210938,10701.6396484375,-0.21500000000000008,28589.474
2017-11-20,30.070999145507812,1.375,135.22,1.16,10.65,94.08000183105469,10664.5498046875,-0.21500000000000008,28589.474
2017-11-21,30.077999114990234,1.375,135.22,1.16,9.73,93.94999694824219,10779.240234375,-0.21500000000000008,28589.474
2017-11-22,29.99799919128418,1.375,135.22,1.16,9.88,93.22000122070312,10822.58984375,-0.21500000000000008,28589.474
2017-11-24,30.003999710083008,1.375,135.22,1.16,9.67,92.76000213623047,10854.08984375,-0.21500000000000008,28589.474
2017-11-27,29.976999282836914,1.375,135.22,1.16,9.87,92.9000015258789,10750.9296875,-0.21500000000000008,28589.474
2017-11-28,29.986000061035156,1.375,135.22,1.16,10.03,93.26000213623047,10707.0703125,-0.21500000000000008,28589.474
2017-11-29,29.979999542236328,1.375,135.22,1.16,10.7,93.26000213623047,10713.5498046875,-0.21500000000000008,28589.474
2017-11-30,29.97100067138672,1.375,135.22,1.07,11.28,93.01000213623047,10560.4404296875,-0.30499999999999994,28589.474
2017-12-01,29.982999801635742,1.375,135.22,1.16,11.43,92.9000015258789,10600.3701171875,-0.21500000000000008,29377.347
2017-12-04,29.992000579833984,1.375,135.22,1.16,11.68,93.19000244140625,10651.1103515625,-0.21500000000000008,29377.347
2017-12-05,30.031999588012695,1.375,135.22,1.16,11.33,93.37999725341797,10566.849609375,-0.21500000000000008,29377.347
2017-12-06,29.972999572753906,1.375,135.22,1.16,11.02,93.61000061035156,10393.919921875,-0.21500000000000008,29377.347
2017-12-07,29.992000579833984,1.375,135.22,1.16,10.16,93.80000305175781,10355.759765625,-0.21500000000000008,29377.347
2017-12-08,30.009000778198242,1.375,135.22,1.16,9.58,93.9000015258789,10398.6201171875,-0.21500000000000008,29377.347
2017-12-11,30.003000259399414,1.375,135.22,1.16,9.34,93.87000274658203,10473.08984375,-0.21500000000000008,29377.347
2017-12-12,30.006999969482422,1.375,135.22,1.17,9.92,94.0999984741211,10443.2802734375,-0.20500000000000007,29377.347
2017-12-13,30.000999450683594,1.375,-800.48,1.17,10.18,93.43000030517578,10470.7001953125,-0.20500000000000007,29377.347
2017-12-14,30.023000717163086,1.375,-800.48,1.41,10.49,93.48999786376953,10538.009765625,0.03499999999999992,29377.347
2017-12-15,30.003999710083008,1.375,-800.48,1.41,9.42,93.93000030517578,10491.4404296875,0.03499999999999992,29377.347
2017-12-18,29.961000442504883,1.375,5.16,1.42,9.53,93.69999694824219,10506.51953125,0.04499999999999993,29377.347
2017-12-19,29.992000579833984,1.375,5.16,1.42,10.03,93.47000122070312,10467.33984375,0.04499999999999993,29377.347
2017-12-20,29.985000610351562,1.375,-511.68,1.42,9.72,93.3499984741211,10504.51953125,0.04499999999999993,29377.347
2017-12-21,29.97800064086914,1.375,-511.68,1.42,9.62,93.27999877929688,10488.9697265625,0.04499999999999993,29377.347
2017-12-22,29.965999603271484,1.375,-511.68,1.42,9.9,93.3499984741211,10537.26953125,0.04499999999999993,29377.347
2017-12-26,29.900999069213867,1.375,689.64,1.42,10.25,93.26000213623047,10421.91015625,0.04499999999999993,29377.347
2017-12-27,29.934999465942383,1.375,689.64,1.42,10.47,93.02999877929688,10486.669921875,0.04499999999999993,29377.347
2017-12-28,29.934999465942383,1.375,689.64,1.42,10.18,92.5999984741211,10567.6396484375,0.04499999999999993,29377.347
2017-12-29,29.80900001525879,1.375,689.64,1.33,11.04,92.12000274658203,10642.8603515625,-0.04499999999999993,29377.347
2018-01-02,29.773000717163086,1.375,689.64,1.42,9.77,91.8499984741211,10710.73046875,0.04499999999999993,27261.431
2018-01-03,29.621999740600586,1.375,689.64,1.42,9.15,92.16000366210938,10801.5703125,0.04499999999999993,27261.431
2018-01-04,29.593000411987305,1.375,689.64,1.42,9.22,91.8499984741211,10848.6298828125,0.04499999999999993,27261.431
2018-01-05,29.56999969482422,1.375,689.64,1.42,9.22,91.94999694824219,10879.7998046875,0.04499999999999993,27261.431
2018-01-08,29.466999053955078,1.375,689.64,1.42,9.52,92.33000183105469,10915.75,0.04499999999999993,27261.431
2018-01-09,29.503000259399414,1.375,-536.95,1.42,10.08,92.52999877929688,10914.8896484375,0.04499999999999993,27261.431
2018-01-10,29.51799964904785,1.375,-536.95,1.42,9.82,92.33000183105469,10831.08984375,0.04499999999999993,27261.431
2018-01-11,29.59600067138672,1.375,-536.95,1.42,9.88,91.8499984741211,10810.0595703125,0.04499999999999993,27261.431
2018-01-12,29.58799934387207,1.375,-95.79,1.42,10.16,90.97000122070312,10883.9599609375,0.04499999999999993,27261.431
2018-01-16,29.523000717163086,1.375,-95.79,1.42,11.66,90.38999938964844,10986.1103515625,0.04499999999999993,27261.431
2018-01-17,29.549999237060547,1.375,-95.79,1.42,11.91,90.54000091552734,11004.7998046875,0.04499999999999993,27261.431
2018-01-18,29.555999755859375,1.375,-95.79,1.42,12.22,90.5,11071.5703125,0.04499999999999993,27261.431
2018-01-19,29.542999267578125,1.375,-95.79,1.42,11.27,90.56999969482422,11150.849609375,0.04499999999999993,27261.431
2018-01-22,29.36400032043457,1.375,-95.79,1.42,11.03,90.4000015258789,11231.4599609375,0.04499999999999993,27261.431
2018-01-23,29.261999130249023,1.375,-95.79,1.42,11.1,90.12000274658203,11253.1103515625,0.04499999999999993,27261.431
2018-01-24,29.26799964904785,1.375,-95.79,1.42,11.47,89.20999908447266,11152.16015625,0.04499999999999993,27261.431
2018-01-25,29.08799934387207,1.375,-95.79,1.42,11.58,89.38999938964844,11165.9501953125,0.04499999999999993,27261.431
2018-01-26,29.06399917602539,1.375,-95.79,1.42,11.08,89.06999969482422,11147.099609375,0.04499999999999993,27261.431
2018-01-29,29.097999572753906,1.375,-95.79,1.42,13.84,89.30999755859375,11221.8095703125,0.04499999999999993,27261.431
2018-01-30,29.131000518798828,1.375,-95.79,1.42,14.79,89.19000244140625,11076.7802734375,0.04499999999999993,27261.431
2018-01-31,29.219999313354492,1.375,-95.79,1.34,13.54,89.12999725341797,11103.7900390625,-0.03499999999999992,27261.431
2018-02-01,29.142000198364258,1.375,-95.79,1.42,13.47,88.66999816894531,11160.25,0.04499999999999993,22169.528
2018-02-02,29.187000274658203,1.375,-799.84,1.42,17.31,89.19999694824219,11126.23046875,0.04499999999999993,22169.528
2018-02-05,29.34600067138672,1.375,-799.84,1.42,37.32,89.55000305175781,10946.25,0.04499999999999993,22169.528
2018-02-06,29.301000595092773,1.375,-799.84,1.42,29.98,89.58999633789062,10404.0,0.04499999999999993,22169.528
2018-02-07,29.375,1.375,-799.84,1.42,27.73,90.26000213623047,10551.5400390625,0.04499999999999993,22169.528
2018-02-08,29.263999938964844,1.375,-799.84,1.42,33.46,90.2300033569336,10528.51953125,0.04499999999999993,22169.528
2018-02-09,29.368999481201172,1.375,-799.84,1.42,29.06,90.44000244140625,10371.75,0.04499999999999993,22169.528
2018-02-12,29.305999755859375,1.375,-799.84,1.42,25.61,90.20999908447266,10421.08984375,0.04499999999999993,22169.528
2018-02-21,29.319000244140625,1.375,-799.84,1.42,20.02,90.08000183105469,10714.4404296875,0.04499999999999993,22169.528
2018-02-22,29.218000411987305,1.375,-799.84,1.42,18.72,89.75,10662.3798828125,0.04499999999999993,22169.528
2018-02-23,29.2810001373291,1.375,-799.84,1.42,16.49,89.87999725341797,10794.5498046875,0.04499999999999993,22169.528
2018-02-26,28.479000091552734,1.375,567.95,1.42,15.8,89.81999969482422,10836.7001953125,0.04499999999999993,22169.528
2018-02-27,29.20199966430664,1.375,567.95,1.42,18.59,90.36000061035156,10815.4697265625,0.04499999999999993,22169.528
2018-03-01,29.33300018310547,1.375,567.95,1.42,22.47,90.31999969482422,10785.7900390625,0.04499999999999993,29792.853
2018-03-02,29.288999557495117,1.375,567.95,1.42,19.59,89.94000244140625,10698.169921875,0.04499999999999993,29792.853
2018-03-05,29.26799964904785,1.375,567.95,1.42,18.73,90.08000183105469,10642.900390625,0.04499999999999993,29792.853
2018-03-06,29.256999969482422,1.375,567.95,1.42,18.36,89.62000274658203,10784.33984375,0.04499999999999993,29792.853
2018-03-07,29.198999404907227,1.375,-843.8,1.42,17.76,89.63999938964844,10745.3203125,0.04499999999999993,29792.853
2018-03-08,29.256999969482422,1.375,-550.17,1.42,16.54,90.12000274658203,10823.240234375,0.04499999999999993,29792.853
2018-03-09,29.32900047302246,1.375,-550.17,1.42,14.64,90.08999633789062,10864.8203125,0.04499999999999993,29792.853
2018-03-12,29.24799919128418,1.375,-550.17,1.42,15.78,89.9000015258789,11002.099609375,0.04499999999999993,29792.853
2018-03-13,29.256000518798828,1.375,-550.17,1.42,16.35,89.66000366210938,11095.6298828125,0.04499999999999993,29792.853
2018-03-14,29.256999969482422,1.375,-550.17,1.42,17.23,89.69999694824219,11038.7998046875,0.04499999999999993,29792.853
2018-03-15,29.17300033569336,1.375,-550.17,1.43,16.59,90.13999938964844,11018.4501953125,0.05499999999999994,29792.853
2018-03-16,29.128000259399414,1.375,-550.17,1.43,15.8,90.2300033569336,11027.7001953125,0.05499999999999994,29792.853
2018-03-19,29.113000869750977,1.375,-550.17,1.43,19.02,89.9000015258789,11046.900390625,0.05499999999999994,29792.853
2018-03-20,29.156999588012695,1.375,-19.11,1.44,18.2,90.37000274658203,11010.83984375,0.06499999999999995,29792.853
2018-03-21,29.145000457763672,1.375,-19.11,1.44,17.86,89.77999877929688,11011.0703125,0.06499999999999995,29792.853
2018-03-22,29.07200050354004,1.375,-19.11,1.68,23.34,89.86000061035156,11005.83984375,0.30499999999999994,29792.853
2018-03-23,29.177000045776367,1.375,-19.11,1.68,24.87,89.44000244140625,10823.330078125,0.30499999999999994,29792.853
2018-03-26,29.177000045776367,1.375,-19.11,1.68,21.03,89.02999877929688,10840.0498046875,0.30499999999999994,29792.853
2018-03-27,29.075000762939453,1.375,-19.11,1.68,22.5,89.37000274658203,10986.7900390625,0.30499999999999994,29792.853
2018-03-28,29.177000045776367,1.375,-19.11,1.68,22.87,90.05999755859375,10865.66015625,0.30499999999999994,29792.853
2018-03-29,29.136999130249023,1.375,-19.11,1.68,19.97,90.1500015258789,10845.919921875,0.30499999999999994,29792.853
2018-04-02,28.974000930786133,1.375,-19.11,1.68,23.62,90.05000305175781,10888.26953125,0.30499999999999994,26549.309
2018-04-03,29.142000198364258,1.375,-19.11,1.69,21.1,90.19999694824219,10821.5302734375,0.31499999999999995,26549.309
2018-04-09,29.309999465942383,1.375,-579.31,1.69,21.77,89.83999633789062,10893.5302734375,0.31499999999999995,26549.309
2018-04-10,29.242000579833984,1.375,-579.31,1.69,20.47,89.58999633789062,10927.1796875,0.31499999999999995,26549.309
2018-04-11,29.190000534057617,1.375,-579.31,1.69,20.24,89.56999969482422,10974.01953125,0.31499999999999995,26549.309
2018-04-12,29.18600082397461,1.375,-579.31,1.69,18.49,89.75,10955.2900390625,0.31499999999999995,26549.309
2018-04-13,29.284000396728516,1.375,-579.31,1.69,17.41,89.80000305175781,10965.3896484375,0.31499999999999995,26549.309
2018-04-16,29.30900001525879,1.375,-579.31,1.69,16.56,89.43000030517578,10954.5498046875,0.31499999999999995,26549.309
2018-04-17,29.34600067138672,1.375,-579.31,1.69,15.25,89.5199966430664,10810.4501953125,0.31499999999999995,26549.309
2018-04-18,29.374000549316406,1.375,-579.31,1.69,15.6,89.62000274658203,10847.8896484375,0.31499999999999995,26549.309
2018-04-19,29.280000686645508,1.375,-579.31,1.69,15.96,89.94000244140625,10971.2197265625,0.31499999999999995,26549.309
2018-04-20,29.382999420166016,1.375,-579.31,1.7,16.88,90.31999969482422,10779.3798828125,0.32499999999999996,26549.309
2018-04-23,29.468000411987305,1.375,-579.31,1.7,16.34,90.94000244140625,10697.1298828125,0.32499999999999996,26549.309
2018-04-24,29.597999572753906,1.375,-579.31,1.7,18.02,90.7699966430664,10579.5,0.32499999999999996,26549.309
2018-04-25,29.61199951171875,1.375,-579.31,1.7,17.84,91.16999816894531,10559.9697265625,0.32499999999999996,26549.309
2018-04-26,29.67799949645996,1.375,-579.31,1.7,16.24,91.55999755859375,10488.580078125,0.32499999999999996,26549.309
2018-04-27,29.632999420166016,1.375,192.56,1.7,15.41,91.54000091552734,10553.4296875,0.32499999999999996,26549.309
2018-04-30,29.540000915527344,1.375,-243.79,1.69,15.93,91.83999633789062,10657.8798828125,0.31499999999999995,26549.309
2018-05-02,29.69700050354004,1.375,-243.79,1.7,15.97,92.51000213623047,10618.8095703125,0.32499999999999996,28944.221
2018-05-03,29.773000717163086,1.375,-243.79,1.7,15.9,92.41000366210938,10514.1796875,0.32499999999999996,28944.221
2018-05-04,29.667999267578125,1.375,-243.79,1.7,14.77,92.56999969482422,10529.3701171875,0.32499999999999996,28944.221
2018-05-07,29.673999786376953,1.375,-243.79,1.7,14.75,92.75,10604.91015625,0.32499999999999996,28944.221
2018-05-08,29.812999725341797,1.375,-454.03,1.7,14.71,93.12000274658203,10691.3798828125,0.32499999999999996,28944.221
2018-05-09,29.804000854492188,1.375,-454.03,1.7,13.42,93.04000091552734,10703.349609375,0.32499999999999996,28944.221
2018-05-10,29.884000778198242,1.375,-454.03,1.7,13.23,92.6500015258789,10760.2099609375,0.32499999999999996,28944.221
2018-05-11,29.70199966430664,1.375,-454.03,1.7,12.65,92.54000091552734,10858.98046875,0.32499999999999996,28944.221
2018-05-14,29.667999267578125,1.375,-454.03,1.7,12.93,92.58999633789062,10952.3896484375,0.32499999999999996,28944.221
2018-05-15,29.79400062561035,1.375,-667.71,1.7,14.63,93.22000122070312,10874.73046875,0.32499999999999996,28944.221
2018-05-16,29.885000228881836,1.375,-13.49,1.7,13.42,93.38999938964844,10897.5703125,0.32499999999999996,28944.221
2018-05-17,29.80900001525879,1.375,-13.49,1.7,13.43,93.47000122070312,10833.8095703125,0.32499999999999996,28944.221
2018-05-18,29.895000457763672,1.375,913.42,1.7,13.42,93.63999938964844,10830.83984375,0.32499999999999996,28944.221
2018-05-21,29.926000595092773,1.375,913.42,1.7,13.08,93.68000030517578,10966.2001953125,0.32499999999999996,28944.221
2018-05-22,29.91900062561035,1.375,-944.95,1.7,13.22,93.61000061035156,10938.73046875,0.32499999999999996,28944.221
2018-05-23,29.83300018310547,1.375,-944.95,1.7,12.58,94.01000213623047,10886.1796875,0.32499999999999996,28944.221
2018-05-24,29.913999557495117,1.375,429.31,1.7,12.53,93.77999877929688,10936.9296875,0.32499999999999996,28944.221
2018-05-25,29.91200065612793,1.375,-527.81,1.7,13.22,94.19000244140625,10942.2998046875,0.32499999999999996,28944.221
2018-05-29,29.893999099731445,1.375,-527.81,1.7,17.02,94.83000183105469,10964.1201171875,0.32499999999999996,28944.221
2018-05-30,30.059999465942383,1.375,-527.81,1.7,14.94,94.1500015258789,10821.169921875,0.32499999999999996,28944.221
2018-05-31,29.895999908447266,1.375,-527.81,1.7,15.43,93.98999786376953,10874.9599609375,0.32499999999999996,28944.221
2018-06-01,29.969999313354492,1.375,-527.81,1.7,13.46,94.19000244140625,10949.080078125,0.32499999999999996,28110.115
2018-06-04,29.804000854492188,1.375,-527.81,1.7,12.74,94.0199966430664,11109.5,0.32499999999999996,28110.115
2018-06-05,29.64299964904785,1.375,-527.81,1.7,12.4,93.88999938964844,11100.1103515625,0.32499999999999996,28110.115
2018-06-06,29.799999237060547,1.375,-527.81,1.7,11.64,93.66000366210938,11201.830078125,0.32499999999999996,28110.115
2018-06-07,29.677000045776367,1.375,-527.81,1.7,12.13,93.4000015258789,11251.75,0.32499999999999996,28110.115
2018-06-08,29.756999969482422,1.375,-527.81,1.7,12.18,93.55000305175781,11156.419921875,0.32499999999999996,28110.115
2018-06-11,29.836000442504883,1.375,401.81,1.7,12.35,93.58000183105469,11149.23046875,0.32499999999999996,28110.115
2018-06-12,29.81599998474121,1.375,401.81,1.7,12.34,93.80000305175781,11144.7900390625,0.32499999999999996,28110.115
2018-06-13,29.801000595092773,1.375,235.15,1.7,12.94,93.70999908447266,11173.2099609375,0.32499999999999996,28110.115
2018-06-14,29.805999755859375,1.375,235.15,1.9,12.12,94.7699966430664,11013.98046875,0.5249999999999999,28110.115
2018-06-15,29.878999710083008,1.375,235.15,1.9,11.98,94.79000091552734,11087.4697265625,0.5249999999999999,28110.115
2018-06-19,30.159000396728516,1.375,235.15,1.91,13.35,95.08999633789062,10904.1904296875,0.5349999999999999,28110.115
2018-06-20,30.176000595092773,1.375,235.15,1.92,12.79,95.05999755859375,10927.4404296875,0.5449999999999999,28110.115
2018-06-21,30.16200065612793,1.375,235.15,1.92,14.64,94.87000274658203,10941.0703125,0.5449999999999999,28110.115
2018-06-22,30.319000244140625,1.375,235.15,1.92,13.77,94.5199966430664,10899.2802734375,0.5449999999999999,28110.115
2018-06-25,30.29800033569336,1.375,235.15,1.92,17.33,94.27999877929688,10786.4599609375,0.5449999999999999,28110.115
2018-06-26,30.341999053955078,1.375,235.15,1.92,15.92,94.68000030517578,10742.169921875,0.5449999999999999,28110.115
2018-06-27,30.406999588012695,1.375,235.15,1.91,17.91,95.29000091552734,10701.0302734375,0.5349999999999999,28110.115
2018-06-28,30.493000030517578,1.375,235.15,1.91,16.85,95.38999938964844,10654.2802734375,0.5349999999999999,28110.115
2018-06-29,30.569000244140625,1.375,235.15,1.91,16.09,94.62999725341797,10836.91015625,0.5349999999999999,28110.115
2018-07-02,30.464000701904297,1.375,235.15,1.91,15.6,94.87000274658203,10777.9404296875,0.5349999999999999,28217.572
2018-07-03,30.53499984741211,1.375,235.15,1.91,16.14,94.58999633789062,10715.7197265625,0.5349999999999999,28217.572
2018-07-05,30.506999969482422,1.375,235.15,1.91,14.97,94.47000122070312,10611.8095703125,0.5349999999999999,28217.572
2018-07-06,30.509000778198242,1.375,235.15,1.91,13.37,94.04000091552734,10608.5703125,0.5349999999999999,28217.572
2018-07-09,30.42799949645996,1.375,235.15,1.91,12.69,94.08000183105469,10720.2802734375,0.5349999999999999,28217.572
2018-07-10,30.30900001525879,1.375,235.15,1.91,12.64,94.11000061035156,10756.8896484375,0.5349999999999999,28217.572
2018-07-11,30.399999618530273,1.375,235.15,1.91,13.63,94.72000122070312,10676.83984375,0.5349999999999999,28217.572
2018-07-12,30.645000457763672,1.375,353.44,1.91,12.58,94.80999755859375,10738.3798828125,0.5349999999999999,28217.572
2018-07-13,30.479000091552734,1.375,353.44,1.91,12.18,94.75,10864.5400390625,0.5349999999999999,28217.572
2018-07-16,30.56599998474121,1.375,353.44,1.91,12.83,94.51000213623047,10817.4501953125,0.5349999999999999,28217.572
2018-07-17,30.469999313354492,1.375,353.44,1.91,12.06,94.97000122070312,10778.990234375,0.5349999999999999,28217.572
2018-07-18,30.485000610351562,1.375,353.44,1.91,12.1,95.08000183105469,10842.4599609375,0.5349999999999999,28217.572
2018-07-19,30.559999465942383,1.375,243.82,1.91,12.87,95.16999816894531,10835.3798828125,0.5349999999999999,28217.572
2018-07-20,30.670000076293945,1.375,243.82,1.91,12.86,94.45999908447266,10932.1103515625,0.5349999999999999,28217.572
2018-07-23,30.570999145507812,1.375,243.82,1.91,12.62,94.66999816894531,10946.8896484375,0.5349999999999999,28217.572
2018-07-24,30.56999969482422,1.375,-407.59,1.91,12.41,94.61000061035156,10995.3896484375,0.5349999999999999,28217.572
2018-07-25,30.618999481201172,1.375,-407.59,1.91,12.29,94.36000061035156,10965.7900390625,0.5349999999999999,28217.572
2018-07-26,30.398000717163086,1.375,-407.59,1.91,12.14,94.75,11010.6103515625,0.5349999999999999,28217.572
2018-07-27,30.60300064086914,1.375,-407.59,1.91,13.03,94.68000030517578,11075.7802734375,0.5349999999999999,28217.572
2018-07-30,30.55500030517578,1.375,778.05,1.91,14.26,94.36000061035156,11033.5400390625,0.5349999999999999,28217.572
2018-07-31,30.57200050354004,1.375,-48.11,1.91,12.83,94.48999786376953,11057.509765625,0.5349999999999999,28217.572
2018-08-01,30.570999145507812,1.375,-48.11,1.91,13.15,94.62000274658203,11098.1298828125,0.5349999999999999,28021.801
2018-08-02,30.621000289916992,1.375,-48.11,1.91,12.19,95.16999816894531,10929.76953125,0.5349999999999999,28021.801
2018-08-03,30.667999267578125,1.375,-48.11,1.91,11.64,95.13999938964844,11012.4296875,0.5349999999999999,28021.801
2018-08-06,30.572999954223633,1.375,-48.11,1.91,11.27,95.36000061035156,11024.099609375,0.5349999999999999,28021.801
2018-08-07,30.57200050354004,1.375,-48.11,1.91,10.93,95.22000122070312,10983.4404296875,0.5349999999999999,28021.801
2018-08-08,30.466999053955078,1.375,-48.11,1.91,10.85,95.0999984741211,11075.25,0.5349999999999999,28021.801
2018-08-09,30.572999954223633,1.375,-48.11,1.91,11.27,95.5,11028.0703125,0.5349999999999999,28021.801
2018-08-10,30.591999053955078,1.375,-48.11,1.91,13.16,96.36000061035156,10983.6796875,0.5349999999999999,28021.801
2018-08-13,30.731000900268555,1.375,-48.11,1.91,14.78,96.38999938964844,10748.919921875,0.5349999999999999,28021.801
2018-08-14,30.847999572753906,1.375,-632.3,1.91,13.31,96.7300033569336,10824.23046875,0.5349999999999999,28021.801
2018-08-15,30.809999465942383,1.375,-632.3,1.91,14.64,96.69999694824219,10716.75,0.5349999999999999,28021.801
2018-08-16,30.826000213623047,1.375,558.19,1.92,13.45,96.6500015258789,10683.900390625,0.5449999999999999,28021.801
2018-08-17,30.743999481201172,1.375,558.19,1.92,12.64,96.0999984741211,10690.9599609375,0.5449999999999999,28021.801
2018-08-20,30.655000686645508,1.375,558.19,1.92,12.49,95.9000015258789,10699.0498046875,0.5449999999999999,28021.801
2018-08-21,30.70599937438965,1.375,558.19,1.92,12.86,95.26000213623047,10792.2001953125,0.5449999999999999,28021.801
2018-08-22,30.631000518798828,1.375,558.19,1.92,12.25,95.1500015258789,10804.2001953125,0.5449999999999999,28021.801
2018-08-23,30.66699981689453,1.375,558.19,1.92,12.41,95.62000274658203,10863.1298828125,0.5449999999999999,28021.801
2018-08-24,30.812999725341797,1.375,558.19,1.92,11.99,95.1500015258789,10809.349609375,0.5449999999999999,28021.801
2018-08-27,30.65999984741211,1.375,558.19,1.92,12.16,94.77999877929688,10902.2099609375,0.5449999999999999,28021.801
2018-08-28,30.677000045776367,1.375,558.19,1.92,12.5,94.72000122070312,10989.5498046875,0.5449999999999999,28021.801
2018-08-29,30.589000701904297,1.375,558.19,1.92,12.25,94.5999984741211,11099.5703125,0.5449999999999999,28021.801
2018-08-30,30.61199951171875,1.375,558.19,1.92,13.53,94.72000122070312,11093.75,0.5449999999999999,28021.801
2018-08-31,30.683000564575195,1.375,558.19,1.91,12.86,95.13999938964844,11063.9404296875,0.5349999999999999,28021.801
2018-09-04,30.729999542236328,1.375,558.19,1.92,13.16,95.41999816894531,11021.3798828125,0.5449999999999999,29467.165
2018-09-05,30.714000701904297,1.375,558.19,1.92,13.91,95.12999725341797,10995.1298828125,0.5449999999999999,29467.165
2018-09-06,30.72800064086914,1.375,316.06,1.92,14.65,95.0199966430664,10924.2998046875,0.5449999999999999,29467.165
2018-09-07,30.784000396728516,1.375,316.06,1.92,14.88,95.37000274658203,10846.990234375,0.5449999999999999,29467.165
2018-09-10,30.80500030517578,1.375,316.06,1.92,14.16,95.1500015258789,10725.7998046875,0.5449999999999999,29467.165
2018-09-11,30.781999588012695,1.375,316.06,1.92,13.22,95.05999755859375,10752.2998046875,0.5449999999999999,29467.165
2018-09-12,30.742000579833984,1.375,316.06,1.92,13.14,94.80000305175781,10722.5703125,0.5449999999999999,29467.165
2018-09-13,30.718000411987305,1.375,316.06,1.92,12.37,94.54000091552734,10727.23046875,0.5449999999999999,29467.165
2018-09-14,30.69700050354004,1.375,316.06,1.92,12.07,94.9800033569336,10868.1396484375,0.5449999999999999,29467.165
2018-09-17,30.756999969482422,1.375,-426.16,1.92,13.68,94.51000213623047,10828.6103515625,0.5449999999999999,29467.165
2018-09-18,30.798999786376953,1.375,-426.16,1.92,12.79,94.62000274658203,10760.2099609375,0.5449999999999999,29467.165
2018-09-19,30.7189998626709,1.375,-426.16,1.92,11.75,94.55000305175781,10857.26953125,0.5449999999999999,29467.165
2018-09-20,30.670000076293945,1.375,-426.16,1.92,11.8,93.91000366210938,10831.41015625,0.5449999999999999,29467.165
2018-09-21,30.711000442504883,1.375,-426.16,1.92,11.68,94.22000122070312,10972.41015625,0.5449999999999999,29467.165
2018-09-25,30.66699981689453,1.375,-426.16,1.93,12.42,94.12999725341797,10978.849609375,0.5549999999999999,29467.165
2018-09-26,30.590999603271484,1.375,-663.37,1.93,12.89,94.19000244140625,10974.1904296875,0.5549999999999999,29467.165
2018-09-27,30.590999603271484,1.375,-663.37,2.18,12.41,95.0,11034.1904296875,0.8050000000000002,29467.165
2018-09-28,30.520999908447266,1.375,-663.37,2.18,12.12,95.19000244140625,11006.33984375,0.8050000000000002,29467.165
2018-10-01,30.44700050354004,1.375,-663.37,2.18,12.0,95.30000305175781,11051.7998046875,0.8050000000000002,29424.037
2018-10-02,30.549999237060547,1.375,-663.37,2.18,12.05,95.51000213623047,10919.6298828125,0.8050000000000002,29424.037
2018-10-03,30.642000198364258,1.375,329.68,2.18,11.61,95.76000213623047,10863.9404296875,0.8050000000000002,29424.037
2018-10-04,30.731000900268555,1.375,329.68,2.18,14.22,95.75,10718.91015625,0.8050000000000002,29424.037
2018-10-05,30.80900001525879,1.375,329.68,2.18,14.82,95.62000274658203,10517.1201171875,0.8050000000000002,29424.037
2018-10-08,30.900999069213867,1.375,329.68,2.18,15.69,95.7699966430664,10455.9296875,0.8050000000000002,29424.037
2018-10-09,30.952999114990234,1.375,329.68,2.18,15.95,95.68000030517578,10466.830078125,0.8050000000000002,29424.037
2018-10-11,31.069000244140625,1.375,329.68,2.18,24.98,95.0199966430664,9806.1103515625,0.8050000000000002,29424.037
2018-10-12,30.94300079345703,1.375,329.68,2.18,21.31,95.22000122070312,10045.8095703125,0.8050000000000002,29424.037
2018-10-15,30.892000198364258,1.375,329.68,2.18,21.3,95.06999969482422,9901.1201171875,0.8050000000000002,29424.037
2018-10-16,30.825000762939453,1.375,329.68,2.18,17.62,95.05000305175781,9981.099609375,0.8050000000000002,29424.037
2018-10-17,30.76799964904785,1.375,329.68,2.19,17.4,95.58000183105469,9979.1396484375,0.815,29424.037
2018-10-18,30.802000045776367,1.375,329.68,2.19,20.06,95.9000015258789,9953.73046875,0.815,29424.037
2018-10-19,30.94700050354004,1.375,329.68,2.19,19.89,95.70999908447266,9919.259765625,0.815,29424.037
2018-10-22,30.885000228881836,1.375,329.68,2.19,19.64,96.01000213623047,9974.2802734375,0.815,29424.037
2018-10-23,30.844999313354492,1.375,329.68,2.2,20.71,95.95999908447266,9775.2001953125,0.8250000000000002,29424.037
2018-10-24,30.937999725341797,1.375,329.68,2.2,25.23,96.43000030517578,9759.400390625,0.8250000000000002,29424.037
2018-10-25,30.905000686645508,1.375,329.68,2.2,24.22,96.68000030517578,9520.7900390625,0.8250000000000002,29424.037
2018-10-26,30.881000518798828,1.375,329.68,2.2,24.16,96.36000061035156,9489.1796875,0.8250000000000002,29424.037
2018-10-29,30.96299934387207,1.375,329.68,2.2,24.7,96.58000183105469,9516.3203125,0.8250000000000002,29424.037
2018-10-30,30.89699935913086,1.375,898.21,2.2,23.35,97.01000213623047,9526.1103515625,0.8250000000000002,29424.037
2018-10-31,30.857999801635742,1.375,898.21,2.2,21.23,97.12999725341797,9802.1298828125,0.8250000000000002,29424.037
2018-11-01,30.930999755859375,1.375,898.21,2.2,19.34,96.27999877929688,9844.740234375,0.8250000000000002,27681.837
2018-11-02,30.6200008392334,1.375,898.21,2.19,19.51,96.54000091552734,9906.58984375,0.815,27681.837
2018-11-05,30.591999053955078,1.375,898.21,2.2,19.96,96.3499984741211,9889.8095703125,0.8250000000000002,27681.837
2018-11-06,30.69499969482422,1.375,898.21,2.2,19.91,96.31999969482422,9824.9501953125,0.8250000000000002,27681.837
2018-11-07,30.68199920654297,1.375,898.21,2.2,16.36,96.0,9908.349609375,0.8250000000000002,27681.837
2018-11-08,30.569000244140625,1.375,898.21,2.2,16.72,96.63999938964844,9945.3095703125,0.8250000000000002,27681.837
2018-11-09,30.61400032043457,1.375,898.21,2.19,17.36,96.91000366210938,9830.009765625,0.815,27681.837
2018-11-12,30.77400016784668,1.375,898.21,2.19,20.45,97.54000091552734,9831.2099609375,0.815,27681.837
2018-11-13,30.888999938964844,1.375,898.21,2.2,20.02,97.30000305175781,9775.83984375,0.8250000000000002,27681.837
2018-11-14,30.766000747680664,1.375,-642.21,2.2,21.25,96.80000305175781,9791.8798828125,0.8250000000000002,27681.837
2018-11-15,30.763999938964844,1.375,-642.21,2.2,19.98,96.93000030517578,9826.4599609375,0.8250000000000002,27681.837
2018-11-16,30.788000106811523,1.375,-894.43,2.2,18.14,96.47000122070312,9797.08984375,0.8250000000000002,27681.837
2018-11-19,30.770000457763672,1.375,-894.43,2.2,20.1,96.19000244140625,9828.6904296875,0.8250000000000002,27681.837
2018-11-20,30.8799991607666,1.375,-894.43,2.2,22.48,96.80999755859375,9743.990234375,0.8250000000000002,27681.837
2018-11-21,30.94099998474121,1.375,721.03,2.2,20.8,96.70999908447266,9741.51953125,0.8250000000000002,27681.837
2018-11-23,30.79599952697754,1.375,520.02,2.2,21.52,96.91999816894531,9667.2998046875,0.8250000000000002,27681.837
2018-11-26,30.905000686645508,1.375,520.02,2.2,18.9,97.06999969482422,9765.3603515625,0.8250000000000002,27681.837
2018-11-27,30.851999282836914,1.375,520.02,2.2,19.02,97.37000274658203,9778.6201171875,0.8250000000000002,27681.837
2018-11-28,30.895999908447266,1.375,520.02,2.2,18.49,96.79000091552734,9884.3095703125,0.8250000000000002,27681.837
2018-11-29,30.722000122070312,1.375,520.02,2.2,18.79,96.77999877929688,9885.3603515625,0.8250000000000002,27681.837
2018-11-30,30.642000198364258,1.375,512.26,2.2,18.07,97.2699966430664,9888.0302734375,0.8250000000000002,27681.837
2018-12-03,30.832000732421875,1.375,512.26,2.19,16.44,97.04000091552734,10137.8701171875,0.815,28367.469
2018-12-04,30.56100082397461,1.375,512.26,2.2,20.74,96.97000122070312,10083.5400390625,0.8250000000000002,28367.469
2018-12-06,30.70800018310547,1.375,512.26,2.2,21.19,96.80999755859375,9684.7197265625,0.8250000000000002,28367.469
2018-12-07,30.81999969482422,1.375,512.26,2.19,23.23,96.51000213623047,9760.8798828125,0.815,28367.469
2018-12-10,30.920000076293945,1.375,512.26,2.2,22.64,97.22000122070312,9647.5400390625,0.8250000000000002,28367.469
2018-12-11,30.867000579833984,1.375,512.26,2.19,21.76,97.38999938964844,9707.0400390625,0.815,28367.469
2018-12-12,30.753999710083008,1.375,512.26,2.19,21.46,97.04000091552734,9816.4501953125,0.815,28367.469
2018-12-13,30.673999786376953,1.375,512.26,2.19,20.65,97.05999755859375,9858.759765625,0.815,28367.469
2018-12-14,30.715999603271484,1.375,512.26,2.19,21.63,97.44000244140625,9774.16015625,0.815,28367.469
2018-12-17,30.825000762939453,1.375,693.28,2.2,24.52,97.0999984741211,9787.5302734375,0.8250000000000002,28367.469
2018-12-18,30.724000930786133,1.375,693.28,2.2,25.58,97.13999938964844,9718.8203125,0.8250000000000002,28367.469
2018-12-19,30.670000076293945,1.375,693.28,2.2,25.58,97.04000091552734,9783.2099609375,0.8250000000000002,28367.469
2018-12-20,30.81599998474121,1.375,693.28,2.4,28.38,96.27999877929688,9674.51953125,1.025,28367.469
2018-12-21,30.711000442504883,1.375,693.28,2.4,30.11,96.95999908447266,9676.669921875,1.025,28367.469
2018-12-24,30.795000076293945,1.375,693.28,2.4,36.07,96.55000305175781,9639.7001953125,1.025,28367.469
2018-12-26,30.798999786376953,1.375,693.28,2.4,30.41,97.05000305175781,9478.990234375,1.025,28367.469
2018-12-27,30.805999755859375,1.375,693.28,2.4,29.96,96.4800033569336,9641.5595703125,1.025,28367.469
2018-12-28,30.767000198364258,1.375,693.28,2.4,28.34,96.38999938964844,9727.41015625,1.025,28367.469
2019-01-02,30.500999450683594,1.375,693.28,2.4,23.22,96.81999969482422,9554.1396484375,1.025,27115.105
2019-01-03,30.759000778198242,1.375,693.28,2.4,25.45,96.30999755859375,9492.419921875,1.025,27115.105
2019-01-04,30.863000869750977,1.375,693.28,2.4,21.38,96.19000244140625,9382.509765625,1.025,27115.105
2019-01-07,30.783000946044922,1.375,693.28,2.4,21.4,95.70999908447266,9590.2998046875,1.025,27115.105
2019-01-08,30.80299949645996,1.375,-652.76,2.4,20.47,95.9000015258789,9563.599609375,1.025,27115.105
2019-01-09,30.81599998474121,1.375,-652.76,2.4,19.98,95.22000122070312,9738.3095703125,1.025,27115.105
2019-01-10,30.711000442504883,1.375,-500.1,2.4,19.5,95.54000091552734,9720.6904296875,1.025,27115.105
2019-01-11,30.77899932861328,1.375,-500.1,2.4,18.19,95.66999816894531,9759.400390625,1.025,27115.105
2019-01-14,30.785999298095703,1.375,-500.1,2.4,19.07,95.58999633789062,9708.2197265625,1.025,27115.105
2019-01-15,30.833999633789062,1.375,-500.1,2.4,18.6,95.97000122070312,9806.0400390625,1.025,27115.105
2019-01-16,30.827999114990234,1.375,-500.1,2.4,19.04,96.05999755859375,9763.8095703125,1.025,27115.105
2019-01-17,30.764999389648438,1.375,-500.1,2.4,18.06,96.06999969482422,9789.150390625,1.025,27115.105
2019-01-18,30.82699966430664,1.375,-500.1,2.4,17.8,96.33999633789062,9836.0595703125,1.025,27115.105
2019-01-22,30.875999450683594,1.375,-500.1,2.4,20.8,96.30000305175781,9894.66015625,1.025,27115.105
2019-01-23,30.87700080871582,1.375,581.8,2.4,19.52,96.12000274658203,9846.400390625,1.025,27115.105
2019-01-24,30.857999801635742,1.375,581.8,2.4,18.89,96.5999984741211,9877.1201171875,1.025,27115.105
2019-01-25,30.874000549316406,1.375,581.8,2.4,17.42,95.79000091552734,9969.6103515625,1.025,27115.105
2019-01-28,30.70800018310547,1.375,581.8,2.4,18.87,95.75,10013.330078125,1.025,27115.105
2019-01-29,30.788000106811523,1.375,581.8,2.4,19.13,95.81999969482422,9931.58984375,1.025,27115.105
2019-01-30,30.7810001373291,1.375,878.28,2.4,17.66,95.33999633789062,9932.259765625,1.025,27115.105
2019-02-11,30.81999969482422,1.375,878.28,2.4,15.97,97.05999755859375,10004.25,1.025,20317.385
2019-02-12,30.87700080871582,1.375,878.28,2.4,15.43,96.70999908447266,10097.740234375,1.025,20317.385
2019-02-13,30.79199981689453,1.375,878.28,2.4,15.65,97.12999725341797,10090.580078125,1.025,20317.385
2019-02-14,30.851999282836914,1.375,878.28,2.4,16.22,96.9800033569336,10089.009765625,1.025,20317.385
2019-02-15,30.820999145507812,1.375,878.28,2.4,14.91,96.91999816894531,10064.7802734375,1.025,20317.385
2019-02-19,30.81800079345703,1.375,878.28,2.4,14.88,96.5199966430664,10152.259765625,1.025,20317.385
2019-02-20,30.77899932861328,1.375,878.28,2.4,14.02,96.44999694824219,10272.4599609375,1.025,20317.385
2019-02-21,30.79199981689453,1.375,878.28,2.4,14.46,96.61000061035156,10319.5302734375,1.025,20317.385
2019-02-22,30.798999786376953,1.375,878.28,2.4,13.51,96.51000213623047,10322.919921875,1.025,20317.385
2019-02-25,30.746999740600586,1.375,878.28,2.4,14.85,96.41000366210938,10390.9296875,1.025,20317.385
2019-02-26,30.735000610351562,1.375,878.28,2.4,15.17,96.0,10391.5498046875,1.025,20317.385
2019-02-27,30.753000259399414,1.375,878.28,2.4,14.7,96.1500015258789,10389.169921875,1.025,20317.385
2019-03-04,30.836999893188477,1.375,878.28,2.4,14.63,96.68000030517578,10349.8798828125,1.025,28449.497
2019-03-05,30.83799934387207,1.375,878.28,2.4,14.74,96.8499984741211,10305.259765625,1.025,28449.497
2019-03-06,30.829999923706055,1.375,878.28,2.4,15.74,96.87000274658203,10357.150390625,1.025,28449.497
2019-03-07,30.82900047302246,1.375,878.28,2.4,16.59,97.66999816894531,10311.6796875,1.025,28449.497
2019-03-08,30.906999588012695,1.375,878.28,2.4,16.05,97.37000274658203,10241.75,1.025,28449.497
2019-03-11,30.891000747680664,1.375,878.28,2.4,14.33,97.22000122070312,10250.2802734375,1.025,28449.497
2019-03-12,30.91200065612793,1.375,878.28,2.4,13.77,96.94000244140625,10343.330078125,1.025,28449.497
2019-03-13,30.886999130249023,1.375,878.28,2.4,13.41,96.55000305175781,10373.3203125,1.025,28449.497
2019-03-14,30.895999908447266,1.375,878.28,2.4,13.5,96.79000091552734,10348.650390625,1.025,28449.497
2019-03-15,30.913000106811523,1.375,878.28,2.4,12.88,96.5999984741211,10439.240234375,1.025,28449.497
2019-03-18,30.888999938964844,1.375,878.28,2.4,13.1,96.5199966430664,10512.7001953125,1.025,28449.497
2019-03-19,30.764999389648438,1.375,-673.86,2.4,13.56,96.37999725341797,10512.3203125,1.025,28449.497
2019-03-20,30.790000915527344,1.375,-673.86,2.41,13.91,95.76000213623047,10551.5595703125,1.0350000000000001,28449.497
2019-03-21,30.7450008392334,1.375,-673.86,2.41,13.63,96.5,10609.5498046875,1.0350000000000001,28449.497
2019-03-22,30.792999267578125,1.375,-673.86,2.41,16.48,96.6500015258789,10639.0703125,1.0350000000000001,28449.497
2019-03-25,30.868000030517578,1.375,-673.86,2.4,16.33,96.56999969482422,10479.48046875,1.025,28449.497
2019-03-26,30.81599998474121,1.375,757.52,2.4,14.68,96.73999786376953,10559.2001953125,1.025,28449.497
2019-03-27,30.839000701904297,1.375,757.52,2.41,15.15,96.7699966430664,10542.7001953125,1.0350000000000001,28449.497
2019-03-28,30.881999969482422,1.375,-265.09,2.41,14.43,97.19999694824219,10536.259765625,1.0350000000000001,28449.497
2019-03-29,30.85099983215332,1.375,-265.09,2.43,13.71,97.27999877929688,10641.0400390625,1.0550000000000002,28449.497
2019-04-01,30.839000701904297,1.375,-265.09,2.41,13.4,97.25,10642.6298828125,1.0350000000000001,25559.377
2019-04-02,30.816999435424805,1.375,-265.09,2.41,13.36,97.36000061035156,10690.2998046875,1.0350000000000001,25559.377
2019-04-03,30.82900047302246,1.375,-265.09,2.41,13.74,97.08999633789062,10704.3798828125,1.0350000000000001,25559.377
2019-04-08,30.788999557495117,1.375,-265.09,2.41,13.18,97.05000305175781,10800.5703125,1.0350000000000001,25559.377
2019-04-09,30.808000564575195,1.375,-265.09,2.41,14.28,97.01000213623047,10851.599609375,1.0350000000000001,25559.377
2019-04-10,30.816999435424805,1.375,-885.56,2.41,13.3,96.94999694824219,10868.1396484375,1.0350000000000001,25559.377
2019-04-11,30.83799934387207,1.375,-885.56,2.41,13.02,97.18000030517578,10808.76953125,1.0350000000000001,25559.377
2019-04-12,30.851999282836914,1.375,-885.56,2.41,12.01,96.97000122070312,10805.2998046875,1.0350000000000001,25559.377
2019-04-15,30.829999923706055,1.375,-885.56,2.41,12.32,96.94000244140625,10875.599609375,1.0350000000000001,25559.377
2019-04-16,30.854000091552734,1.375,-885.56,2.41,12.18,97.04000091552734,10927.849609375,1.0350000000000001,25559.377
2019-04-17,30.863000869750977,1.375,-885.56,2.42,12.6,97.01000213623047,10997.259765625,1.045,25559.377
2019-04-18,30.761999130249023,1.375,-885.56,2.43,12.09,97.47000122070312,10962.01953125,1.0550000000000002,25559.377
2019-04-22,30.80699920654297,1.375,428.28,2.44,12.42,97.27999877929688,10987.7099609375,1.065,25559.377
2019-04-23,30.84000015258789,1.375,428.28,2.44,12.28,97.56999969482422,11025.6796875,1.065,25559.377
2019-04-24,30.854000091552734,1.375,-553.62,2.44,13.14,98.0999984741211,11027.6396484375,1.065,25559.377
2019-04-25,30.923999786376953,1.375,781.91,2.44,13.25,98.19999694824219,11039.8603515625,1.065,25559.377
2019-04-26,30.92300033569336,1.375,781.91,2.44,12.73,98.01000213623047,10952.4697265625,1.065,25559.377
2019-04-29,30.902000427246094,1.375,781.91,2.45,13.11,97.86000061035156,10939.0595703125,1.0750000000000002,25559.377
2019-04-30,30.892000198364258,1.375,964.78,2.45,13.12,97.4800033569336,10967.73046875,1.0750000000000002,25559.377
2019-05-02,30.906999588012695,1.375,964.78,2.41,14.42,97.83000183105469,11004.490234375,1.0350000000000001,27548.92
2019-05-03,30.889999389648438,1.375,964.78,2.4,12.87,97.5199966430664,11096.2998046875,1.025,27548.92
2019-05-06,30.895000457763672,1.375,964.78,2.4,15.44,97.5199966430664,10897.1201171875,1.025,27548.92
2019-05-07,30.90999984741211,1.375,-778.72,2.4,19.32,97.62999725341797,10987.1396484375,1.025,27548.92
2019-05-08,30.937000274658203,1.375,-778.72,2.39,19.4,97.62000274658203,10923.7099609375,1.0150000000000001,27548.92
2019-05-09,30.94499969482422,1.375,-778.72,2.38,19.1,97.37000274658203,10733.669921875,1.005,27548.92
2019-05-10,31.00200080871582,1.375,-778.72,2.38,16.04,97.33000183105469,10712.990234375,1.005,27548.92
2019-05-13,30.937000274658203,1.375,-778.72,2.38,20.55,97.31999969482422,10558.2900390625,1.005,27548.92
2019-05-14,31.104999542236328,1.375,-778.72,2.38,18.06,97.52999877929688,10519.25,1.005,27548.92
2019-05-15,31.138999938964844,1.375,-778.72,2.4,16.44,97.56999969482422,10560.7099609375,1.025,27548.92
2019-05-16,31.077999114990234,1.375,-778.72,2.39,15.29,97.83999633789062,10474.6103515625,1.0150000000000001,27548.92
2019-05-17,31.18600082397461,1.375,-778.72,2.39,15.96,98.0,10384.1103515625,1.0150000000000001,27548.92
2019-05-20,31.365999221801758,1.375,-778.72,2.39,16.31,97.93000030517578,10398.41015625,1.0150000000000001,27548.92
2019-05-21,31.3799991607666,1.375,-778.72,2.39,14.95,98.05999755859375,10464.5,1.0150000000000001,27548.92
2019-05-23,31.452999114990234,1.375,-778.72,2.38,16.92,97.8499984741211,10308.3701171875,1.005,27548.92
2019-05-24,31.513999938964844,1.375,-778.72,2.38,15.85,97.61000061035156,10328.2802734375,1.005,27548.92
2019-05-28,31.452999114990234,1.375,-778.72,2.39,17.5,97.95999908447266,10312.3095703125,1.0150000000000001,27548.92
2019-05-29,31.547000885009766,1.375,-778.72,2.39,17.9,98.13999938964844,10301.7802734375,1.0150000000000001,27548.92
2019-05-30,31.615999221801758,1.375,-778.72,2.39,17.3,98.13999938964844,10382.990234375,1.0150000000000001,27548.92
2019-05-31,31.57699966430664,1.375,-778.72,2.4,18.71,97.75,10498.490234375,1.025,27548.92
2019-06-03,31.52199935913086,1.375,-778.72,2.38,18.86,97.13999938964844,10500.0703125,1.005,28210.4
2019-06-04,31.375999450683594,1.375,-778.72,2.38,16.97,97.06999969482422,10429.1201171875,1.005,28210.4
2019-06-05,31.326000213623047,1.375,-872.69,2.38,16.09,97.37000274658203,10461.6201171875,1.005,28210.4
2019-06-06,31.298999786376953,1.375,-872.69,2.37,15.93,97.02999877929688,10409.2001953125,0.9950000000000001,28210.4
2019-06-10,31.354000091552734,1.375,-872.69,2.37,15.94,96.76000213623047,10566.4697265625,0.9950000000000001,28210.4
2019-06-11,31.38599967956543,1.375,-872.69,2.37,15.99,96.69000244140625,10607.759765625,0.9950000000000001,28210.4
2019-06-12,31.363000869750977,1.375,-285.97,2.37,15.91,97.0,10615.66015625,0.9950000000000001,28210.4
2019-06-13,31.427000045776367,1.375,-285.97,2.37,15.82,97.01000213623047,10561.009765625,0.9950000000000001,28210.4
2019-06-14,31.468000411987305,1.375,-285.97,2.36,15.28,97.56999969482422,10524.669921875,0.9849999999999999,28210.4
2019-06-17,31.493000030517578,1.375,-285.97,2.38,15.35,97.55999755859375,10530.5400390625,1.005,28210.4
2019-06-18,31.47599983215332,1.375,-285.97,2.37,15.15,97.63999938964844,10566.740234375,0.9950000000000001,28210.4
2019-06-19,31.264999389648438,1.375,-285.97,2.37,14.33,97.12000274658203,10775.33984375,0.9950000000000001,28210.4
2019-06-20,31.110000610351562,1.375,-285.97,2.37,14.75,96.62999725341797,10785.009765625,0.9950000000000001,28210.4
2019-06-21,30.875,1.375,-285.97,2.38,15.4,96.22000122070312,10803.76953125,1.005,28210.4
2019-06-24,30.94499969482422,1.375,-285.97,2.38,15.26,95.9800033569336,10779.4501953125,1.005,28210.4
2019-06-25,30.836000442504883,1.375,-853.24,2.38,16.28,96.16000366210938,10706.7197265625,1.005,28210.4
2019-06-26,30.969999313354492,1.375,-853.24,2.38,16.21,96.20999908447266,10652.5498046875,1.005,28210.4
2019-06-27,30.924999237060547,1.375,-853.24,2.38,15.82,96.19000244140625,10773.900390625,1.005,28210.4
2019-06-28,30.888999938964844,1.375,-853.24,2.4,15.08,96.12999725341797,10730.830078125,1.025,28210.4
2019-07-01,30.878999710083008,1.375,-853.24,2.39,14.06,96.83999633789062,10895.4599609375,1.0150000000000001,28094.139
2019-07-02,30.952999114990234,1.375,-853.24,2.4,12.93,96.7300033569336,10865.1201171875,1.025,28094.139
2019-07-03,30.968000411987305,1.375,-853.24,2.41,12.57,96.7699966430664,10743.76953125,1.0350000000000001,28094.139
2019-07-05,31.01300048828125,1.375,64.68,2.42,13.28,97.25,10785.73046875,1.045,28094.139
2019-07-08,31.16900062561035,1.375,64.68,2.41,13.96,97.37999725341797,10751.2197265625,1.0350000000000001,28094.139
2019-07-09,31.15999984741211,1.375,64.68,2.41,14.09,97.48999786376953,10702.7802734375,1.0350000000000001,28094.139
2019-07-10,31.128999710083008,1.375,64.68,2.41,13.03,97.0999984741211,10798.48046875,1.0350000000000001,28094.139
2019-07-11,31.03499984741211,1.375,64.68,2.4,12.93,97.05000305175781,10843.419921875,1.025,28094.139
2019-07-12,30.961000442504883,1.375,64.68,2.38,12.39,96.80999755859375,10824.349609375,1.005,28094.139
2019-07-15,31.052000045776367,1.375,312.02,2.4,12.68,96.93000030517578,10876.4296875,1.025,28094.139
2019-07-16,30.98200035095215,1.375,794.73,2.41,12.86,97.4000015258789,10886.0498046875,1.0350000000000001,28094.139
2019-07-17,31.003000259399414,1.375,794.73,2.41,13.97,97.22000122070312,10828.48046875,1.0350000000000001,28094.139
2019-07-18,31.000999450683594,1.375,794.73,2.41,13.53,96.79000091552734,10799.2802734375,1.0350000000000001,28094.139
2019-07-19,30.899999618530273,1.375,794.73,2.41,14.45,97.1500015258789,10873.1904296875,1.0350000000000001,28094.139
2019-07-22,31.031999588012695,1.375,794.73,2.4,13.53,97.26000213623047,10944.5302734375,1.025,28094.139
2019-07-23,31.04400062561035,1.375,624.95,2.4,12.61,97.70999908447266,10947.259765625,1.025,28094.139
2019-07-24,31.010000228881836,1.375,-264.8,2.4,12.07,97.7300033569336,10935.759765625,1.025,28094.139
2019-07-25,31.091999053955078,1.375,-264.8,2.4,12.74,97.81999969482422,10941.41015625,1.025,28094.139
2019-07-26,31.011999130249023,1.375,-264.8,2.4,12.16,98.01000213623047,10891.98046875,1.025,28094.139
2019-07-29,31.082000732421875,1.375,-264.8,2.4,12.83,98.04000091552734,10885.73046875,1.025,28094.139
2019-07-30,31.027000427246094,1.375,984.12,2.39,13.94,98.05000305175781,10830.900390625,1.0150000000000001,28094.139
2019-07-31,31.023000717163086,1.375,984.12,2.4,16.12,98.5199966430664,10823.8095703125,1.025,28094.139
2019-08-01,31.14699935913086,1.375,984.12,2.14,17.87,98.38999938964844,10731.75,0.7650000000000001,28776.413
2019-08-02,31.30699920654297,1.375,984.12,2.14,17.61,98.0999984741211,10549.0400390625,0.7650000000000001,28776.413
2019-08-05,31.450000762939453,1.375,984.12,2.13,24.59,97.5,10423.41015625,0.7549999999999999,28776.413
2019-08-06,31.694000244140625,1.375,984.12,2.13,20.17,97.62999725341797,10394.75,0.7549999999999999,28776.413
2019-08-07,31.427000045776367,1.375,984.12,2.12,19.49,97.54000091552734,10386.1796875,0.7450000000000001,28776.413
2019-08-08,31.42099952697754,1.375,984.12,2.12,16.91,97.62000274658203,10494.490234375,0.7450000000000001,28776.413
2019-08-12,31.365999221801758,1.375,984.12,2.12,21.09,97.37999725341797,10472.3603515625,0.7450000000000001,28776.413
2019-08-13,31.42799949645996,1.375,984.12,2.12,17.52,97.80999755859375,10362.66015625,0.7450000000000001,28776.413
2019-08-14,31.0939998626709,1.375,984.12,2.12,22.1,97.98999786376953,10427.73046875,0.7450000000000001,28776.413
2019-08-15,31.357999801635742,1.375,984.12,2.13,21.18,98.13999938964844,10327.1298828125,0.7549999999999999,28776.413
2019-08-16,31.22800064086914,1.375,984.12,2.13,18.47,98.13999938964844,10420.8896484375,0.7549999999999999,28776.413
2019-08-19,31.301000595092773,1.375,984.12,2.13,16.88,98.3499984741211,10488.75,0.7549999999999999,28776.413
2019-08-20,31.350000381469727,1.375,984.12,2.13,17.5,98.19000244140625,10522.5,0.7549999999999999,28776.413
2019-08-21,31.312000274658203,1.375,984.12,2.12,15.8,98.30000305175781,10525.7998046875,0.7450000000000001,28776.413
2019-08-22,31.281999588012695,1.375,984.12,2.12,16.68,98.16999816894531,10529.7802734375,0.7450000000000001,28776.413
2019-08-23,31.302000045776367,1.375,984.12,2.12,19.87,97.63999938964844,10538.1103515625,0.7450000000000001,28776.413
2019-08-26,31.41900062561035,1.375,984.12,2.12,19.32,98.08000183105469,10354.5703125,0.7450000000000001,28776.413
2019-08-27,31.374000549316406,1.375,984.12,2.12,20.31,98.0,10387.23046875,0.7450000000000001,28776.413
2019-08-28,31.327999114990234,1.375,984.12,2.12,19.35,98.20999908447266,10434.2900390625,0.7450000000000001,28776.413
2019-08-29,31.40399932861328,1.375,984.12,2.12,17.88,98.51000213623047,10462.4296875,0.7450000000000001,28776.413
2019-08-30,31.270999908447266,1.375,984.12,2.13,18.98,98.91999816894531,10618.0498046875,0.7549999999999999,28776.413
2019-09-03,31.361000061035156,1.375,984.12,2.13,19.66,98.94999694824219,10558.2099609375,0.7549999999999999,28084.066
2019-09-04,31.35099983215332,1.375,984.12,2.13,17.33,98.44999694824219,10657.3095703125,0.7549999999999999,28084.066
2019-09-05,31.167999267578125,1.375,984.12,2.13,16.27,98.41000366210938,10756.9296875,0.7549999999999999,28084.066
2019-09-06,31.170000076293945,1.375,984.12,2.12,15.0,98.38999938964844,10780.6396484375,0.7450000000000001,28084.066
2019-09-10,31.174999237060547,1.375,984.12,2.13,15.2,98.33000183105469,10753.580078125,0.7549999999999999,28084.066
2019-09-11,31.084999084472656,1.375,984.12,2.13,14.61,98.6500015258789,10790.349609375,0.7549999999999999,28084.066
2019-09-12,31.03499984741211,1.375,984.12,2.13,14.22,98.30999755859375,10827.5498046875,0.7549999999999999,28084.066
2019-09-16,30.915000915527344,1.375,984.12,2.25,14.67,98.6500015258789,10898.1298828125,0.875,28084.066
2019-09-17,30.886999130249023,1.375,984.12,2.3,14.44,98.26000213623047,10874.5,0.9249999999999998,28084.066
2019-09-18,30.849000930786133,1.375,984.12,2.25,13.95,98.5999984741211,10929.4501953125,0.875,28084.066
2019-09-19,30.961999893188477,1.375,984.12,1.9,14.05,98.2699966430664,10894.7001953125,0.5249999999999999,28084.066
2019-09-20,30.864999771118164,1.375,984.12,1.9,15.32,98.51000213623047,10929.6904296875,0.5249999999999999,28084.066
2019-09-23,30.98699951171875,1.375,984.12,1.9,14.91,98.5999984741211,10919.01953125,0.5249999999999999,28084.066
2019-09-24,30.940000534057617,1.375,984.12,1.9,17.05,98.33999633789062,10918.009765625,0.5249999999999999,28084.066
2019-09-25,30.924999237060547,1.375,984.12,1.9,15.96,99.04000091552734,10873.6904296875,0.5249999999999999,28084.066
2019-09-26,30.94700050354004,1.375,-737.06,1.85,16.07,99.20999908447266,10871.990234375,0.4750000000000001,28084.066
2019-09-27,30.93000030517578,1.375,-737.06,1.83,17.22,99.11000061035156,10829.6796875,0.45500000000000007,28084.066
2019-10-01,31.034000396728516,1.375,-737.06,1.88,18.56,99.12999725341797,10967.650390625,0.5049999999999999,28973.652
2019-10-02,31.02400016784668,1.375,-737.06,1.85,20.56,99.04000091552734,10947.8798828125,0.4750000000000001,28973.652
2019-10-03,31.05500030517578,1.375,-737.06,1.83,19.12,98.86000061035156,10875.91015625,0.45500000000000007,28973.652
2019-10-04,30.915000915527344,1.375,-918.17,1.82,17.04,98.80999755859375,10894.48046875,0.44500000000000006,28973.652
2019-10-07,30.847999572753906,1.375,-918.17,1.82,17.86,98.98999786376953,10935.0595703125,0.44500000000000006,28973.652
2019-10-08,30.785999298095703,1.375,-918.17,1.82,20.28,99.13999938964844,11017.3095703125,0.44500000000000006,28973.652
2019-10-09,30.739999771118164,1.375,-918.17,1.82,18.64,99.12000274658203,10889.9599609375,0.44500000000000006,28973.652
2019-10-14,30.625999450683594,1.375,-918.17,1.82,14.57,98.44999694824219,11066.9501953125,0.44500000000000006,28973.652
2019-10-15,30.5939998626709,1.375,-918.17,1.9,13.54,98.29000091552734,11111.7998046875,0.5249999999999999,28973.652
2019-10-16,30.481000900268555,1.375,-918.17,1.9,13.68,98.01000213623047,11162.830078125,0.5249999999999999,28973.652
2019-10-17,30.510000228881836,1.375,-918.17,1.85,13.79,97.61000061035156,11186.8798828125,0.4750000000000001,28973.652
2019-10-18,30.60700035095215,1.375,-918.17,1.85,14.25,97.27999877929688,11180.2197265625,0.4750000000000001,28973.652
2019-10-21,30.53700065612793,1.375,-918.17,1.85,14.0,97.33000183105469,11184.150390625,0.4750000000000001,28973.652
2019-10-22,30.518999099731445,1.375,-918.17,1.85,14.46,97.52999877929688,11271.25,0.4750000000000001,28973.652
2019-10-23,30.459999084472656,1.375,-918.17,1.85,14.01,97.47000122070312,11239.669921875,0.4750000000000001,28973.652
2019-10-24,30.573999404907227,1.375,-918.17,1.85,13.71,97.62999725341797,11320.1396484375,0.4750000000000001,28973.652
2019-10-25,30.493000030517578,1.375,-918.17,1.83,12.65,97.83000183105469,11296.1201171875,0.45500000000000007,28973.652
2019-10-28,30.562000274658203,1.375,-918.17,1.83,13.11,97.76000213623047,11315.01953125,0.45500000000000007,28973.652
2019-10-29,30.527000427246094,1.375,-918.17,1.82,13.2,97.69000244140625,11333.8701171875,0.44500000000000006,28973.652
2019-10-30,30.39900016784668,1.375,-918.17,1.82,12.33,97.6500015258789,11380.2802734375,0.44500000000000006,28973.652
2019-10-31,30.21500015258789,1.375,-918.17,1.58,13.22,97.3499984741211,11358.7099609375,0.20500000000000007,28973.652
2019-11-01,30.483999252319336,1.375,-918.17,1.57,12.3,97.23999786376953,11399.5302734375,0.19500000000000006,28554.232
2019-11-04,30.434999465942383,1.375,-918.17,1.56,12.83,97.51000213623047,11556.849609375,0.18500000000000005,28554.232
2019-11-05,30.32699966430664,1.375,-918.17,1.56,13.1,97.9800033569336,11644.0302734375,0.18500000000000005,28554.232
2019-11-06,30.309999465942383,1.375,-918.17,1.55,12.62,97.94999694824219,11653.0703125,0.17500000000000004,28554.232
2019-11-07,30.371000289916992,1.375,-918.17,1.55,12.73,98.13999938964844,11606.5595703125,0.17500000000000004,28554.232
2019-11-08,30.246999740600586,1.375,-918.17,1.55,12.07,98.3499984741211,11579.5400390625,0.17500000000000004,28554.232
2019-11-11,30.381000518798828,1.375,-918.17,1.55,12.69,98.19999694824219,11427.2802734375,0.17500000000000004,28554.232
2019-11-12,30.41200065612793,1.375,-918.17,1.55,12.68,98.30999755859375,11520.3701171875,0.17500000000000004,28554.232
2019-11-13,30.3799991607666,1.375,-918.17,1.55,13.0,98.37000274658203,11467.830078125,0.17500000000000004,28554.232
2019-11-14,30.458999633789062,1.375,-918.17,1.55,13.05,98.16000366210938,11450.419921875,0.17500000000000004,28554.232
2019-11-15,30.430999755859375,1.375,-918.17,1.55,12.05,98.0,11525.599609375,0.17500000000000004,28554.232
2019-11-18,30.489999771118164,1.375,-918.17,1.55,12.46,97.79000091552734,11599.7802734375,0.17500000000000004,28554.232
2019-11-19,30.43899917602539,1.375,-918.17,1.55,12.86,97.86000061035156,11656.400390625,0.17500000000000004,28554.232
2019-11-20,30.434999465942383,1.375,-918.17,1.55,12.78,97.93000030517578,11631.2001953125,0.17500000000000004,28554.232
2019-11-21,30.447999954223633,1.375,-918.17,1.55,13.13,97.98999786376953,11558.26953125,0.17500000000000004,28554.232
2019-11-22,30.44700050354004,1.375,-125.81,1.55,12.34,98.2699966430664,11566.7998046875,0.17500000000000004,28554.232
2019-11-25,30.55900001525879,1.375,-125.81,1.55,11.87,98.31999969482422,11561.580078125,0.17500000000000004,28554.232
2019-11-26,30.451000213623047,1.375,580.58,1.55,11.54,98.25,11576.8203125,0.17500000000000004,28554.232
2019-11-27,30.440000534057617,1.375,580.58,1.55,11.75,98.41000366210938,11647.4599609375,0.17500000000000004,28554.232
2019-11-29,30.423999786376953,1.375,580.58,1.56,12.62,98.2699966430664,11489.5703125,0.18500000000000005,28554.232
2019-12-02,30.52899932861328,1.375,580.58,1.56,14.91,97.86000061035156,11502.830078125,0.18500000000000005,29474.134
2019-12-03,30.43400001525879,1.375,580.58,1.55,15.96,97.73999786376953,11531.580078125,0.17500000000000004,29474.134
2019-12-04,30.44499969482422,1.375,580.58,1.55,14.8,97.6500015258789,11510.4697265625,0.17500000000000004,29474.134
2019-12-05,30.468000411987305,1.375,580.58,1.55,14.52,97.41000366210938,11594.650390625,0.17500000000000004,29474.134
2019-12-06,30.413999557495117,1.375,580.58,1.55,13.62,97.69999694824219,11609.6396484375,0.17500000000000004,29474.134
2019-12-09,30.422000885009766,1.375,580.58,1.55,15.86,97.63999938964844,11660.76953125,0.17500000000000004,29474.134
2019-12-10,30.39699935913086,1.375,580.58,1.55,15.68,97.41000366210938,11627.83984375,0.17500000000000004,29474.134
2019-12-11,30.45199966430664,1.375,580.58,1.55,14.99,97.16000366210938,11700.76953125,0.17500000000000004,29474.134
2019-12-12,30.344999313354492,1.375,580.58,1.55,13.94,97.4000015258789,11836.419921875,0.17500000000000004,29474.134
2019-12-13,30.187000274658203,1.375,580.58,1.55,12.63,97.16999816894531,11927.73046875,0.17500000000000004,29474.134
2019-12-16,30.219999313354492,1.375,580.58,1.56,12.14,97.06999969482422,11939.76953125,0.18500000000000005,29474.134
2019-12-17,30.097000122070312,1.375,580.58,1.55,12.29,97.20999908447266,12097.009765625,0.17500000000000004,29474.134
2019-12-18,30.01799964904785,1.375,580.58,1.55,12.58,97.41000366210938,12122.4501953125,0.17500000000000004,29474.134
2019-12-19,30.03499984741211,1.375,580.58,1.55,12.5,97.41999816894531,12018.900390625,0.17500000000000004,29474.134
2019-12-20,30.14900016784668,1.375,580.58,1.55,12.51,97.70999908447266,11959.080078125,0.17500000000000004,29474.134
2019-12-23,30.125,1.375,580.58,1.55,12.61,97.66000366210938,12022.23046875,0.17500000000000004,29474.134
2019-12-24,30.138999938964844,1.375,580.58,1.55,12.67,97.6500015258789,11976.3798828125,0.17500000000000004,29474.134
2019-12-26,29.899999618530273,1.375,29.6,1.55,12.65,97.58999633789062,12001.009765625,0.17500000000000004,29474.134
2019-12-27,30.076000213623047,1.375,29.6,1.55,13.43,96.91999816894531,12091.58984375,0.17500000000000004,29474.134
2019-12-30,30.08300018310547,1.375,29.6,1.55,14.82,96.73999786376953,12053.3701171875,0.17500000000000004,29474.134
2019-12-31,30.073999404907227,1.375,29.6,1.55,13.78,96.38999938964844,11997.1396484375,0.17500000000000004,29474.134
2020-01-02,29.8439998626709,1.375,29.6,1.55,12.47,96.8499984741211,12100.48046875,0.17500000000000004,25045.852
2020-01-03,29.899999618530273,1.375,-193.66,1.55,14.02,96.83999633789062,12110.4296875,0.17500000000000004,25045.852
2020-01-06,30.03499984741211,1.375,-193.66,1.55,13.85,96.66999816894531,11953.3603515625,0.17500000000000004,25045.852
2020-01-07,30.047000885009766,1.375,-193.66,1.55,13.79,96.9800033569336,11880.3203125,0.17500000000000004,25045.852
2020-01-08,29.985000610351562,1.375,-686.14,1.55,13.45,97.30000305175781,11817.099609375,0.17500000000000004,25045.852
2020-01-09,30.010000228881836,1.375,-686.14,1.55,12.54,97.44999694824219,11970.6298828125,0.17500000000000004,25045.852
2020-01-10,29.94300079345703,1.375,-686.14,1.54,12.56,97.36000061035156,12024.650390625,0.16500000000000004,25045.852
2020-01-13,29.961999893188477,1.375,-686.14,1.54,12.32,97.3499984741211,12113.419921875,0.16500000000000004,25045.852
2020-01-14,29.874000549316406,1.375,-686.14,1.54,12.39,97.37000274658203,12179.8095703125,0.16500000000000004,25045.852
2020-01-15,29.826000213623047,1.375,-686.14,1.54,12.42,97.2300033569336,12091.8798828125,0.16500000000000004,25045.852
2020-01-16,29.933000564575195,1.375,-686.14,1.54,12.32,97.31999969482422,12066.9296875,0.16500000000000004,25045.852
2020-01-17,29.89900016784668,1.375,-686.14,1.55,12.1,97.61000061035156,12090.2900390625,0.17500000000000004,25045.852
2020-01-30,30.090999603271484,1.375,-686.14,1.6,15.49,97.87000274658203,11421.740234375,0.2250000000000001,25045.852
2020-01-31,30.204999923706055,1.375,-686.14,1.59,18.84,97.38999938964844,11495.099609375,0.21500000000000008,25045.852
2020-02-03,30.34600067138672,1.375,-686.14,1.59,17.97,97.80000305175781,11354.919921875,0.21500000000000008,25339.624
2020-02-04,30.239999771118164,1.375,-686.14,1.59,16.05,97.95999908447266,11555.919921875,0.21500000000000008,25339.624
2020-02-05,30.027999877929688,1.375,-659.31,1.59,15.15,98.2699966430664,11573.6201171875,0.21500000000000008,25339.624
2020-02-06,29.951000213623047,1.375,-659.31,1.59,14.96,98.5,11749.6796875,0.21500000000000008,25339.624
2020-02-07,30.030000686645508,1.375,-659.31,1.58,15.47,98.68000030517578,11612.8095703125,0.20500000000000007,25339.624
2020-02-10,30.177000045776367,1.375,-659.31,1.58,15.04,98.83000183105469,11574.0703125,0.20500000000000007,25339.624
2020-02-11,30.025999069213867,1.375,-659.31,1.58,15.18,98.72000122070312,11664.0400390625,0.20500000000000007,25339.624
2020-02-12,29.948999404907227,1.375,-659.31,1.58,13.74,99.05000305175781,11774.1904296875,0.20500000000000007,25339.624
2020-02-13,29.90999984741211,1.375,-659.31,1.58,14.15,99.06999969482422,11791.7802734375,0.20500000000000007,25339.624
2020-02-14,29.985000610351562,1.375,-659.31,1.58,13.68,99.12000274658203,11815.7001953125,0.20500000000000007,25339.624
2020-02-18,30.016000747680664,1.375,-659.31,1.59,14.83,99.45999908447266,11648.98046875,0.21500000000000008,25339.624
2020-02-19,30.05500030517578,1.375,-659.31,1.59,14.38,99.5999984741211,11758.83984375,0.21500000000000008,25339.624
2020-02-20,30.17099952697754,1.375,-659.31,1.59,15.56,99.87000274658203,11725.08984375,0.21500000000000008,25339.624
2020-02-21,30.225000381469727,1.375,-659.31,1.58,17.08,99.26000213623047,11686.349609375,0.20500000000000007,25339.624
2020-02-24,30.386999130249023,1.375,-659.31,1.58,25.03,99.29000091552734,11534.8701171875,0.20500000000000007,25339.624
2020-02-25,30.341999053955078,1.375,-659.31,1.58,27.85,98.97000122070312,11540.23046875,0.20500000000000007,25339.624
2020-02-26,30.413000106811523,1.375,-659.31,1.58,27.56,99.0,11433.6201171875,0.20500000000000007,25339.624
2020-02-27,30.20800018310547,1.375,-659.31,1.58,39.16,98.44000244140625,11292.169921875,0.20500000000000007,25339.624
2020-03-02,30.124000549316406,1.375,-659.31,1.59,33.42,97.36000061035156,11170.4599609375,0.21500000000000008,28237.554
2020-03-03,29.80500030517578,1.375,-659.31,1.59,36.82,97.1500015258789,11327.7197265625,0.21500000000000008,28237.554
2020-03-04,29.770000457763672,1.375,-659.31,1.09,31.99,97.33999633789062,11392.349609375,-0.2849999999999999,28237.554
2020-03-05,29.75,1.375,-872.38,1.09,39.62,96.81999969482422,11514.8203125,-0.2849999999999999,28237.554
2020-03-06,29.884000778198242,1.375,-872.38,1.09,41.94,95.94999694824219,11321.8095703125,-0.2849999999999999,28237.554
2020-03-09,29.900999069213867,1.375,-872.38,1.09,54.46,94.9000015258789,10977.6396484375,-0.2849999999999999,28237.554
2020-03-10,29.985000610351562,1.375,-872.38,1.09,47.3,96.41000366210938,11003.5400390625,-0.2849999999999999,28237.554
2020-03-11,29.739999771118164,1.375,-872.38,1.09,53.9,96.51000213623047,10893.75,-0.2849999999999999,28237.554
2020-03-12,30.069000244140625,1.375,-872.38,1.1,75.47,97.47000122070312,10422.3203125,-0.2749999999999999,28237.554
2020-03-13,29.947999954223633,1.375,-872.38,1.1,57.83,98.75,10128.8701171875,-0.2749999999999999,28237.554
2020-03-16,30.10700035095215,1.375,-872.38,0.25,82.69,98.08999633789062,9717.76953125,-1.125,28237.554
2020-03-17,30.236000061035156,1.375,-872.38,0.25,75.91,99.58000183105469,9439.6298828125,-1.125,28237.554
2020-03-18,30.030000686645508,1.375,-872.38,0.25,76.45,101.16000366210938,9218.669921875,-1.125,28237.554
2020-03-19,30.125,1.375,-872.38,0.2,72.0,102.76000213623047,8681.33984375,-1.175,28237.554
2020-03-20,30.320999145507812,1.125,-872.38,0.15,66.04,102.81999969482422,9234.08984375,-0.975,28237.554
2020-03-23,30.268999099731445,1.125,-872.38,0.15,61.59,102.48999786376953,8890.0302734375,-0.975,28237.554
2020-03-24,30.215999603271484,1.125,-872.38,0.12,61.67,101.73999786376953,9285.6201171875,-1.005,28237.554
2020-03-25,30.145000457763672,1.125,-872.38,0.1,63.95,101.05000305175781,9644.75,-1.025,28237.554
2020-03-26,30.253000259399414,1.125,-872.38,0.1,61.0,99.41999816894531,9736.3603515625,-1.025,28237.554
2020-03-27,30.131000518798828,1.125,-872.38,0.1,65.54,98.37000274658203,9698.919921875,-1.025,28237.554
2020-03-30,30.16699981689453,1.125,-872.38,0.09,57.08,99.18000030517578,9629.4296875,-1.035,28237.554
2020-03-31,30.030000686645508,1.125,-872.38,0.08,53.54,99.05000305175781,9708.0595703125,-1.045,28237.554
2020-04-01,30.229999542236328,1.125,-872.38,0.06,57.06,99.66999816894531,9663.6298828125,-1.065,25217.32
2020-04-06,30.25,1.125,-872.38,0.05,45.24,100.69000244140625,9818.740234375,-1.075,25217.32
2020-04-07,30.079999923706055,1.125,-872.38,0.05,46.7,99.9800033569336,9996.3896484375,-1.075,25217.32
2020-04-08,30.097000122070312,1.125,737.24,0.05,43.35,100.12000274658203,10137.4697265625,-1.075,25217.32
2020-04-09,30.066999435424805,1.125,737.24,0.05,41.67,99.5199966430664,10119.4296875,-1.075,25217.32
2020-04-13,30.025999069213867,1.125,-731.1,0.05,41.17,99.3499984741211,10099.2197265625,-1.075,25217.32
2020-04-14,29.850000381469727,1.125,-731.1,0.05,37.76,98.88999938964844,10332.9404296875,-1.075,25217.32
2020-04-15,30.020999908447266,1.125,-731.1,0.05,40.84,99.45999908447266,10447.2099609375,-1.075,25217.32
2020-04-16,29.905000686645508,1.125,-731.1,0.05,40.11,100.02999877929688,10375.48046875,-1.075,25217.32
2020-04-17,29.937000274658203,1.125,-731.1,0.05,38.15,99.77999877929688,10597.0400390625,-1.075,25217.32
2020-04-20,30.03499984741211,1.125,292.56,0.05,43.83,99.95999908447266,10586.7099609375,-1.075,25217.32
2020-04-21,30.030000686645508,1.125,292.56,0.05,45.41,100.26000213623047,10288.419921875,-1.075,25217.32
2020-04-22,30.09600067138672,1.125,292.56,0.05,41.98,100.38999938964844,10307.740234375,-1.075,25217.32
2020-04-23,30.054000854492188,1.125,292.56,0.04,41.38,100.43000030517578,10366.509765625,-1.085,25217.32
2020-04-24,29.854999542236328,1.125,292.56,0.05,35.93,100.37999725341797,10347.3603515625,-1.075,25217.32
2020-04-27,30.07900047302246,1.125,292.56,0.04,33.29,100.04000091552734,10567.26953125,-1.085,25217.32
2020-04-28,29.913000106811523,1.125,292.56,0.04,33.57,99.87000274658203,10616.0595703125,-1.085,25217.32
2020-04-29,29.80500030517578,1.125,292.56,0.04,31.23,99.56999969482422,10772.2197265625,-1.085,25217.32
2020-04-30,29.6299991607666,1.125,292.56,0.05,34.15,99.0199966430664,10992.1396484375,-1.075,25217.32
2020-05-04,29.89299964904785,1.125,292.56,0.05,35.97,99.4800033569336,10720.48046875,-1.075,26998.41
2020-05-05,29.610000610351562,1.125,292.56,0.05,33.61,99.70999908447266,10774.6103515625,-1.075,26998.41
2020-05-06,29.625,1.125,292.56,0.05,34.12,100.08999633789062,10774.98046875,-1.075,26998.41
2020-05-07,29.996999740600586,1.125,292.56,0.05,31.44,99.88999938964844,10842.919921875,-1.075,26998.41
2020-05-08,29.780000686645508,1.125,292.56,0.05,27.98,99.7300033569336,10901.419921875,-1.075,26998.41
2020-05-11,29.84000015258789,1.125,292.56,0.05,27.57,100.23999786376953,11013.259765625,-1.075,26998.41
2020-05-12,29.892000198364258,1.125,292.56,0.05,33.04,99.93000030517578,10879.4697265625,-1.075,26998.41
2020-05-13,29.788000106811523,1.125,292.56,0.05,35.28,100.23999786376953,10938.26953125,-1.075,26998.41
2020-05-14,29.892000198364258,1.125,292.56,0.05,32.61,100.47000122070312,10780.8798828125,-1.075,26998.41
2020-05-15,29.875999450683594,1.125,-413.3,0.05,31.89,100.4000015258789,10814.919921875,-1.075,26998.41
2020-05-18,29.95400047302246,1.125,-413.3,0.05,29.3,99.66999816894531,10740.5498046875,-1.075,26998.41
2020-05-19,29.940000534057617,1.125,-413.3,0.05,30.53,99.37000274658203,10860.4404296875,-1.075,26998.41
2020-05-20,29.844999313354492,1.125,-413.3,0.05,27.99,99.12000274658203,10907.7998046875,-1.075,26998.41
2020-05-21,29.8799991607666,1.125,-413.3,0.05,29.53,99.37000274658203,11008.3095703125,-1.075,26998.41
2020-05-22,29.875999450683594,1.125,-413.3,0.05,28.16,99.86000061035156,10811.150390625,-1.075,26998.41
2020-05-26,30.038000106811523,1.125,-413.3,0.05,28.01,98.91000366210938,10997.2099609375,-1.075,26998.41
2020-05-27,29.975000381469727,1.125,93.63,0.05,27.62,99.05999755859375,11014.66015625,-1.075,26998.41
2020-05-28,30.024999618530273,1.125,93.63,0.05,28.59,98.37999725341797,10944.1904296875,-1.075,26998.41
2020-05-29,29.90999984741211,1.125,93.63,0.05,27.51,98.33999633789062,10942.16015625,-1.075,26998.41
2020-06-01,29.944000244140625,1.125,93.63,0.05,28.23,97.83000183105469,11079.01953125,-1.075,27121.759
2020-06-02,29.83300018310547,1.125,972.38,0.06,26.84,97.66999816894531,11127.9296875,-1.065,27121.759
2020-06-03,29.8710994720459,1.125,972.38,0.06,25.66,97.27999877929688,11320.16015625,-1.065,27121.759
2020-06-04,29.857999801635742,1.125,972.38,0.06,25.81,96.68000030517578,11393.23046875,-1.065,27121.759
2020-06-05,29.845199584960938,1.125,972.38,0.07,24.52,96.94000244140625,11479.400390625,-1.055,27121.759
2020-06-08,29.71299934387207,1.125,972.38,0.07,25.81,96.62000274658203,11610.3203125,-1.055,27121.759
2020-06-09,29.649999618530273,1.125,972.38,0.07,27.57,96.31999969482422,11637.1103515625,-1.055,27121.759
2020-06-10,29.594999313354492,1.125,972.38,0.08,27.57,95.95999908447266,11720.16015625,-1.045,27121.759
2020-06-11,29.55299949645996,1.125,257.0,0.08,40.79,96.7300033569336,11535.76953125,-1.045,27121.759
2020-06-12,29.524999618530273,1.125,-464.53,0.08,36.09,97.31999969482422,11429.9404296875,-1.045,27121.759
2020-06-15,29.62809944152832,1.125,-464.53,0.09,34.4,96.68000030517578,11306.259765625,-1.035,27121.759
2020-06-16,29.479999542236328,1.125,-464.53,0.09,33.67,96.95999908447266,11511.6396484375,-1.035,27121.759
2020-06-17,29.485000610351562,1.125,-464.53,0.09,33.47,97.16000366210938,11534.58984375,-1.035,27121.759
2020-06-18,29.489999771118164,1.125,-464.53,0.09,32.94,97.41999816894531,11548.330078125,-1.035,27121.759
2020-06-19,29.5939998626709,1.125,-464.53,0.09,35.12,97.62000274658203,11549.8603515625,-1.035,27121.759
2020-06-22,29.583999633789062,1.125,-464.53,0.08,31.77,97.04000091552734,11572.9296875,-1.045,27121.759
2020-06-23,29.434999465942383,1.125,-464.53,0.08,31.37,96.69000244140625,11612.3603515625,-1.045,27121.759
2020-06-24,29.54800033569336,1.125,-464.53,0.08,33.84,97.1500015258789,11660.669921875,-1.045,27121.759
2020-06-29,29.52199935913086,1.125,-464.53,0.08,31.78,97.54000091552734,11542.6201171875,-1.045,27121.759
2020-06-30,29.411500930786133,1.125,-464.53,0.08,30.43,97.38999938964844,11621.240234375,-1.045,27121.759
2020-07-01,29.395999908447266,1.125,-464.53,0.08,28.62,97.19999694824219,11703.419921875,-1.045,28163.017
2020-07-02,29.42770004272461,1.125,-464.53,0.09,27.68,97.31999969482422,11805.1396484375,-1.035,28163.017
2020-07-06,29.451000213623047,1.125,-464.53,0.09,27.94,96.79000091552734,12116.7001953125,-1.035,28163.017
2020-07-07,29.40410041809082,1.125,-464.53,0.09,29.43,96.87999725341797,12092.9697265625,-1.035,28163.017
2020-07-08,29.479000091552734,1.125,-464.53,0.09,28.08,96.43000030517578,12170.1904296875,-1.035,28163.017
2020-07-09,29.340200424194336,1.125,-464.53,0.09,29.26,96.69999694824219,12192.6904296875,-1.035,28163.017
2020-07-10,29.329999923706055,1.125,-136.24,0.09,27.29,96.6500015258789,12073.6796875,-1.035,28163.017
2020-07-13,29.46299934387207,1.125,-136.24,0.09,32.19,96.45999908447266,12211.5595703125,-1.035,28163.017
2020-07-14,29.45599937438965,1.125,-136.24,0.09,29.52,96.26000213623047,12209.009765625,-1.035,28163.017
2020-07-15,29.387699127197266,1.125,-136.24,0.1,27.76,96.08000183105469,12202.849609375,-1.025,28163.017
2020-07-16,29.476999282836914,1.125,-136.24,0.1,28.0,96.3499984741211,12157.740234375,-1.025,28163.017
2020-07-17,29.36389923095703,1.125,740.4,0.09,25.68,95.94000244140625,12181.5595703125,-1.035,28163.017
2020-07-20,29.45400047302246,1.125,740.4,0.1,24.46,95.83000183105469,12174.5400390625,-1.025,28163.017
2020-07-21,29.44700050354004,1.125,740.4,0.1,24.84,95.12000274658203,12397.5498046875,-1.025,28163.017
2020-07-22,29.402000427246094,1.125,740.4,0.09,24.32,94.97000122070312,12473.26953125,-1.035,28163.017
2020-07-23,29.431699752807617,1.125,740.4,0.09,26.08,94.69000244140625,12413.0400390625,-1.035,28163.017
2020-07-24,29.426700592041016,1.125,740.4,0.09,25.84,94.44000244140625,12304.0400390625,-1.035,28163.017
2020-07-27,29.451000213623047,1.125,740.4,0.1,24.74,93.66999816894531,12588.2998046875,-1.025,28163.017
2020-07-28,29.18000030517578,1.125,740.4,0.1,25.44,93.76000213623047,12586.73046875,-1.025,28163.017
2020-07-29,29.312000274658203,1.125,740.4,0.1,24.1,93.26000213623047,12540.9697265625,-1.025,28163.017
2020-07-30,29.259000778198242,1.125,740.4,0.1,24.76,93.0199966430664,12722.919921875,-1.025,28163.017
2020-07-31,29.15999984741211,1.125,740.4,0.1,24.46,93.48999786376953,12664.7998046875,-1.025,28163.017
2020-08-03,29.309999465942383,1.125,740.4,0.1,24.28,93.5,12513.0302734375,-1.025,31158.476
2020-08-04,29.24799919128418,1.125,740.4,0.1,23.76,93.37999725341797,12709.919921875,-1.025,31158.476
2020-08-05,29.264999389648438,1.125,-519.1,0.1,22.99,92.83000183105469,12802.2998046875,-1.025,31158.476
2020-08-06,29.33810043334961,1.125,-519.1,0.1,22.65,92.79000091552734,12913.5,-1.025,31158.476
2020-08-07,29.36910057067871,1.125,-519.1,0.1,22.21,93.44000244140625,12828.8701171875,-1.025,31158.476
2020-08-10,29.42099952697754,1.125,-519.1,0.1,22.13,93.58000183105469,12894.0,-1.025,31158.476
2020-08-11,29.312999725341797,1.125,-519.1,0.1,24.03,93.62999725341797,12780.1904296875,-1.025,31158.476
2020-08-12,29.31800079345703,1.125,-519.1,0.1,22.28,93.44000244140625,12670.349609375,-1.025,31158.476
2020-08-13,29.296199798583984,1.125,-519.1,0.1,22.13,93.33999633789062,12763.1298828125,-1.025,31158.476
2020-08-14,29.338899612426758,1.125,-519.1,0.1,22.05,93.0999984741211,12795.4599609375,-1.025,31158.476
2020-08-17,29.381999969482422,1.125,-519.1,0.1,21.35,92.8499984741211,12956.1103515625,-1.025,31158.476
2020-08-18,29.3356990814209,1.125,-519.1,0.09,21.51,92.2699966430664,12872.1396484375,-1.035,31158.476
2020-08-19,29.354700088500977,1.125,-438.96,0.09,22.54,92.88999938964844,12778.6396484375,-1.035,31158.476
2020-08-20,29.416000366210938,1.125,-438.96,0.09,22.72,92.79000091552734,12362.6396484375,-1.035,31158.476
2020-08-21,29.320999145507812,1.125,-438.96,0.09,22.54,93.25,12607.83984375,-1.035,31158.476
2020-08-24,29.392000198364258,1.125,-438.96,0.09,22.37,93.30000305175781,12647.1298828125,-1.035,31158.476
2020-08-25,29.290000915527344,1.125,-438.96,0.09,22.03,93.0199966430664,12758.25,-1.035,31158.476
2020-08-26,29.290000915527344,1.125,-438.96,0.09,23.27,93.01000213623047,12833.2900390625,-1.035,31158.476
2020-08-27,29.281700134277344,1.125,-438.96,0.08,24.47,93.01000213623047,12797.3095703125,-1.045,31158.476
2020-08-28,29.323200225830078,1.125,-438.96,0.09,22.96,92.37000274658203,12728.849609375,-1.035,31158.476
2020-08-31,29.331499099731445,1.125,-438.96,0.09,26.41,92.13999938964844,12591.4501953125,-1.035,31158.476
2020-09-01,29.308000564575195,1.125,-438.96,0.09,26.12,92.33999633789062,12703.2802734375,-1.035,30702.877
2020-09-02,29.303499221801758,1.125,-438.96,0.09,26.57,92.8499984741211,12699.5,-1.035,30702.877
2020-09-03,29.29290008544922,1.125,-438.96,0.09,33.6,92.73999786376953,12757.9697265625,-1.035,30702.877
2020-09-04,29.27899932861328,1.125,-438.96,0.09,30.75,92.72000122070312,12637.9501953125,-1.035,30702.877
2020-09-08,29.305200576782227,1.125,-438.96,0.09,31.46,93.4800033569336,12663.5595703125,-1.035,30702.877
2020-09-09,29.246999740600586,1.125,-438.96,0.09,28.81,93.26000213623047,12608.580078125,-1.035,30702.877
2020-09-10,29.2810001373291,1.125,-438.96,0.09,29.71,93.33999633789062,12691.75,-1.035,30702.877
2020-09-11,29.268600463867188,1.125,-438.96,0.09,26.87,93.33000183105469,12675.9501953125,-1.035,30702.877
2020-09-14,29.281999588012695,1.125,-438.96,0.09,25.85,93.06999969482422,12787.8203125,-1.035,30702.877
2020-09-15,29.12299919128418,1.125,-438.96,0.09,25.59,93.05000305175781,12845.650390625,-1.035,30702.877
2020-09-16,29.19499969482422,1.125,-438.96,0.09,26.04,93.20999908447266,12976.759765625,-1.035,30702.877
2020-09-17,29.18000030517578,1.125,-438.96,0.09,26.46,92.97000122070312,12872.740234375,-1.035,30702.877
2020-09-18,29.122100830078125,1.125,-438.96,0.09,25.83,92.93000030517578,12875.6201171875,-1.035,30702.877
2020-09-21,29.0049991607666,1.125,-438.96,0.09,27.78,93.54000091552734,12795.1201171875,-1.035,30702.877
2020-09-22,28.968700408935547,1.125,-438.96,0.09,26.86,93.98999786376953,12645.509765625,-1.035,30702.877
2020-09-23,29.033000946044922,1.125,-438.96,0.09,28.58,94.38999938964844,12583.8798828125,-1.035,30702.877
2020-09-24,29.19230079650879,1.125,-438.96,0.09,28.51,94.3499984741211,12264.3798828125,-1.035,30702.877
2020-09-25,29.26409912109375,1.125,-376.57,0.09,26.38,94.58000183105469,12232.91015625,-1.035,30702.877
2020-09-28,29.251800537109375,1.125,-376.57,0.09,26.19,94.26000213623047,12462.759765625,-1.035,30702.877
2020-09-29,29.100000381469727,1.125,-376.57,0.09,26.27,93.88999938964844,12467.73046875,-1.035,30702.877
2020-09-30,28.889999389648438,1.125,-376.57,0.09,26.37,93.88999938964844,12515.6103515625,-1.035,30702.877
2020-10-05,28.920000076293945,1.125,277.93,0.09,27.96,93.51000213623047,12548.2802734375,-1.035,32215.149
2020-10-06,28.7052001953125,1.125,277.93,0.09,29.48,93.83000183105469,12704.23046875,-1.035,32215.149
2020-10-07,28.80699920654297,1.125,277.93,0.09,28.06,93.62999725341797,12746.3701171875,-1.035,32215.149
2020-10-08,28.613000869750977,1.125,277.93,0.09,26.36,93.61000061035156,12887.1904296875,-1.035,32215.149
2020-10-12,28.60099983215332,1.125,277.93,0.09,25.07,93.06999969482422,12955.91015625,-1.035,32215.149
2020-10-13,28.610000610351562,1.125,209.03,0.09,26.07,93.52999877929688,12947.1298828125,-1.035,32215.149
2020-10-14,28.835599899291992,1.125,209.03,0.09,26.4,93.37999725341797,12919.3095703125,-1.035,32215.149
2020-10-15,28.718000411987305,1.125,209.03,0.09,26.97,93.86000061035156,12827.8203125,-1.035,32215.149
2020-10-16,28.732999801635742,1.125,209.03,0.09,27.41,93.68000030517578,12750.3701171875,-1.035,32215.149
2020-10-19,28.77199935913086,1.125,209.03,0.09,29.18,93.43000030517578,12908.33984375,-1.035,32215.149
2020-10-20,28.713300704956055,1.125,209.03,0.09,29.35,93.06999969482422,12862.3701171875,-1.035,32215.149
2020-10-21,28.523000717163086,1.125,-482.56,0.09,28.65,92.61000061035156,12877.25,-1.035,32215.149
2020-10-22,28.676000595092773,1.125,-482.56,0.09,28.11,92.94999694824219,12917.0302734375,-1.035,32215.149
2020-10-23,28.680999755859375,1.125,-482.56,0.09,27.55,92.7699966430664,12898.8203125,-1.035,32215.149
2020-10-26,28.58300018310547,1.125,-220.84,0.09,32.46,93.05000305175781,12909.0302734375,-1.035,32215.149
2020-10-27,28.596799850463867,1.125,-220.84,0.09,33.35,92.94000244140625,12875.009765625,-1.035,32215.149
2020-10-28,28.573999404907227,1.125,-220.84,0.09,40.28,93.41000366210938,12793.75,-1.035,32215.149
2020-10-29,28.58300018310547,1.125,-220.84,0.09,37.59,93.95999908447266,12662.91015625,-1.035,32215.149
2020-10-30,28.3656005859375,1.125,-220.84,0.09,38.02,94.04000091552734,12546.33984375,-1.035,32215.149
2020-11-02,28.583599090576172,1.125,-220.84,0.09,37.13,94.05000305175781,12591.3095703125,-1.035,31935.76
2020-11-03,28.558300018310547,1.125,-220.84,0.09,35.55,93.55000305175781,12736.009765625,-1.035,31935.76
2020-11-04,28.594600677490234,1.125,-220.84,0.09,29.57,93.41000366210938,12867.900390625,-1.035,31935.76
2020-11-05,28.551700592041016,1.125,-220.84,0.09,27.58,92.52999877929688,12918.7998046875,-1.035,31935.76
2020-11-06,28.531299591064453,1.125,-220.84,0.09,24.86,92.2300033569336,12973.5302734375,-1.035,31935.76
2020-11-09,28.575000762939453,1.125,-220.84,0.09,25.75,92.7300033569336,13127.4697265625,-1.035,31935.76
2020-11-10,28.62540054321289,1.125,-220.84,0.09,24.8,92.75,13081.7197265625,-1.035,31935.76
2020-11-11,28.587099075317383,1.125,-220.84,0.09,23.45,93.04000091552734,13262.1904296875,-1.035,31935.76
2020-11-12,28.508699417114258,1.125,-220.84,0.09,25.35,92.95999908447266,13221.7802734375,-1.035,31935.76
2020-11-13,28.43199920654297,1.125,-220.84,0.09,23.1,92.76000213623047,13273.330078125,-1.035,31935.76
2020-11-16,28.479999542236328,1.125,-220.84,0.09,22.45,92.56999969482422,13551.830078125,-1.035,31935.76
2020-11-17,28.515100479125977,1.125,-220.84,0.09,22.71,92.41999816894531,13593.009765625,-1.035,31935.76
2020-11-18,28.500999450683594,1.125,-220.84,0.09,23.84,92.31999969482422,13773.2900390625,-1.035,31935.76
2020-11-19,28.530000686645508,1.125,-220.84,0.08,23.11,92.29000091552734,13722.4296875,-1.045,31935.76
2020-11-20,28.48699951171875,1.125,-220.84,0.08,23.7,92.38999938964844,13716.4404296875,-1.045,31935.76
2020-11-23,28.52630043029785,1.125,-220.84,0.08,22.66,92.51000213623047,13878.009765625,-1.045,31935.76
2020-11-24,28.517900466918945,1.125,-220.84,0.08,21.64,92.2300033569336,13807.1298828125,-1.045,31935.76
2020-11-25,28.46739959716797,1.125,-220.84,0.08,21.25,91.98999786376953,13738.830078125,-1.045,31935.76
2020-11-27,28.509700775146484,1.125,-220.84,0.08,20.84,91.79000091552734,13867.08984375,-1.045,31935.76
2020-11-30,28.51799964904785,1.125,-220.84,0.09,20.57,91.87000274658203,13722.8896484375,-1.035,31935.76
2020-12-01,28.516700744628906,1.125,-220.84,0.09,20.77,91.30999755859375,13885.669921875,-1.035,32990.146
2020-12-02,28.472999572753906,1.125,-671.14,0.09,21.17,91.12000274658203,13989.1396484375,-1.035,32990.146
2020-12-03,28.44099998474121,1.125,-671.14,0.09,21.28,90.70999908447266,13977.08984375,-1.035,32990.146
2020-12-04,28.3882999420166,1.125,-671.14,0.09,20.79,90.69999694824219,14132.4404296875,-1.035,32990.146
2020-12-07,28.215999603271484,1.125,-671.14,0.09,21.3,90.79000091552734,14256.599609375,-1.035,32990.146
2020-12-08,28.0,1.125,-671.14,0.09,20.68,90.97000122070312,14360.400390625,-1.035,32990.146
2020-12-09,28.22570037841797,1.125,-892.0,0.09,22.27,91.08999633789062,14390.1396484375,-1.035,32990.146
2020-12-10,28.243000030517578,1.125,-892.0,0.09,22.52,90.79000091552734,14249.490234375,-1.035,32990.146
2020-12-11,28.18670082092285,1.125,-859.05,0.09,23.31,90.9800033569336,14261.6904296875,-1.035,32990.146
2020-12-14,28.18199920654297,1.125,-859.05,0.09,24.72,90.70999908447266,14211.0498046875,-1.035,32990.146
2020-12-15,28.11199951171875,1.125,-859.05,0.09,22.89,90.47000122070312,14068.51953125,-1.035,32990.146
2020-12-16,28.097999572753906,1.125,-859.05,0.09,22.5,90.44999694824219,14304.4599609375,-1.035,32990.146
2020-12-17,28.115299224853516,1.125,-859.05,0.09,21.93,89.81999969482422,14258.9296875,-1.035,32990.146
2020-12-18,28.128000259399414,1.125,335.16,0.09,21.57,90.0199966430664,14249.9599609375,-1.035,32990.146
2020-12-21,28.16900062561035,1.125,335.16,0.09,25.16,90.04000091552734,14384.9599609375,-1.035,32990.146
2020-12-22,28.139999389648438,1.125,335.16,0.09,24.23,90.6500015258789,14177.4599609375,-1.035,32990.146
2020-12-23,28.130800247192383,1.125,680.7,0.09,23.31,90.41000366210938,14223.08984375,-1.035,32990.146
2020-12-24,28.135000228881836,1.125,680.7,0.09,21.53,90.33000183105469,14280.2802734375,-1.035,32990.146
2020-12-28,27.93899917602539,1.125,680.7,0.09,21.7,90.33999633789062,14483.0703125,-1.035,32990.146
2020-12-29,28.10700035095215,1.125,-823.43,0.09,23.08,90.01000213623047,14472.0498046875,-1.035,32990.146
2020-12-30,28.12459945678711,1.125,-823.43,0.09,22.77,89.62999725341797,14687.7001953125,-1.035,32990.146
2020-12-31,28.06999969482422,1.125,-823.43,0.09,22.75,89.94000244140625,14732.5302734375,-1.035,32990.146
2021-01-04,28.054000854492188,1.125,-823.43,0.09,26.97,89.87999725341797,14902.0302734375,-1.035,34264.483
2021-01-05,28.10099983215332,1.125,-823.43,0.09,25.34,89.44000244140625,15000.0302734375,-1.035,34264.483
2021-01-06,27.954999923706055,1.125,69.36,0.09,25.07,89.52999877929688,14983.1298828125,-1.035,34264.483
2021-01-07,27.829999923706055,1.125,69.36,0.09,22.37,89.83000183105469,15214.0,-1.035,34264.483
2021-01-08,27.926799774169922,1.125,69.36,0.09,21.56,90.0999984741211,15463.9501953125,-1.035,34264.483
2021-01-11,28.017000198364258,1.125,-865.84,0.09,24.08,90.54000091552734,15557.2998046875,-1.035,34264.483
2021-01-12,28.020700454711914,1.125,-865.84,0.09,23.33,90.05000305175781,15500.7001953125,-1.035,34264.483
2021-01-13,27.97800064086914,1.125,-865.84,0.09,22.21,90.31999969482422,15769.98046875,-1.035,34264.483
2021-01-14,28.01799964904785,1.125,-865.84,0.09,23.25,90.23999786376953,15707.1904296875,-1.035,34264.483
2021-01-15,27.986900329589844,1.125,-865.84,0.09,24.34,90.77999877929688,15616.3896484375,-1.035,34264.483
2021-01-19,27.982200622558594,1.125,-909.24,0.09,23.24,90.5,15877.3701171875,-1.035,34264.483
2021-01-20,27.915000915527344,1.125,-909.24,0.09,21.58,90.47000122070312,15806.1796875,-1.035,34264.483
2021-01-21,27.889999389648438,1.125,-909.24,0.08,21.32,90.12999725341797,16153.76953125,-1.045,34264.483
2021-01-22,27.958799362182617,1.125,-909.24,0.08,21.91,90.23999786376953,16019.0302734375,-1.045,34264.483
2021-01-25,27.95159912109375,1.125,-909.24,0.08,23.19,90.38999938964844,15946.5400390625,-1.045,34264.483
2021-01-26,27.920000076293945,1.125,-909.24,0.08,23.02,90.16999816894531,15658.849609375,-1.045,34264.483
2021-01-27,27.917999267578125,1.125,-909.24,0.08,37.21,90.6500015258789,15701.4501953125,-1.045,34264.483
2021-01-28,27.933000564575195,1.125,-909.24,0.07,30.21,90.45999908447266,15415.8798828125,-1.055,34264.483
2021-01-29,27.932600021362305,1.125,-909.24,0.07,33.09,90.58000183105469,15138.3095703125,-1.055,34264.483
2021-02-01,28.000999450683594,1.125,-909.24,0.08,30.24,91.0199966430664,15410.08984375,-1.045,27790.942
2021-02-02,27.950300216674805,1.125,-909.24,0.08,25.56,91.19999694824219,15760.0498046875,-1.045,27790.942
2021-02-03,27.857999801635742,1.125,-757.79,0.08,22.91,91.12000274658203,15771.3203125,-1.045,27790.942
2021-02-04,27.86400032043457,1.125,-757.79,0.08,21.77,91.52999877929688,15706.2197265625,-1.045,27790.942
2021-02-05,27.90290069580078,1.125,-757.79,0.08,20.87,91.04000091552734,15802.400390625,-1.045,27790.942
2021-02-17,28.040000915527344,1.125,-757.79,0.08,21.5,90.94999694824219,16362.2900390625,-1.045,27790.942
2021-02-18,27.918699264526367,1.125,-757.79,0.07,22.49,90.58999633789062,16424.509765625,-1.055,27790.942
2021-02-19,27.86079978942871,1.125,-757.79,0.07,22.05,90.36000061035156,16341.3798828125,-1.055,27790.942
2021-02-22,27.907800674438477,1.125,-757.79,0.07,23.45,90.01000213623047,16410.16015625,-1.055,27790.942
2021-02-23,27.80940055847168,1.125,-757.79,0.07,23.11,90.16999816894531,16443.400390625,-1.055,27790.942
2021-02-24,27.850200653076172,1.125,-757.79,0.07,21.34,90.18000030517578,16212.5302734375,-1.055,27790.942
2021-02-25,27.649999618530273,1.125,-757.79,0.07,28.89,90.12999725341797,16452.1796875,-1.055,27790.942
2021-02-26,27.764999389648438,1.125,-757.79,0.07,27.95,90.93000030517578,15953.7998046875,-1.055,27790.942
2021-03-02,27.819000244140625,1.125,-757.79,0.07,24.1,90.79000091552734,15946.8798828125,-1.055,35872.429
2021-03-03,27.739999771118164,1.125,-757.79,0.07,26.67,90.94999694824219,16211.73046875,-1.055,35872.429
2021-03-04,27.719999313354492,1.125,-757.79,0.07,28.57,91.62999725341797,15906.41015625,-1.055,35872.429
2021-03-05,27.812999725341797,1.125,-757.79,0.07,24.66,91.9800033569336,15855.23046875,-1.055,35872.429
2021-03-08,27.927499771118164,1.125,-757.79,0.07,25.47,92.30999755859375,15820.1103515625,-1.055,35872.429
2021-03-09,28.283000946044922,1.125,-757.79,0.07,24.03,91.95999908447266,15853.08984375,-1.055,35872.429
2021-03-10,28.25200080871582,1.125,-757.79,0.07,22.56,91.79000091552734,15911.669921875,-1.055,35872.429
2021-03-11,28.20199966430664,1.125,-757.79,0.07,21.91,91.41999816894531,16179.5595703125,-1.055,35872.429
2021-03-12,28.000999450683594,1.125,-757.79,0.07,20.69,91.68000030517578,16255.1796875,-1.055,35872.429
2021-03-15,28.145700454711914,1.125,-757.79,0.07,20.03,91.83000183105469,16249.330078125,-1.055,35872.429
2021-03-16,28.176700592041016,1.125,-757.79,0.07,19.79,91.87000274658203,16313.16015625,-1.055,35872.429
2021-03-17,28.236499786376953,1.125,-757.79,0.07,19.23,91.4000015258789,16215.8203125,-1.055,35872.429
2021-03-18,28.217599868774414,1.125,-757.79,0.07,21.58,91.8499984741211,16287.83984375,-1.055,35872.429
2021-03-19,28.404699325561523,1.125,-757.79,0.07,20.95,91.91999816894531,16070.240234375,-1.055,35872.429
2021-03-22,28.38610076904297,1.125,-757.79,0.07,18.88,91.80000305175781,16189.2197265625,-1.055,35872.429
2021-03-23,28.3085994720459,1.125,-757.79,0.07,20.3,92.33999633789062,16177.58984375,-1.055,35872.429
2021-03-24,28.402999877929688,1.125,-757.79,0.07,21.2,92.52999877929688,16032.1201171875,-1.055,35872.429
2021-03-25,28.48069953918457,1.125,-757.79,0.07,19.81,92.87999725341797,16060.1396484375,-1.055,35872.429
2021-03-26,28.503299713134766,1.125,-757.79,0.07,18.86,92.7699966430664,16305.8798828125,-1.055,35872.429
2021-03-29,28.585500717163086,1.125,-757.79,0.07,20.74,92.94000244140625,16475.970703125,-1.055,35872.429
2021-03-30,28.52750015258789,1.125,-757.79,0.07,19.61,93.30000305175781,16554.900390625,-1.055,35872.429
2021-03-31,28.441099166870117,1.125,-757.79,0.06,19.4,93.2300033569336,16431.130859375,-1.065,35872.429
2021-04-01,28.374399185180664,1.125,-757.79,0.07,17.33,92.93000030517578,16571.279296875,-1.055,34900.871
2021-04-07,28.431800842285156,1.125,-757.79,0.07,17.16,92.45999908447266,16815.359375,-1.055,34900.871
2021-04-08,28.350400924682617,1.125,753.52,0.07,16.95,92.05999755859375,16926.439453125,-1.055,34900.871
2021-04-09,28.37070083618164,1.125,753.52,0.07,16.69,92.16000366210938,16854.099609375,-1.055,34900.871
2021-04-12,28.5,1.125,753.52,0.07,16.91,92.13999938964844,16859.69921875,-1.055,34900.871
2021-04-13,28.393600463867188,1.125,753.52,0.07,16.65,91.8499984741211,16824.91015625,-1.055,34900.871
2021-04-14,28.413700103759766,1.125,753.52,0.07,16.99,91.69000244140625,16865.970703125,-1.055,34900.871
2021-04-15,28.33370018005371,1.125,753.52,0.07,16.57,91.66999816894531,17076.73046875,-1.055,34900.871
2021-04-16,28.24530029296875,1.125,753.52,0.07,16.25,91.55999755859375,17158.810546875,-1.055,34900.871
2021-04-19,28.2549991607666,1.125,753.52,0.07,17.29,91.06999969482422,17263.279296875,-1.055,34900.871
2021-04-20,28.12700080871582,1.125,753.52,0.07,18.68,91.23999786376953,17323.869140625,-1.055,34900.871
2021-04-21,28.025999069213867,1.125,753.52,0.07,17.5,91.16000366210938,17202.109375,-1.055,34900.871
2021-04-22,27.979999542236328,1.125,753.52,0.07,18.71,91.33000183105469,17096.970703125,-1.055,34900.871
2021-04-23,28.086299896240234,1.125,753.52,0.07,17.33,90.86000061035156,17300.26953125,-1.055,34900.871
2021-04-26,28.031999588012695,1.125,753.52,0.07,17.64,90.80999755859375,17572.2890625,-1.055,34900.871
2021-04-27,27.808000564575195,1.125,753.52,0.07,17.56,90.91000366210938,17595.900390625,-1.055,34900.871
2021-04-28,27.897199630737305,1.125,753.52,0.07,17.28,90.61000061035156,17567.529296875,-1.055,34900.871
2021-04-29,27.783000946044922,1.125,753.52,0.06,17.61,90.61000061035156,17566.66015625,-1.065,34900.871
2021-05-03,27.846500396728516,1.125,753.52,0.06,18.31,90.94999694824219,17222.349609375,-1.065,37403.878
2021-05-04,27.923999786376953,1.125,753.52,0.06,19.48,91.29000091552734,16933.779296875,-1.065,37403.878
2021-05-05,27.893199920654297,1.125,753.52,0.06,19.15,91.30999755859375,16843.439453125,-1.065,37403.878
2021-05-06,27.885000228881836,1.125,753.52,0.06,18.39,90.94999694824219,16994.359375,-1.065,37403.878
2021-05-07,27.947999954223633,1.125,753.52,0.06,16.69,90.2300033569336,17285.0,-1.065,37403.878
2021-05-10,27.75279998779297,1.125,-963.81,0.06,19.66,90.20999908447266,17235.609375,-1.065,37403.878
2021-05-11,27.731300354003906,1.125,-963.81,0.06,21.84,90.13999938964844,16583.130859375,-1.065,37403.878
2021-05-12,27.91699981689453,1.125,-963.81,0.06,27.59,90.70999908447266,15902.3701171875,-1.065,37403.878
2021-05-13,28.02400016784668,1.125,-963.81,0.06,23.13,90.75,15670.099609375,-1.065,37403.878
2021-05-14,27.937000274658203,1.125,-963.81,0.06,18.81,90.31999969482422,15827.08984375,-1.065,37403.878
2021-05-17,27.95989990234375,1.125,-963.81,0.06,19.72,90.22000122070312,15353.8896484375,-1.065,37403.878
2021-05-18,28.05419921875,1.125,-963.81,0.06,21.34,89.75,16145.98046875,-1.065,37403.878
2021-05-19,27.965499877929688,1.125,-963.81,0.06,22.18,90.19000244140625,16132.66015625,-1.065,37403.878
2021-05-20,27.890899658203125,1.125,-963.81,0.06,20.67,89.80999755859375,16042.3603515625,-1.065,37403.878
2021-05-21,27.95050048828125,1.125,-963.81,0.06,20.15,90.0199966430664,16302.0595703125,-1.065,37403.878
2021-05-24,27.948999404907227,1.125,-963.81,0.06,18.4,89.83000183105469,16338.2900390625,-1.065,37403.878
2021-05-25,28.012399673461914,1.125,-963.81,0.06,18.84,89.63999938964844,16595.669921875,-1.065,37403.878
2021-05-26,27.820499420166016,1.125,-963.81,0.06,17.36,90.04000091552734,16643.689453125,-1.065,37403.878
2021-05-27,27.667999267578125,1.125,-963.81,0.06,16.74,89.97000122070312,16601.609375,-1.065,37403.878
2021-05-28,27.78700065612793,1.125,-963.81,0.05,16.76,90.02999877929688,16870.859375,-1.075,37403.878
2021-06-01,27.516700744628906,1.125,-963.81,0.06,17.9,89.83000183105469,17162.380859375,-1.065,36647.945
2021-06-02,27.58180046081543,1.125,-963.81,0.06,17.48,89.9000015258789,17165.0390625,-1.065,36647.945
2021-06-03,27.54400062561035,1.125,-963.81,0.06,18.04,90.5,17246.16015625,-1.065,36647.945
2021-06-04,27.62380027770996,1.125,-963.81,0.06,16.42,90.13999938964844,17147.41015625,-1.065,36647.945
2021-06-07,27.535999298095703,1.125,-963.81,0.06,16.42,89.94999694824219,17083.91015625,-1.065,36647.945
2021-06-08,27.622800827026367,1.125,-963.81,0.06,17.07,90.08000183105469,17076.2109375,-1.065,36647.945
2021-06-09,27.58690071105957,1.125,-963.81,0.06,17.89,90.12000274658203,16966.220703125,-1.065,36647.945
2021-06-10,27.779499053955078,1.125,-963.81,0.06,16.1,90.08000183105469,17159.220703125,-1.065,36647.945
2021-06-11,27.5575008392334,1.125,-963.81,0.06,15.65,90.55999755859375,17213.51953125,-1.065,36647.945
2021-06-15,27.63680076599121,1.125,-963.81,0.06,17.02,90.54000091552734,17371.2890625,-1.065,36647.945
2021-06-16,27.561199188232422,1.125,-963.81,0.06,18.15,91.12999725341797,17307.859375,-1.065,36647.945
2021-06-17,27.67799949645996,1.125,-963.81,0.1,17.75,91.88999938964844,17390.609375,-1.025,36647.945
2021-06-18,27.684999465942383,1.125,-963.81,0.1,20.7,92.2300033569336,17318.5390625,-1.025,36647.945
2021-06-21,27.7810001373291,1.125,-963.81,0.1,17.89,91.86000061035156,17062.98046875,-1.025,36647.945
2021-06-22,27.947500228881836,1.125,-963.81,0.1,16.66,91.7300033569336,17075.55078125,-1.025,36647.945
2021-06-23,27.950300216674805,1.125,-963.81,0.1,16.32,91.80000305175781,17336.7109375,-1.025,36647.945
2021-06-24,28.034700393676758,1.125,-963.81,0.1,15.97,91.81999969482422,17407.9609375,-1.025,36647.945
2021-06-25,27.906099319458008,1.125,-963.81,0.1,15.62,91.80999755859375,17502.990234375,-1.025,36647.945
2021-06-28,27.865800857543945,1.125,-963.81,0.1,15.76,91.87999725341797,17590.970703125,-1.025,36647.945
2021-06-29,27.81599998474121,1.125,-963.81,0.1,16.02,92.05000305175781,17598.189453125,-1.025,36647.945
2021-06-30,27.875900268554688,1.125,-963.81,0.08,15.83,92.44000244140625,17755.4609375,-1.045,36647.945
2021-07-01,27.81800079345703,1.125,-963.81,0.1,15.48,92.5999984741211,17713.939453125,-1.025,37951.387
2021-07-02,27.878999710083008,1.125,-963.81,0.1,15.07,92.2300033569336,17710.150390625,-1.025,37951.387
2021-07-06,27.968799591064453,1.125,589.64,0.1,16.44,92.55000305175781,17913.0703125,-1.025,37951.387
2021-07-07,27.896900177001953,1.125,589.64,0.1,16.2,92.63999938964844,17850.689453125,-1.025,37951.387
2021-07-08,27.88159942626953,1.125,589.64,0.1,19.0,92.36000061035156,17866.08984375,-1.025,37951.387
2021-07-09,27.959999084472656,1.125,589.64,0.1,16.18,92.12999725341797,17661.48046875,-1.025,37951.387
2021-07-12,27.951000213623047,1.125,589.64,0.1,16.17,92.2300033569336,17814.330078125,-1.025,37951.387
2021-07-13,27.959199905395508,1.125,589.64,0.1,17.12,92.75,17847.51953125,-1.025,37951.387
2021-07-14,28.01919937133789,1.125,589.64,0.1,16.33,92.41000366210938,17845.75,-1.025,37951.387
2021-07-15,27.96660041809082,1.125,589.64,0.1,17.01,92.62000274658203,18034.189453125,-1.025,37951.387
2021-07-16,27.87969970703125,1.125,589.64,0.1,18.45,92.69000244140625,17895.25,-1.025,37951.387
2021-07-19,27.972000122070312,1.125,589.64,0.1,22.5,92.88999938964844,17789.25,-1.025,37951.387
2021-07-20,28.077299118041992,1.125,589.64,0.1,19.73,92.97000122070312,17528.740234375,-1.025,37951.387
2021-07-21,27.999099731445312,1.125,589.64,0.1,17.91,92.75,17458.7890625,-1.025,37951.387
2021-07-22,27.961599349975586,1.125,589.64,0.1,17.69,92.81999969482422,17572.330078125,-1.025,37951.387
2021-07-23,27.99570083618164,1.125,589.64,0.1,17.2,92.91000366210938,17572.919921875,-1.025,37951.387
2021-07-26,28.018299102783203,1.125,589.64,0.1,17.58,92.6500015258789,17403.560546875,-1.025,37951.387
2021-07-27,28.047199249267578,1.125,589.64,0.1,19.36,92.43000030517578,17269.869140625,-1.025,37951.387
2021-07-28,28.02389907836914,1.125,589.64,0.1,18.31,92.31999969482422,17135.220703125,-1.025,37951.387
2021-07-29,27.89900016784668,1.125,589.64,0.1,17.7,91.86000061035156,17402.810546875,-1.025,37951.387
2021-07-30,27.844999313354492,1.125,589.64,0.07,18.24,92.16999816894531,17247.41015625,-1.055,37951.387
2021-08-02,27.924100875854492,1.125,589.64,0.1,19.46,92.05000305175781,17503.279296875,-1.025,39540.529
2021-08-03,27.920900344848633,1.125,661.8,0.1,18.04,92.08000183105469,17553.759765625,-1.025,39540.529
2021-08-04,27.850299835205078,1.125,661.8,0.1,17.97,92.2699966430664,17623.890625,-1.025,39540.529
2021-08-05,27.71470069885254,1.125,661.8,0.1,17.28,92.23999786376953,17603.119140625,-1.025,39540.529
2021-08-06,27.72640037536621,1.125,661.8,0.1,16.15,92.80000305175781,17526.279296875,-1.025,39540.529
2021-08-09,27.82229995727539,1.125,661.8,0.1,16.72,92.94999694824219,17485.150390625,-1.025,39540.529
2021-08-10,27.785600662231445,1.125,661.8,0.1,16.79,93.05999755859375,17323.640625,-1.025,39540.529
2021-08-11,27.826200485229492,1.125,661.8,0.1,16.06,92.91000366210938,17227.1796875,-1.025,39540.529
2021-08-12,27.791500091552734,1.125,661.8,0.1,15.59,93.04000091552734,17219.939453125,-1.025,39540.529
2021-08-13,27.796499252319336,1.125,661.8,0.1,15.45,92.5199966430664,16982.109375,-1.025,39540.529
2021-08-16,27.808000564575195,1.125,661.8,0.1,16.12,92.62999725341797,16858.76953125,-1.025,39540.529
2021-08-17,27.78969955444336,1.125,661.8,0.1,17.91,93.12999725341797,16661.359375,-1.025,39540.529
2021-08-18,27.89940071105957,1.125,-103.52,0.09,21.57,93.13999938964844,16826.26953125,-1.035,39540.529
2021-08-19,27.842199325561523,1.125,-103.52,0.09,21.67,93.56999969482422,16375.400390625,-1.035,39540.529
2021-08-20,28.01799964904785,1.125,-103.52,0.09,18.56,93.5,16341.9404296875,-1.035,39540.529
2021-08-23,27.97100067138672,1.125,-103.52,0.09,17.15,92.95999908447266,16741.83984375,-1.035,39540.529
2021-08-24,27.901199340820312,1.125,-103.52,0.09,17.22,92.88999938964844,16818.73046875,-1.035,39540.529
2021-08-25,27.89310073852539,1.125,-103.52,0.09,16.79,92.83000183105469,17045.859375,-1.035,39540.529
2021-08-26,27.884899139404297,1.125,-103.52,0.09,18.84,93.05999755859375,17066.9609375,-1.035,39540.529
2021-08-27,27.91659927368164,1.125,-103.52,0.08,16.39,92.69000244140625,17209.9296875,-1.045,39540.529
2021-08-30,27.87299919128418,1.125,-103.52,0.08,16.19,92.6500015258789,17396.51953125,-1.045,39540.529
2021-08-31,27.72920036315918,1.125,-103.52,0.06,16.48,92.62999725341797,17490.2890625,-1.065,39540.529
2021-09-01,27.568700790405273,1.125,-103.52,0.08,16.11,92.44999694824219,17473.990234375,-1.045,39627.88
2021-09-02,27.671600341796875,1.125,-103.52,0.08,16.41,92.2300033569336,17319.759765625,-1.045,39627.88
2021-09-03,27.62660026550293,1.125,-103.52,0.08,16.41,92.04000091552734,17516.919921875,-1.045,39627.88
2021-09-07,27.533100128173828,1.125,-103.52,0.08,18.14,92.5199966430664,17428.869140625,-1.045,39627.88
2021-09-08,27.59119987487793,1.125,-884.53,0.08,17.96,92.6500015258789,17270.490234375,-1.045,39627.88
2021-09-09,27.670700073242188,1.125,-36.34,0.08,18.8,92.4800033569336,17304.330078125,-1.045,39627.88
2021-09-10,27.629600524902344,1.125,-36.34,0.08,20.95,92.58000183105469,17474.5703125,-1.045,39627.88
2021-09-13,27.65049934387207,1.125,-260.89,0.08,19.37,92.62000274658203,17446.310546875,-1.045,39627.88
2021-09-14,27.639400482177734,1.125,-260.89,0.08,19.46,92.6500015258789,17434.900390625,-1.045,39627.88
2021-09-15,27.63559913635254,1.125,-260.89,0.08,18.18,92.48999786376953,17354.0,-1.045,39627.88
2021-09-16,27.612699508666992,1.125,-260.89,0.08,18.69,92.86000061035156,17278.69921875,-1.045,39627.88
2021-09-17,27.69300079345703,1.125,-260.89,0.08,20.81,93.19999694824219,17276.7890625,-1.045,39627.88
2021-09-22,27.718599319458008,1.125,-260.89,0.08,20.87,93.45999908447266,16925.8203125,-1.045,39627.88
2021-09-23,27.703899383544922,1.125,-260.89,0.08,18.63,93.0999984741211,17078.220703125,-1.045,39627.88
2021-09-24,27.684999465942383,1.125,-260.89,0.08,17.75,93.33000183105469,17260.189453125,-1.045,39627.88
2021-09-27,27.726999282836914,1.125,-260.89,0.08,18.76,93.37999725341797,17313.76953125,-1.045,39627.88
2021-09-28,27.654199600219727,1.125,-260.89,0.08,23.25,93.7699966430664,17181.439453125,-1.045,39627.88
2021-09-29,27.738100051879883,1.125,-260.89,0.08,22.56,94.33999633789062,16855.4609375,-1.045,39627.88
2021-09-30,27.812400817871094,1.125,-260.89,0.06,23.14,94.25,16934.76953125,-1.065,39627.88
2021-10-01,27.836599349975586,1.125,-260.89,0.08,21.15,94.04000091552734,16570.890625,-1.045,40117.188
2021-10-04,27.753999710083008,1.125,-260.89,0.08,22.96,93.80999755859375,16408.349609375,-1.045,40117.188
2021-10-05,27.882299423217773,1.125,-260.89,0.08,21.3,93.9800033569336,16460.75,-1.045,40117.188
2021-10-06,27.871000289916992,1.125,-260.89,0.08,21.0,94.2699966430664,16393.16015625,-1.045,40117.188
2021-10-07,27.951000213623047,1.125,-260.89,0.08,19.54,94.22000122070312,16713.859375,-1.045,40117.188
2021-10-08,27.9685001373291,1.125,-260.89,0.08,18.77,94.06999969482422,16640.4296875,-1.045,40117.188
2021-10-12,28.042999267578125,1.125,-260.89,0.08,19.85,94.5199966430664,16462.83984375,-1.045,40117.188
2021-10-13,28.128700256347656,1.125,-260.89,0.08,18.64,94.08000183105469,16347.990234375,-1.045,40117.188
2021-10-14,27.999500274658203,1.125,-260.89,0.08,16.86,93.95999908447266,16387.279296875,-1.045,40117.188
2021-10-15,27.98889923095703,1.125,-260.89,0.08,16.3,93.94000244140625,16781.189453125,-1.045,40117.188
2021-10-18,28.0,1.125,-260.89,0.08,16.31,93.94999694824219,16705.4609375,-1.045,40117.188
2021-10-19,27.949199676513672,1.125,-260.89,0.08,15.7,93.79000091552734,16900.669921875,-1.045,40117.188
2021-10-20,27.8262996673584,1.125,-260.89,0.08,15.49,93.55999755859375,16887.8203125,-1.045,40117.188
2021-10-21,27.805999755859375,1.125,-260.89,0.08,15.01,93.7699966430664,16889.509765625,-1.045,40117.188
2021-10-22,27.818500518798828,1.125,-260.89,0.08,15.43,93.61000061035156,16888.740234375,-1.045,40117.188
2021-10-25,27.836999893188477,1.125,-260.89,0.08,15.24,93.80999755859375,16894.240234375,-1.045,40117.188
2021-10-26,27.80620002746582,1.125,-260.89,0.08,15.98,93.94999694824219,17034.33984375,-1.045,40117.188
2021-10-27,27.796300888061523,1.125,-260.89,0.08,16.98,93.86000061035156,17074.55078125,-1.045,40117.188
2021-10-28,27.762500762939453,1.125,-260.89,0.08,16.53,93.3499984741211,17041.630859375,-1.045,40117.188
2021-10-29,27.72330093383789,1.125,-260.89,0.07,16.26,94.12000274658203,16987.41015625,-1.055,40117.188
2021-11-01,27.816699981689453,1.125,-260.89,0.08,16.41,93.87999725341797,17068.240234375,-1.045,41569.121
2021-11-02,27.80109977722168,1.125,-260.89,0.08,16.03,94.08999633789062,17065.970703125,-1.045,41569.121
2021-11-03,27.85849952697754,1.125,-260.89,0.08,15.1,93.86000061035156,17122.16015625,-1.045,41569.121
2021-11-04,27.789499282836914,1.125,-260.89,0.08,15.44,94.3499984741211,17078.859375,-1.045,41569.121
2021-11-05,27.874099731445312,1.125,-260.89,0.08,16.48,94.31999969482422,17296.900390625,-1.045,41569.121
2021-11-08,27.83009910583496,1.125,-260.89,0.08,17.22,94.05000305175781,17415.30078125,-1.045,41569.121
2021-11-09,27.80120086669922,1.125,-260.89,0.08,17.78,93.95999908447266,17541.359375,-1.045,41569.121
2021-11-10,27.731300354003906,1.125,324.72,0.08,18.73,94.8499984741211,17559.650390625,-1.045,41569.121
2021-11-11,27.759000778198242,1.125,324.72,0.08,17.66,95.18000030517578,17452.51953125,-1.045,41569.121
2021-11-12,27.801700592041016,1.125,324.72,0.08,16.29,95.12999725341797,17518.130859375,-1.045,41569.121
2021-11-15,27.781299591064453,1.125,324.72,0.08,16.49,95.41000366210938,17634.470703125,-1.045,41569.121
2021-11-16,27.752500534057617,1.125,324.72,0.08,16.37,95.91999816894531,17693.130859375,-1.045,41569.121
2021-11-17,27.80069923400879,1.125,-553.43,0.08,17.11,95.83000183105469,17764.0390625,-1.045,41569.121
2021-11-18,27.740699768066406,1.125,-553.43,0.08,17.59,95.54000091552734,17841.369140625,-1.045,41569.121
2021-11-19,27.806400299072266,1.125,-553.43,0.08,17.91,96.06999969482422,17818.310546875,-1.045,41569.121
2021-11-22,27.792999267578125,1.125,876.55,0.08,19.17,96.5,17803.5390625,-1.045,41569.121
2021-11-23,27.769500732421875,1.125,876.55,0.08,19.38,96.48999786376953,17666.119140625,-1.045,41569.121
2021-11-24,27.751399993896484,1.125,876.55,0.08,18.58,96.83999633789062,17642.51953125,-1.045,41569.121
2021-11-26,27.764699935913086,1.125,876.55,0.08,28.62,96.08999633789062,17369.390625,-1.045,41569.121
2021-11-29,27.853900909423828,1.125,876.55,0.08,22.96,96.33999633789062,17328.08984375,-1.045,41569.121
2021-11-30,27.7455997467041,1.125,876.55,0.07,27.19,95.98999786376953,17427.759765625,-1.055,41569.121
2021-12-01,27.578699111938477,1.125,876.55,0.08,31.12,96.05000305175781,17585.990234375,-1.045,40684.538
2021-12-02,27.60449981689453,1.125,876.55,0.08,27.95,96.12999725341797,17724.880859375,-1.045,40684.538
2021-12-03,27.678699493408203,1.125,876.55,0.08,30.67,96.12000274658203,17697.140625,-1.045,40684.538
2021-12-06,27.65719985961914,1.125,876.55,0.08,27.18,96.29000091552734,17688.2109375,-1.045,40684.538
2021-12-07,27.65920066833496,1.125,439.9,0.08,21.89,96.37000274658203,17796.919921875,-1.045,40684.538
2021-12-08,27.742599487304688,1.125,439.9,0.08,19.9,95.88999938964844,17832.419921875,-1.045,40684.538
2021-12-09,27.630699157714844,1.125,439.9,0.08,21.58,96.2699966430664,17914.119140625,-1.045,40684.538
2021-12-10,27.68560028076172,1.125,439.9,0.08,18.69,96.05000305175781,17826.259765625,-1.045,40684.538
2021-12-13,27.63599967956543,1.125,439.9,0.08,20.31,96.31999969482422,17767.599609375,-1.045,40684.538
2021-12-14,27.745899200439453,1.125,439.9,0.08,21.89,96.56999969482422,17599.369140625,-1.045,40684.538
2021-12-15,27.78420066833496,1.125,439.9,0.08,19.29,96.51000213623047,17660.099609375,-1.045,40684.538
2021-12-16,27.739700317382812,1.125,439.9,0.08,20.57,96.04000091552734,17785.740234375,-1.045,40684.538
2021-12-17,27.757699966430664,1.125,439.9,0.08,21.57,96.56999969482422,17812.58984375,-1.045,40684.538
2021-12-20,27.827199935913086,1.125,439.9,0.08,22.87,96.55000305175781,17669.109375,-1.045,40684.538
2021-12-21,27.815399169921875,1.125,439.9,0.08,21.01,96.48999786376953,17789.26953125,-1.045,40684.538
2021-12-22,27.730199813842773,1.125,439.9,0.08,18.63,96.08000183105469,17826.830078125,-1.045,40684.538
2021-12-23,27.711000442504883,1.125,439.9,0.08,17.96,96.0199966430664,17946.66015625,-1.045,40684.538
2021-12-27,27.67930030822754,1.125,439.9,0.08,17.68,96.08999633789062,18048.939453125,-1.045,40684.538
2021-12-28,27.683700561523438,1.125,439.9,0.08,17.54,96.19999694824219,18196.810546875,-1.045,40684.538
2021-12-29,27.53499984741211,1.125,439.9,0.08,16.95,95.93000030517578,18248.279296875,-1.045,40684.538
2021-12-30,27.617399215698242,1.125,439.9,0.08,17.33,95.97000122070312,18218.83984375,-1.045,40684.538
2022-01-03,27.70210075378418,1.125,439.9,0.08,16.6,96.23999786376953,18270.509765625,-1.045,39981.067
2022-01-04,27.62470054626465,1.125,439.9,0.08,16.91,96.29000091552734,18526.349609375,-1.045,39981.067
2022-01-05,27.515499114990234,1.125,439.9,0.08,19.73,96.19000244140625,18499.9609375,-1.045,39981.067
2022-01-06,27.596399307250977,1.125,439.9,0.08,19.61,96.25,18367.919921875,-1.045,39981.067
2022-01-07,27.6200008392334,1.125,439.9,0.08,18.76,95.73999786376953,18169.759765625,-1.045,39981.067
2022-01-10,27.658000946044922,1.125,439.9,0.08,19.4,95.98999786376953,18239.380859375,-1.045,39981.067
2022-01-11,27.598899841308594,1.125,439.9,0.08,18.41,95.62000274658203,18288.2109375,-1.045,39981.067
2022-01-12,27.62700080871582,1.125,439.9,0.08,17.62,95.0,18375.400390625,-1.045,39981.067
2022-01-13,27.598600387573242,1.125,439.9,0.08,20.31,94.79000091552734,18436.9296875,-1.045,39981.067
2022-01-14,27.56599998474121,1.125,439.9,0.08,19.19,95.16999816894531,18403.330078125,-1.045,39981.067
2022-01-18,27.4237003326416,1.125,439.9,0.08,22.79,95.7300033569336,18378.640625,-1.045,39981.067
2022-01-19,27.516199111938477,1.125,126.22,0.08,23.85,95.51000213623047,18227.4609375,-1.045,39981.067
2022-01-20,27.54759979248047,1.125,126.22,0.08,25.59,95.73999786376953,18218.279296875,-1.045,39981.067
2022-01-21,27.615699768066406,1.125,126.22,0.08,28.85,95.63999938964844,17899.30078125,-1.045,39981.067
2022-01-24,27.691200256347656,1.125,771.66,0.08,29.9,95.91999816894531,17989.0390625,-1.045,39981.067
2022-01-25,27.66390037536621,1.125,771.66,0.08,31.16,95.94999694824219,17701.119140625,-1.045,39981.067
2022-01-26,27.697999954223633,1.125,771.66,0.08,31.96,96.48999786376953,17674.400390625,-1.045,39981.067
2022-02-07,27.799999237060547,1.125,771.66,0.08,22.86,95.4000015258789,17900.30078125,-1.045,37453.063
2022-02-08,27.826000213623047,1.125,771.66,0.08,21.44,95.63999938964844,17966.560546875,-1.045,37453.063
2022-02-09,27.805200576782227,1.125,771.66,0.08,19.96,95.48999786376953,18151.759765625,-1.045,37453.063
2022-02-10,27.78070068359375,1.125,771.66,0.08,23.91,95.55000305175781,18338.05078125,-1.045,37453.063
2022-02-11,27.826400756835938,1.125,771.66,0.08,27.36,96.08000183105469,18310.939453125,-1.045,37453.063
2022-02-14,27.9060001373291,1.125,771.66,0.08,28.33,96.37000274658203,17997.669921875,-1.045,37453.063
2022-02-15,27.861799240112305,1.125,771.66,0.08,25.7,95.98999786376953,17951.810546875,-1.045,37453.063
2022-02-16,27.82069969177246,1.125,771.66,0.08,24.29,95.69999694824219,18231.470703125,-1.045,37453.063
2022-02-17,27.810800552368164,1.125,771.66,0.08,28.11,95.80000305175781,18268.5703125,-1.045,37453.063
2022-02-18,27.836700439453125,1.125,771.66,0.08,27.75,96.04000091552734,18232.349609375,-1.045,37453.063
2022-02-22,27.812400817871094,1.125,771.66,0.08,28.81,96.02999877929688,17969.2890625,-1.045,37453.063
2022-02-23,27.837400436401367,1.125,771.66,0.08,31.02,96.19000244140625,18055.73046875,-1.045,37453.063
2022-02-24,27.872699737548828,1.125,771.66,0.08,30.32,97.13999938964844,17594.55078125,-1.045,37453.063
2022-02-25,28.06719970703125,1.125,771.66,0.08,27.59,96.62000274658203,17652.1796875,-1.045,37453.063
2022-03-01,27.97559928894043,1.125,771.66,0.08,33.32,97.41000366210938,17898.25,-1.045,43494.157
2022-03-02,28.04680061340332,1.125,771.66,0.08,30.74,97.38999938964844,17867.599609375,-1.045,43494.157
2022-03-03,27.970500946044922,1.125,771.66,0.08,30.48,97.79000091552734,17934.400390625,-1.045,43494.157
2022-03-04,28.050500869750977,1.125,771.66,0.08,31.98,98.6500015258789,17736.51953125,-1.045,43494.157
2022-03-07,28.125999450683594,1.125,771.66,0.08,36.45,99.29000091552734,17178.689453125,-1.045,43494.157
2022-03-08,28.27589988708496,1.125,771.66,0.08,35.13,99.05999755859375,16825.25,-1.045,43494.157
2022-03-09,28.30340003967285,1.125,771.66,0.08,32.45,97.97000122070312,17015.359375,-1.045,43494.157
2022-03-10,28.26799964904785,1.125,771.66,0.08,30.23,98.51000213623047,17433.19921875,-1.045,43494.157
2022-03-11,28.30069923400879,1.125,771.66,0.08,30.75,99.12000274658203,17264.740234375,-1.045,43494.157
2022-03-14,28.410999298095703,1.125,771.66,0.08,31.77,99.05999755859375,17263.0390625,-1.045,43494.157
2022-03-15,28.51099967956543,1.125,771.66,0.08,29.83,99.06999969482422,16926.060546875,-1.045,43494.157
2022-03-16,28.51889991760254,1.125,771.66,0.08,26.67,98.37999725341797,16940.830078125,-1.045,43494.157
2022-03-17,28.378999710083008,1.125,771.66,0.33,25.67,98.01000213623047,17448.220703125,-0.7949999999999999,43494.157
2022-03-18,28.17799949645996,1.375,771.66,0.33,23.87,98.2300033569336,17456.51953125,-1.045,43494.157
2022-03-21,28.356000900268555,1.375,771.66,0.33,23.53,98.5,17560.359375,-1.045,43494.157
2022-03-22,28.40999984741211,1.375,-680.67,0.33,22.94,98.48999786376953,17559.7109375,-1.045,43494.157
2022-03-23,28.46739959716797,1.375,-680.67,0.33,23.57,98.62000274658203,17731.369140625,-1.045,43494.157
2022-03-24,28.55970001220703,1.375,-680.67,0.33,21.67,98.79000091552734,17699.060546875,-1.045,43494.157
2022-03-25,28.651500701904297,1.375,563.84,0.33,20.81,98.80999755859375,17676.94921875,-1.045,43494.157
2022-03-28,28.66900062561035,1.375,563.84,0.33,19.63,99.08999633789062,17520.009765625,-1.045,43494.157
2022-03-29,28.783700942993164,1.375,563.84,0.33,18.9,98.4000015258789,17548.66015625,-1.045,43494.157
2022-03-30,28.628299713134766,1.375,563.84,0.33,19.33,97.79000091552734,17740.560546875,-1.045,43494.157
2022-03-31,28.52560043334961,1.375,563.84,0.33,20.56,98.30999755859375,17693.470703125,-1.045,43494.157
2022-04-01,28.615699768066406,1.375,563.84,0.33,19.63,98.62999725341797,17625.58984375,-1.045,41460.255
2022-04-06,28.653200149536133,1.375,563.84,0.33,22.1,99.5999984741211,17522.5,-1.045,41460.255
2022-04-07,28.725400924682617,1.375,563.84,0.33,21.55,99.75,17178.630859375,-1.045,41460.255
2022-04-08,28.7987003326416,1.375,563.84,0.33,21.16,99.80000305175781,17284.5390625,-1.045,41460.255
2022-04-11,28.891000747680664,1.375,563.84,0.33,24.37,99.93000030517578,17048.369140625,-1.045,41460.255
2022-04-12,29.0310001373291,1.375,563.84,0.33,24.26,100.29000091552734,16990.91015625,-1.045,41460.255
2022-04-13,29.038000106811523,1.375,563.84,0.33,21.82,99.87999725341797,17301.650390625,-1.045,41460.255
2022-04-14,28.86669921875,1.375,563.84,0.33,22.7,100.31999969482422,17245.650390625,-1.045,41460.255
2022-04-18,29.111000061035156,1.375,563.84,0.33,22.17,100.77999877929688,16898.869140625,-1.045,41460.255
2022-04-19,29.214000701904297,1.375,563.84,0.33,21.37,100.95999908447266,16993.400390625,-1.045,41460.255
2022-04-20,29.253700256347656,1.375,563.84,0.33,20.32,100.38999938964844,17148.880859375,-1.045,41460.255
2022-04-21,29.16349983215332,1.375,563.84,0.33,22.68,100.58000183105469,17127.94921875,-1.045,41460.255
2022-04-22,29.288999557495117,1.375,563.84,0.33,28.21,101.22000122070312,17025.08984375,-1.045,41460.255
2022-04-25,29.31100082397461,1.375,563.84,0.33,27.02,101.75,16620.900390625,-1.045,41460.255
2022-04-26,29.193700790405273,1.375,563.84,0.33,33.52,102.30000305175781,16644.7890625,-1.045,41460.255
2022-04-27,29.30069923400879,1.375,563.84,0.33,31.6,102.94999694824219,16303.349609375,-1.045,41460.255
2022-04-28,29.37470054626465,1.375,563.84,0.33,29.99,103.62000274658203,16419.380859375,-1.045,41460.255
2022-04-29,29.452699661254883,1.375,563.84,0.33,33.4,102.95999908447266,16592.1796875,-1.045,41460.255
2022-05-03,29.484600067138672,1.375,464.39,0.33,29.25,103.47000122070312,16498.900390625,-1.045,42043.454
2022-05-04,29.422100067138672,1.375,-523.84,0.33,25.42,102.58999633789062,16565.830078125,-1.045,42043.454
2022-05-05,29.239999771118164,1.375,-523.84,0.83,31.2,103.75,16696.119140625,-0.545,42043.454
2022-05-06,29.606700897216797,1.375,-523.84,0.83,30.19,103.66000366210938,16408.19921875,-0.545,42043.454
2022-05-09,29.649999618530273,1.375,-523.84,0.83,34.75,103.6500015258789,16048.919921875,-0.545,42043.454
2022-05-10,29.750999450683594,1.375,-706.26,0.83,32.99,103.91999816894531,16061.7001953125,-0.545,42043.454
2022-05-11,29.641700744628906,1.375,-706.26,0.83,32.56,103.8499984741211,16006.25,-0.545,42043.454
2022-05-12,29.68899917602539,1.375,-706.26,0.83,31.77,104.8499984741211,15616.6796875,-0.545,42043.454
2022-05-13,29.821500778198242,1.375,-706.26,0.83,28.87,104.55999755859375,15832.5400390625,-0.545,42043.454
2022-05-16,29.781999588012695,1.375,-706.26,0.83,27.47,104.19000244140625,15901.0400390625,-0.545,42043.454
2022-05-17,29.71190071105957,1.375,-775.92,0.83,26.1,103.36000061035156,16056.08984375,-0.545,42043.454
2022-05-18,29.60580062866211,1.375,-775.92,0.83,30.96,103.80999755859375,16296.8603515625,-0.545,42043.454
2022-05-19,29.74020004272461,1.375,-775.92,0.83,29.35,102.72000122070312,16020.3203125,-0.545,42043.454
2022-05-20,29.600500106811523,1.375,-775.92,0.83,29.43,103.1500015258789,16144.849609375,-0.545,42043.454
2022-05-23,29.71299934387207,1.375,-775.92,0.83,28.48,102.08000183105469,16156.41015625,-0.545,42043.454
2022-05-24,29.489999771118164,1.375,-775.92,0.83,29.45,101.86000061035156,15963.6298828125,-0.545,42043.454
2022-05-25,29.531700134277344,1.375,-775.92,0.83,28.37,102.05999755859375,16104.0302734375,-0.545,42043.454
2022-05-26,29.40999984741211,1.375,-775.92,0.83,27.5,101.83000183105469,15968.830078125,-0.545,42043.454
2022-05-27,29.312999725341797,1.375,-775.92,0.83,25.72,101.66999816894531,16266.2197265625,-0.545,42043.454
2022-05-31,28.83099937438965,1.375,-775.92,0.83,26.19,101.75,16807.76953125,-0.545,42043.454
2022-06-01,28.991500854492188,1.375,-775.92,0.83,25.69,102.55000305175781,16675.08984375,-0.545,42181.691
2022-06-02,29.128299713134766,1.375,-775.92,0.83,24.72,101.7699966430664,16552.5703125,-0.545,42181.691
2022-06-06,29.361000061035156,1.375,-775.92,0.83,25.07,102.44000244140625,16605.9609375,-0.545,42181.691
2022-06-07,29.38129997253418,1.375,-775.92,0.83,24.02,102.31999969482422,16512.880859375,-0.545,42181.691
2022-06-08,29.405000686645508,1.375,-775.92,0.83,23.96,102.54000091552734,16670.509765625,-0.545,42181.691
2022-06-09,29.438800811767578,1.375,-775.92,0.83,26.09,103.22000122070312,16621.33984375,-0.545,42181.691
2022-06-10,29.5856990814209,1.375,-775.92,0.83,27.75,104.1500015258789,16460.119140625,-0.545,42181.691
2022-06-13,29.642000198364258,1.375,-775.92,0.83,34.02,105.08000183105469,16070.98046875,-0.545,42181.691
2022-06-14,29.68869972229004,1.375,-775.92,0.83,32.69,105.5199966430664,16047.3701171875,-0.545,42181.691
2022-06-15,29.577699661254883,1.375,-775.92,0.83,29.62,105.16000366210938,15999.25,-0.545,42181.691
2022-06-16,29.405000686645508,1.375,-775.92,1.58,32.95,103.62999725341797,15838.6103515625,0.20500000000000007,42181.691
2022-06-17,29.695999145507812,1.5,-775.92,1.58,31.13,104.69999694824219,15641.259765625,0.08000000000000007,42181.691
2022-06-21,29.702999114990234,1.5,-775.92,1.58,30.19,104.44000244140625,15728.6396484375,0.08000000000000007,42181.691
2022-06-22,29.724000930786133,1.5,-775.92,1.58,28.95,104.19999694824219,15347.75,0.08000000000000007,42181.691
2022-06-23,29.67169952392578,1.5,-775.92,1.58,29.05,104.43000030517578,15176.4404296875,0.08000000000000007,42181.691
2022-06-24,29.613100051879883,1.5,-775.92,1.58,27.23,104.19000244140625,15303.3203125,0.08000000000000007,42181.691
2022-06-27,29.694000244140625,1.5,-775.92,1.58,26.95,103.94000244140625,15548.009765625,0.08000000000000007,42181.691
2022-06-28,29.43000030517578,1.5,-775.92,1.58,28.36,104.51000213623047,15439.919921875,0.08000000000000007,42181.691
2022-06-29,29.67099952697754,1.5,-775.92,1.58,28.16,105.11000061035156,15240.1298828125,0.08000000000000007,42181.691
2022-06-30,29.665000915527344,1.5,-775.92,1.58,28.71,104.69000244140625,14825.73046875,0.08000000000000007,42181.691
2022-07-01,29.65570068359375,1.5,-775.92,1.58,26.7,105.13999938964844,14343.080078125,0.08000000000000007,43226.274
2022-07-05,29.690000534057617,1.5,-775.92,1.58,27.54,106.5,14349.2001953125,0.08000000000000007,43226.274
2022-07-06,29.78070068359375,1.5,-775.92,1.58,26.73,107.0999984741211,13985.509765625,0.08000000000000007,43226.274
2022-07-07,29.788000106811523,1.5,-775.92,1.58,26.08,107.12999725341797,14336.26953125,0.08000000000000007,43226.274
2022-07-08,29.75200080871582,1.5,-775.92,1.58,24.64,107.01000213623047,14464.5302734375,0.08000000000000007,43226.274
2022-07-11,29.75200080871582,1.5,-775.92,1.58,26.17,108.0199966430664,14340.5302734375,0.08000000000000007,43226.274
2022-07-12,29.86319923400879,1.5,-775.92,1.58,27.29,108.06999969482422,13950.6201171875,0.08000000000000007,43226.274
2022-07-13,29.864999771118164,1.5,-775.92,1.58,26.82,107.95999908447266,14324.6796875,0.08000000000000007,43226.274
2022-07-14,29.766000747680664,1.5,-775.92,1.58,26.4,108.54000091552734,14438.51953125,0.08000000000000007,43226.274
2022-07-15,29.918699264526367,1.5,-775.92,1.58,24.23,108.05999755859375,14550.6201171875,0.08000000000000007,43226.274
2022-07-18,29.910999298095703,1.5,-775.92,1.58,25.3,107.37000274658203,14719.6396484375,0.08000000000000007,43226.274
2022-07-19,29.81999969482422,1.5,-775.92,1.58,24.5,106.68000030517578,14694.080078125,0.08000000000000007,43226.274
2022-07-20,29.785999298095703,1.5,-775.92,1.58,23.88,107.08000183105469,14733.2197265625,0.08000000000000007,43226.274
2022-07-21,29.880699157714844,1.5,-775.92,1.58,23.11,106.91000366210938,14937.7001953125,0.08000000000000007,43226.274
2022-07-22,29.880300521850586,1.5,-775.92,1.58,23.03,106.7300033569336,14949.3603515625,0.08000000000000007,43226.274
2022-07-25,29.801000595092773,1.5,-775.92,1.58,23.36,106.4800033569336,14936.330078125,0.08000000000000007,43226.274
2022-07-26,29.827999114990234,1.5,-775.92,1.58,24.69,107.19000244140625,14806.7802734375,0.08000000000000007,43226.274
2022-07-27,29.920299530029297,1.5,-775.92,1.58,23.24,106.44999694824219,14921.58984375,0.08000000000000007,43226.274
2022-07-28,29.85930061340332,1.5,-775.92,2.33,22.33,106.3499984741211,14891.900390625,0.8300000000000001,43226.274
2022-07-29,29.915000915527344,1.5,-775.92,2.32,21.33,105.9000015258789,15000.0703125,0.8199999999999998,43226.274
2022-08-01,30.00200080871582,1.5,-775.92,2.33,22.84,105.44999694824219,14981.6904296875,0.8300000000000001,40299.001
2022-08-02,30.167999267578125,1.5,-775.92,2.33,23.93,106.23999786376953,14747.23046875,0.8300000000000001,40299.001
2022-08-03,29.966299057006836,1.5,-775.92,2.33,21.95,106.51000213623047,14777.01953125,0.8300000000000001,40299.001
2022-08-04,29.941999435424805,1.5,-775.92,2.33,21.44,105.69000244140625,14702.2001953125,0.8300000000000001,40299.001
2022-08-05,29.95170021057129,1.5,-775.92,2.33,21.15,106.62000274658203,15036.0400390625,0.8300000000000001,40299.001
2022-08-08,29.94499969482422,1.5,-775.92,2.33,21.29,106.44000244140625,15020.41015625,0.8300000000000001,40299.001
2022-08-09,30.000699996948242,1.5,-775.92,2.33,21.77,106.37000274658203,15050.2802734375,0.8300000000000001,40299.001
2022-08-10,30.027999877929688,1.5,-775.92,2.33,19.74,105.19999694824219,14939.01953125,0.8300000000000001,40299.001
2022-08-11,29.910400390625,1.5,-775.92,2.33,20.2,105.08999633789062,15197.849609375,0.8300000000000001,40299.001
2022-08-12,29.94930076599121,1.5,-775.92,2.33,19.53,105.62999725341797,15288.9697265625,0.8300000000000001,40299.001
2022-08-15,29.94300079345703,1.5,-775.92,2.33,19.95,106.55000305175781,15417.349609375,0.8300000000000001,40299.001
2022-08-16,29.98270034790039,1.5,-775.92,2.33,19.69,106.5,15420.5703125,0.8300000000000001,40299.001
2022-08-17,29.94379997253418,1.5,-822.82,2.33,19.9,106.56999969482422,15465.4501953125,0.8300000000000001,40299.001
2022-08-18,29.935699462890625,1.5,-822.82,2.33,19.56,107.4800033569336,15396.759765625,0.8300000000000001,40299.001
2022-08-19,29.97369956970215,1.5,-822.82,2.33,20.6,108.16999816894531,15408.7802734375,0.8300000000000001,40299.001
2022-08-22,30.101999282836914,1.5,-822.82,2.33,23.8,109.05000305175781,15245.1396484375,0.8300000000000001,40299.001
2022-08-23,30.13170051574707,1.5,-822.82,2.33,24.11,108.62000274658203,15095.8896484375,0.8300000000000001,40299.001
2022-08-24,30.170000076293945,1.5,-822.82,2.33,22.82,108.68000030517578,15069.1904296875,0.8300000000000001,40299.001
2022-08-25,30.204999923706055,1.5,-822.82,2.33,21.78,108.47000122070312,15200.0400390625,0.8300000000000001,40299.001
2022-08-26,30.187999725341797,1.5,-822.82,2.33,25.56,108.80000305175781,15278.4404296875,0.8300000000000001,40299.001
2022-08-29,30.2810001373291,1.5,-822.82,2.33,26.21,108.83999633789062,14926.1904296875,0.8300000000000001,40299.001
2022-08-30,30.368000030517578,1.5,-822.82,2.33,26.21,108.7699966430664,14953.6298828125,0.8300000000000001,40299.001
2022-08-31,30.43670082092285,1.5,-822.82,2.33,25.87,108.69999694824219,15095.4404296875,0.8300000000000001,40299.001
2022-09-01,30.332700729370117,1.5,-822.82,2.33,25.56,109.69000244140625,14801.8603515625,0.8300000000000001,37517.303
2022-09-02,30.548200607299805,1.5,-822.82,2.33,25.47,109.52999877929688,14673.0400390625,0.8300000000000001,37517.303
2022-09-06,30.68600082397461,1.5,300.69,2.33,26.91,110.20999908447266,14677.2001953125,0.8300000000000001,37517.303
2022-09-07,30.7987003326416,1.5,300.69,2.33,24.64,109.83999633789062,14410.0498046875,0.8300000000000001,37517.303
2022-09-08,30.84779930114746,1.5,300.69,2.33,23.61,109.70999908447266,14583.419921875,0.8300000000000001,37517.303
2022-09-12,30.850000381469727,1.5,300.69,2.33,23.87,108.33000183105469,14807.4296875,0.8300000000000001,37517.303
2022-09-13,30.882999420166016,1.5,300.69,2.33,27.27,109.81999969482422,14894.41015625,0.8300000000000001,37517.303
2022-09-14,31.11870002746582,1.5,300.69,2.33,26.16,109.66000366210938,14658.3095703125,0.8300000000000001,37517.303
2022-09-15,31.069000244140625,1.5,300.69,2.33,26.27,109.73999786376953,14670.0400390625,0.8300000000000001,37517.303
2022-09-16,31.222000122070312,1.5,300.69,2.33,26.3,109.76000213623047,14561.759765625,0.8300000000000001,37517.303
2022-09-19,31.26099967956543,1.5,300.69,2.33,25.76,109.73999786376953,14425.6796875,0.8300000000000001,37517.303
2022-09-20,31.32200050354004,1.5,300.69,2.33,27.16,110.22000122070312,14549.2998046875,0.8300000000000001,37517.303
2022-09-21,31.339000701904297,1.5,300.69,2.33,27.99,110.63999938964844,14424.51953125,0.8300000000000001,37517.303
2022-09-22,31.450000762939453,1.5,300.69,3.08,27.35,111.3499984741211,14284.6298828125,1.58,37517.303
2022-09-23,31.538299560546875,1.625,300.69,3.08,29.92,113.19000244140625,14118.3798828125,1.455,37517.303
2022-09-26,31.791000366210938,1.625,300.69,3.08,32.26,114.0999984741211,13778.1904296875,1.455,37517.303
2022-09-27,31.822999954223633,1.625,300.69,3.08,32.6,114.11000061035156,13826.58984375,1.455,37517.303
2022-09-28,31.674999237060547,1.625,300.69,3.08,30.18,112.5999984741211,13466.0703125,1.455,37517.303
2022-09-29,31.67099952697754,1.625,300.69,3.08,31.84,112.25,13534.259765625,1.455,37517.303
2022-09-30,31.63050079345703,1.625,300.69,3.08,31.62,112.12000274658203,13424.580078125,1.455,37517.303
2022-10-03,31.80299949645996,1.625,300.69,3.08,30.1,111.75,13300.48046875,1.455,39913.497
2022-10-04,31.783700942993164,1.625,300.69,3.08,29.07,110.06999969482422,13576.51953125,1.455,39913.497
2022-10-05,31.628000259399414,1.625,300.69,3.08,28.55,111.06999969482422,13801.4296875,1.455,39913.497
2022-10-06,31.523500442504883,1.625,300.69,3.08,30.52,112.26000213623047,13892.0498046875,1.455,39913.497
2022-10-07,31.538999557495117,1.625,300.69,3.08,31.36,112.80000305175781,13702.2802734375,1.455,39913.497
2022-10-11,31.792800903320312,1.625,300.69,3.08,33.63,113.22000122070312,13106.0302734375,1.455,39913.497
2022-10-12,31.825300216674805,1.625,300.69,3.08,33.57,113.31999969482422,13081.240234375,1.455,39913.497
2022-10-13,31.774200439453125,1.625,300.69,3.08,31.94,112.36000061035156,12810.73046875,1.455,39913.497
2022-10-14,31.848600387573242,1.625,300.69,3.08,32.02,113.30999755859375,13128.1201171875,1.455,39913.497
2022-10-17,31.961999893188477,1.625,300.69,3.08,31.37,112.04000091552734,12966.0498046875,1.455,39913.497
2022-10-18,31.988000869750977,1.625,300.69,3.08,30.5,112.12999725341797,13124.6796875,1.455,39913.497
2022-10-19,32.016998291015625,1.625,300.69,3.08,30.76,112.9800033569336,12976.759765625,1.455,39913.497
2022-10-20,32.152000427246094,1.625,300.69,3.08,29.98,112.87999725341797,12946.099609375,1.455,39913.497
2022-10-21,32.09400177001953,1.625,300.69,3.08,29.69,112.01000213623047,12819.2001953125,1.455,39913.497
2022-10-24,32.18000030517578,1.625,-535.81,3.08,29.85,111.98999786376953,12856.98046875,1.455,39913.497
2022-10-25,32.31129837036133,1.625,-535.81,3.08,28.46,110.94999694824219,12666.1201171875,1.455,39913.497
2022-10-26,32.22700119018555,1.625,-535.81,3.08,27.28,109.69999694824219,12729.0498046875,1.455,39913.497
2022-10-27,31.962900161743164,1.625,-535.81,3.08,27.39,110.58999633789062,12926.3701171875,1.455,39913.497
2022-10-28,32.042999267578125,1.625,-535.81,3.08,25.75,110.66999816894531,12788.419921875,1.455,39913.497
2022-10-31,32.11399841308594,1.625,-535.81,3.08,25.88,111.52999877929688,12949.75,1.455,39913.497
2022-11-01,32.24769973754883,1.625,-568.42,3.08,25.81,111.4800033569336,13037.2099609375,1.455,36111.634
2022-11-02,32.124000549316406,1.625,-450.99,3.08,25.86,111.3499984741211,13100.169921875,1.455,36111.634
2022-11-03,32.247501373291016,1.625,-450.99,3.83,25.3,112.93000030517578,12986.599609375,2.205,36111.634
2022-11-04,32.150001525878906,1.625,-450.99,3.83,24.55,110.87999725341797,13026.7099609375,2.205,36111.634
2022-11-07,31.999000549316406,1.625,-450.99,3.83,24.35,110.12000274658203,13223.73046875,2.205,36111.634
2022-11-08,31.850000381469727,1.625,-450.99,3.83,25.54,109.62000274658203,13347.759765625,2.205,36111.634
2022-11-09,31.7898006439209,1.625,-450.99,3.83,26.09,110.55000305175781,13638.8095703125,2.205,36111.634
2022-11-10,31.91200065612793,1.625,-450.99,3.83,23.53,108.20999908447266,13503.759765625,2.205,36111.634
2022-11-11,31.402000427246094,1.625,-450.99,3.83,22.52,106.29000091552734,14007.5595703125,2.205,36111.634
2022-11-14,31.096599578857422,1.625,-450.99,3.83,23.73,106.66000366210938,14174.900390625,2.205,36111.634
2022-11-15,30.888999938964844,1.625,-450.99,3.83,24.54,106.4000015258789,14546.3095703125,2.205,36111.634
2022-11-16,31.07900047302246,1.625,-450.99,3.83,24.11,106.27999877929688,14537.349609375,2.205,36111.634
2022-11-17,31.03499984741211,1.625,-450.99,3.83,23.93,106.69000244140625,14535.23046875,2.205,36111.634
2022-11-18,31.024999618530273,1.625,-450.99,3.83,23.12,106.93000030517578,14504.990234375,2.205,36111.634
2022-11-21,31.111299514770508,1.625,-450.99,3.83,22.36,107.83999633789062,14449.3896484375,2.205,36111.634
2022-11-22,31.131000518798828,1.625,514.96,3.83,21.29,107.22000122070312,14542.2001953125,2.205,36111.634
2022-11-23,31.107200622558594,1.625,514.96,3.83,20.35,106.08000183105469,14608.5400390625,2.205,36111.634
2022-11-25,30.913000106811523,1.625,514.96,3.83,20.5,105.95999908447266,14778.509765625,2.205,36111.634
2022-11-28,30.928499221801758,1.625,514.96,3.83,22.21,106.68000030517578,14556.8701171875,2.205,36111.634
2022-11-29,31.006099700927734,1.625,514.96,3.83,21.89,106.81999969482422,14709.6396484375,2.205,36111.634
2022-11-30,30.945999145507812,1.625,514.96,3.83,20.58,105.94999694824219,14879.5498046875,2.205,36111.634
2022-12-01,30.777999877929688,1.625,514.96,3.83,19.84,104.7300033569336,15012.7998046875,2.205,35733.834
2022-12-02,30.587799072265625,1.625,619.79,3.83,19.06,104.55000305175781,14970.6796875,2.205,35733.834
2022-12-05,30.538000106811523,1.625,-524.43,3.83,20.75,105.29000091552734,14980.740234375,2.205,35733.834
2022-12-06,30.562999725341797,1.625,-524.43,3.83,22.17,105.58000183105469,14728.8798828125,2.205,35733.834
2022-12-07,30.633499145507812,1.625,-524.43,3.83,22.68,105.0999984741211,14630.009765625,2.205,35733.834
2022-12-08,30.636999130249023,1.625,-524.43,3.83,22.29,104.7699966430664,14553.0400390625,2.205,35733.834
2022-12-09,30.46299934387207,1.625,-524.43,3.83,22.83,104.80999755859375,14705.4296875,2.205,35733.834
2022-12-12,30.693700790405273,1.625,-524.43,3.83,25.0,105.12999725341797,14612.58984375,2.205,35733.834
2022-12-13,30.68000030517578,1.625,-524.43,3.83,22.55,103.9800033569336,14522.9599609375,2.205,35733.834
2022-12-14,30.60099983215332,1.625,-524.43,3.83,21.14,103.7699966430664,14739.3603515625,2.205,35733.834
2022-12-15,30.48430061340332,1.625,-742.66,4.33,22.83,104.55999755859375,14734.1298828125,2.705,35733.834
2022-12-16,30.809999465942383,1.75,-742.66,4.33,22.62,104.69999694824219,14528.5498046875,2.58,35733.834
2022-12-19,30.77079963684082,1.75,-742.66,4.33,22.42,104.72000122070312,14433.3203125,2.58,35733.834
2022-12-20,30.78569984436035,1.75,-742.66,4.33,21.48,103.97000122070312,14170.0302734375,2.58,35733.834
2022-12-21,30.724000930786133,1.75,-742.66,4.33,20.07,104.16000366210938,14234.400390625,2.58,35733.834
2022-12-22,30.679000854492188,1.75,-742.66,4.33,21.97,104.43000030517578,14442.9404296875,2.58,35733.834
2022-12-23,30.739999771118164,1.75,-742.66,4.33,20.87,104.30999755859375,14271.6298828125,2.58,35733.834
2022-12-27,30.7189998626709,1.75,-742.66,4.33,21.65,104.18000030517578,14328.4296875,2.58,35733.834
2022-12-28,30.72209930419922,1.75,-742.66,4.33,22.14,104.45999908447266,14173.099609375,2.58,35733.834
2022-12-29,30.72800064086914,1.75,-742.66,4.33,21.44,103.83999633789062,14085.01953125,2.58,35733.834
2022-12-30,30.680099487304688,1.75,-57.9,4.33,21.67,103.5199966430664,14137.6904296875,2.58,35733.834
2023-01-03,30.72010040283203,1.75,-57.9,4.33,22.9,104.5199966430664,14224.1201171875,2.58,31499.318
2023-01-04,30.650299072265625,1.75,-57.9,4.33,22.01,104.25,14199.1298828125,2.58,31499.318
2023-01-05,30.687999725341797,1.75,-57.9,4.33,22.46,105.04000091552734,14301.0498046875,2.58,31499.318
2023-01-06,30.62299919128418,1.75,-57.9,4.33,21.13,103.87999725341797,14373.33984375,2.58,31499.318
2023-01-09,30.561500549316406,1.75,-57.9,4.33,21.97,103.0,14752.2099609375,2.58,31499.318
2023-01-10,30.461999893188477,1.75,-57.9,4.33,20.58,103.23999786376953,14802.9599609375,2.58,31499.318
2023-01-11,30.432600021362305,1.75,-57.9,4.33,21.09,103.19000244140625,14751.4404296875,2.58,31499.318
2023-01-12,30.434999465942383,1.75,216.3,4.33,18.83,102.25,14731.6396484375,2.58,31499.318
2023-01-13,30.32550048828125,1.75,216.3,4.33,18.35,102.19999694824219,14824.1298828125,2.58,31499.318
2023-01-17,30.32900047302246,1.75,216.3,4.33,19.36,102.38999938964844,14932.9296875,2.58,31499.318
2023-01-30,30.256000518798828,1.75,216.3,4.33,19.94,102.27999877929688,15493.8203125,2.58,31499.318
2023-01-31,30.094999313354492,1.75,216.3,4.33,19.4,102.0999984741211,15265.2001953125,2.58,31499.318
2023-02-01,30.0310001373291,1.75,216.3,4.33,17.87,101.22000122070312,15420.1298828125,2.58,31038.833
2023-02-02,29.533000946044922,1.75,216.3,4.58,18.73,101.75,15595.16015625,2.83,31038.833
2023-02-03,29.542999267578125,1.75,216.3,4.58,18.33,102.91999816894531,15602.66015625,2.83,31038.833
2023-02-06,29.96579933166504,1.75,216.3,4.58,19.43,103.62000274658203,15392.8203125,2.83,31038.833
2023-02-07,29.998300552368164,1.75,216.3,4.58,18.66,103.43000030517578,15400.91015625,2.83,31038.833
2023-02-08,30.027099609375,1.75,216.3,4.58,19.63,103.41000366210938,15618.169921875,2.83,31038.833
2023-02-09,30.041500091552734,1.75,-299.14,4.57,20.71,103.22000122070312,15598.7099609375,2.8200000000000003,31038.833
2023-02-10,30.003000259399414,1.75,592.42,4.58,20.53,103.62999725341797,15586.650390625,2.83,31038.833
2023-02-13,30.18079948425293,1.75,592.42,4.58,20.34,103.3499984741211,15544.2802734375,2.83,31038.833
2023-02-14,30.219999313354492,1.75,592.42,4.58,18.91,103.2300033569336,15654.48046875,2.83,31038.833
2023-02-15,30.248699188232422,1.75,592.42,4.58,18.23,103.91999816894531,15432.8896484375,2.83,31038.833
2023-02-16,30.302000045776367,1.75,592.42,4.58,20.17,103.86000061035156,15550.5,2.83,31038.833
2023-02-17,30.253000259399414,1.75,592.42,4.58,20.02,103.86000061035156,15479.7001953125,2.83,31038.833
2023-02-21,30.364500045776367,1.75,-54.9,4.58,22.87,104.18000030517578,15563.0,2.83,31038.833
2023-02-22,30.484500885009766,1.75,-54.9,4.58,22.29,104.58999633789062,15418.76953125,2.83,31038.833
2023-02-23,30.475299835205078,1.75,-54.9,4.58,21.14,104.5999984741211,15615.41015625,2.83,31038.833
2023-02-24,30.283000946044922,1.75,-54.9,4.58,21.67,105.20999908447266,15503.7900390625,2.83,31038.833
2023-03-01,30.64579963684082,1.75,-54.9,4.58,20.58,104.4800033569336,15598.490234375,2.83,35175.111
2023-03-02,30.560699462890625,1.75,-54.9,4.57,19.59,105.02999877929688,15598.7197265625,2.8200000000000003,35175.111
2023-03-03,30.601499557495117,1.75,-54.9,4.57,18.49,104.5199966430664,15608.419921875,2.8200000000000003,35175.111
2023-03-06,30.498600006103516,1.75,-54.9,4.57,18.61,104.3499984741211,15763.509765625,2.8200000000000003,35175.111
2023-03-07,30.575000762939453,1.75,-54.9,4.57,19.59,105.62000274658203,15857.8896484375,2.8200000000000003,35175.111
2023-03-08,30.726299285888672,1.75,-54.9,4.57,19.11,105.66000366210938,15818.2001953125,2.8200000000000003,35175.111
2023-03-09,30.72480010986328,1.75,-54.9,4.57,22.61,105.30999755859375,15770.66015625,2.8200000000000003,35175.111
2023-03-10,30.813899993896484,1.75,-54.9,4.57,24.8,104.58000183105469,15526.2001953125,2.8200000000000003,35175.111
2023-03-13,30.828699111938477,1.75,-54.9,4.58,26.52,103.5999984741211,15560.490234375,2.83,35175.111
2023-03-14,30.454999923706055,1.75,-54.9,4.58,23.73,103.5999984741211,15360.419921875,2.83,35175.111
2023-03-15,30.378999710083008,1.75,-54.9,4.58,26.14,104.6500015258789,15387.58984375,2.83,35175.111
2023-03-16,30.520000457763672,1.75,-54.9,4.58,22.99,104.41999816894531,15221.1201171875,2.83,35175.111
2023-03-17,30.548999786376953,1.75,-54.9,4.58,25.51,103.70999908447266,15452.9599609375,2.83,35175.111
2023-03-20,30.618000030517578,1.75,-54.9,4.58,24.15,103.27999877929688,15419.9697265625,2.83,35175.111
2023-03-21,30.506000518798828,1.75,-54.9,4.58,21.38,103.26000213623047,15513.4501953125,2.83,35175.111
2023-03-22,30.480100631713867,1.75,-54.9,4.58,22.26,102.3499984741211,15760.4599609375,2.83,35175.111
2023-03-23,30.350000381469727,1.75,-54.9,4.83,22.61,102.52999877929688,15863.9501953125,3.08,35175.111
2023-03-24,30.13800048828125,1.875,-54.9,4.83,21.74,103.12000274658203,15914.7001953125,2.955,35175.111
2023-03-27,30.320999145507812,1.875,-902.27,4.83,20.6,102.86000061035156,15830.3095703125,2.955,35175.111
2023-03-28,30.163000106811523,1.875,-902.27,4.83,19.97,102.43000030517578,15701.48046875,2.955,35175.111
2023-03-29,30.344999313354492,1.875,-902.27,4.83,19.12,102.63999938964844,15769.759765625,2.955,35175.111
2023-03-30,30.516000747680664,1.875,-902.27,4.83,19.02,102.13999938964844,15849.4296875,2.955,35175.111
2023-03-31,30.351999282836914,1.875,-902.27,4.83,18.7,102.51000213623047,15868.0595703125,2.955,35175.111
2023-04-06,30.540800094604492,1.875,-902.27,4.83,18.4,101.81999969482422,15810.76953125,2.955,35932.324
2023-04-10,30.39299964904785,1.875,898.56,4.83,18.97,102.58000183105469,15876.169921875,2.955,35932.324
2023-04-11,30.522199630737305,1.875,898.56,4.83,19.1,102.19999694824219,15913.8798828125,2.955,35932.324
2023-04-12,30.479900360107422,1.875,898.56,4.83,19.09,101.5,15932.9697265625,2.955,35932.324
2023-04-13,30.446500778198242,1.875,898.56,4.83,17.8,101.01000213623047,15804.759765625,2.955,35932.324
2023-04-14,30.451000213623047,1.875,898.56,4.83,17.07,101.55000305175781,15929.4296875,2.955,35932.324
2023-04-17,30.506000518798828,1.875,-634.3,4.83,16.95,102.0999984741211,15963.5498046875,2.955,35932.324
2023-04-18,30.46649932861328,1.875,-634.3,4.83,16.83,101.75,15869.4404296875,2.955,35932.324
2023-04-19,30.451900482177734,1.875,-634.3,4.83,16.46,101.97000122070312,15770.4697265625,2.955,35932.324
2023-04-20,30.537500381469727,1.875,-634.3,4.83,17.17,101.83999633789062,15707.51953125,2.955,35932.324
2023-04-21,30.55929946899414,1.875,-183.63,4.83,16.77,101.81999969482422,15602.990234375,2.955,35932.324
2023-04-24,30.625,1.875,857.68,4.83,16.89,101.3499984741211,15626.8701171875,2.955,35932.324
2023-04-25,30.57200050354004,1.875,857.68,4.83,18.76,101.86000061035156,15370.73046875,2.955,35932.324
2023-04-26,30.693700790405273,1.875,857.68,4.83,18.84,101.47000122070312,15374.6298828125,2.955,35932.324
2023-04-27,30.628299713134766,1.875,857.68,4.83,17.03,101.5,15411.490234375,2.955,35932.324
2023-04-28,30.626800537109375,1.875,487.55,4.83,15.78,101.66999816894531,15579.1796875,2.955,35932.324
2023-05-02,30.72879981994629,1.875,487.55,4.83,17.78,101.95999908447266,15636.48046875,2.955,36108.519
2023-05-03,30.75480079650879,1.875,487.55,4.83,18.34,101.33999633789062,15553.41015625,2.955,36108.519
2023-05-04,30.646799087524414,1.875,487.55,5.08,20.09,101.4000015258789,15609.0302734375,3.205,36108.519
2023-05-05,30.627899169921875,1.875,-552.7,5.08,17.19,101.20999908447266,15626.0703125,3.205,36108.519
2023-05-08,30.577999114990234,1.875,-552.7,5.08,16.98,101.37000274658203,15699.5703125,3.205,36108.519
2023-05-09,30.58799934387207,1.875,-552.7,5.08,17.71,101.63999938964844,15727.7001953125,3.205,36108.519
2023-05-10,30.649799346923828,1.875,-552.7,5.08,16.94,101.4800033569336,15641.759765625,3.205,36108.519
2023-05-11,30.61440086364746,1.875,-552.7,5.08,16.93,102.05999755859375,15514.6396484375,3.205,36108.519
2023-05-12,30.697900772094727,1.875,-552.7,5.08,17.03,102.68000030517578,15502.3603515625,3.205,36108.519
2023-05-15,30.809999465942383,1.875,-552.7,5.08,17.12,102.43000030517578,15475.0498046875,3.205,36108.519
2023-05-16,30.743000030517578,1.875,-552.7,5.08,17.99,102.55999755859375,15673.900390625,3.205,36108.519
2023-05-17,30.777799606323242,1.875,-552.7,5.08,16.87,102.87999725341797,15925.2900390625,3.205,36108.519
2023-05-18,30.79129981994629,1.875,-552.7,5.08,16.05,103.58000183105469,16101.8798828125,3.205,36108.519
2023-05-19,30.69029998779297,1.875,-552.7,5.08,16.81,103.19999694824219,16174.919921875,3.205,36108.519
2023-05-22,30.6200008392334,1.875,-552.7,5.08,17.21,103.19999694824219,16180.8896484375,3.205,36108.519
2023-05-23,30.660999298095703,1.875,-552.7,5.08,18.53,103.48999786376953,16188.0302734375,3.205,36108.519
2023-05-24,30.805400848388672,1.875,-552.7,5.08,20.03,103.88999938964844,16159.3203125,3.205,36108.519
2023-05-25,30.808399200439453,1.875,-552.7,5.08,19.14,104.20999908447266,16292.0,3.205,36108.519
2023-05-26,30.75979995727539,1.875,-552.7,5.08,17.95,104.20999908447266,16505.05078125,3.205,36108.519
2023-05-30,30.535999298095703,1.875,-552.7,5.08,17.46,104.16999816894531,16622.740234375,3.205,36108.519
2023-05-31,30.56130027770996,1.875,-552.7,5.08,17.94,104.31999969482422,16578.9609375,3.205,36108.519
2023-06-01,30.64590072631836,1.875,-552.7,5.08,15.65,103.55999755859375,16512.650390625,3.205,32315.813
2023-06-02,30.582799911499023,1.875,-552.7,5.08,14.6,104.0199966430664,16706.91015625,3.205,32315.813
2023-06-05,30.66699981689453,1.875,-552.7,5.08,14.73,104.0,16714.4296875,3.205,32315.813
2023-06-06,30.64579963684082,1.875,-552.7,5.08,13.96,104.12999725341797,16761.66015625,3.205,32315.813
2023-06-07,30.631799697875977,1.875,-552.7,5.08,13.94,104.0999984741211,16922.48046875,3.205,32315.813
2023-06-08,30.712900161743164,1.875,-552.7,5.08,13.65,103.33999633789062,16733.689453125,3.205,32315.813
2023-06-09,30.64579963684082,1.875,-552.7,5.08,13.83,103.55999755859375,16886.400390625,3.205,32315.813
2023-06-12,30.660999298095703,1.875,-552.7,5.08,15.01,103.62999725341797,16955.369140625,3.205,32315.813
2023-06-13,30.711299896240234,1.875,-552.7,5.08,14.61,103.33999633789062,17216.599609375,3.205,32315.813
2023-06-14,30.577999114990234,1.875,-552.7,5.08,13.88,103.01000213623047,17238.140625,3.205,32315.813
2023-06-15,30.731300354003906,1.875,-552.7,5.07,14.5,102.12000274658203,17334.98046875,3.1950000000000003,32315.813
2023-06-16,30.65329933166504,1.875,-552.7,5.08,13.54,102.30000305175781,17288.91015625,3.205,32315.813
2023-06-20,30.791799545288086,1.875,-552.7,5.07,13.88,102.54000091552734,17184.91015625,3.1950000000000003,32315.813
2023-06-21,30.95330047607422,1.875,-971.27,5.07,13.2,102.06999969482422,17202.400390625,3.1950000000000003,32315.813
2023-06-26,30.996999740600586,1.875,-971.27,5.07,14.25,102.69000244140625,17059.240234375,3.1950000000000003,32315.813
2023-06-27,31.003999710083008,1.875,-971.27,5.07,13.74,102.48999786376953,16887.900390625,3.1950000000000003,32315.813
2023-06-28,30.993499755859375,1.875,-971.27,5.07,13.43,102.91000366210938,16935.630859375,3.1950000000000003,32315.813
2023-06-29,31.056499481201172,1.875,-971.27,5.07,13.54,103.33999633789062,16942.30078125,3.1950000000000003,32315.813
2023-06-30,31.117300033569336,1.875,-971.27,5.08,13.59,102.91000366210938,16915.5390625,3.205,32315.813
2023-07-03,31.145999908447266,1.875,-971.27,5.08,13.57,102.98999786376953,17084.19921875,3.205,38723.136
2023-07-05,31.077999114990234,1.875,-971.27,5.08,14.18,103.37000274658203,17056.4296875,3.205,38723.136
2023-07-06,31.224199295043945,1.875,-971.27,5.08,15.44,103.16999816894531,16762.169921875,3.205,38723.136
2023-07-07,31.326900482177734,1.875,-971.27,5.08,14.83,102.2699966430664,16664.2109375,3.205,38723.136
2023-07-10,31.259000778198242,1.875,-971.27,5.07,15.07,101.97000122070312,16652.80078125,3.1950000000000003,38723.136
2023-07-11,31.360000610351562,1.875,-971.27,5.08,14.84,101.7300033569336,16898.91015625,3.205,38723.136
2023-07-12,31.265499114990234,1.875,-971.27,5.08,13.54,100.5199966430664,16962.029296875,3.205,38723.136
2023-07-13,31.03380012512207,1.875,-971.27,5.08,13.61,99.7699966430664,17061.400390625,3.205,38723.136
2023-07-14,30.957799911499023,1.875,-971.27,5.08,13.34,99.91000366210938,17283.7109375,3.205,38723.136
2023-07-17,30.950000762939453,1.875,-971.27,5.08,13.48,99.83999633789062,17334.2890625,3.205,38723.136
2023-07-18,30.950000762939453,1.875,-971.27,5.08,13.3,99.94000244140625,17227.91015625,3.205,38723.136
2023-07-19,30.902999877929688,1.875,-406.0,5.08,13.76,100.27999877929688,17116.439453125,3.205,38723.136
2023-07-20,31.04330062866211,1.875,-406.0,5.08,13.99,100.87999725341797,17164.890625,3.205,38723.136
2023-07-21,31.037799835205078,1.875,-406.0,5.08,13.6,101.06999969482422,17030.69921875,3.205,38723.136
2023-07-24,31.32200050354004,1.875,-406.0,5.08,13.91,101.3499984741211,17033.609375,3.205,38723.136
2023-07-25,31.299999237060547,1.875,-406.0,5.08,13.86,101.3499984741211,17198.890625,3.205,38723.136
2023-07-26,31.166000366210938,1.875,-406.0,5.08,13.19,100.88999938964844,17162.55078125,3.205,38723.136
2023-07-27,31.214000701904297,1.875,-406.0,5.33,14.41,101.7699966430664,17241.8203125,3.455,38723.136
2023-07-28,31.296300888061523,1.875,705.79,5.33,13.33,101.62000274658203,17292.9296875,3.455,38723.136
2023-07-31,31.353500366210938,1.875,705.79,5.33,13.63,101.86000061035156,17145.4296875,3.455,38723.136
2023-08-01,31.39889907836914,1.875,705.79,5.33,13.93,102.30000305175781,17212.869140625,3.455,37354.886
2023-08-02,31.594999313354492,1.875,705.79,5.33,16.09,102.58999633789062,16893.73046875,3.455,37354.886
2023-08-04,31.640499114990234,1.875,705.79,5.33,17.1,102.0199966430664,16843.6796875,3.455,37354.886
2023-08-07,31.652000427246094,1.875,705.79,5.33,15.77,102.05000305175781,16996.0,3.455,37354.886
2023-08-08,31.66550064086914,1.875,705.79,5.33,15.99,102.52999877929688,16877.0703125,3.455,37354.886
2023-08-09,31.795499801635742,1.875,705.79,5.33,15.96,102.48999786376953,16870.939453125,3.455,37354.886
2023-08-10,31.708999633789062,1.875,705.79,5.33,15.85,102.5199966430664,16634.69921875,3.455,37354.886
2023-08-11,31.741500854492188,1.875,705.79,5.33,14.84,102.83999633789062,16601.25,3.455,37354.886
2023-08-14,31.893999099731445,1.875,705.79,5.33,14.82,103.19000244140625,16393.66015625,3.455,37354.886
2023-08-15,31.90399932861328,1.875,249.1,5.33,16.46,103.20999908447266,16454.80078125,3.455,37354.886
2023-08-16,31.864900588989258,1.875,249.1,5.33,16.78,103.41999816894531,16446.779296875,3.455,37354.886
2023-08-17,31.912799835205078,1.875,249.1,5.33,17.89,103.44000244140625,16516.66015625,3.455,37354.886
2023-08-18,31.896400451660156,1.875,249.1,5.33,17.3,103.37999725341797,16381.3095703125,3.455,37354.886
2023-08-21,31.902000427246094,1.875,249.1,5.33,17.13,103.33000183105469,16381.490234375,3.455,37354.886
2023-08-22,31.916200637817383,1.875,249.1,5.33,16.97,103.55999755859375,16437.609375,3.455,37354.886
2023-08-23,31.976999282836914,1.875,249.1,5.33,15.98,103.36000061035156,16576.900390625,3.455,37354.886
2023-08-24,31.85580062866211,1.875,249.1,5.33,17.2,103.9800033569336,16770.869140625,3.455,37354.886
2023-08-25,31.81410026550293,1.875,249.1,5.33,15.68,104.08000183105469,16481.580078125,3.455,37354.886
2023-08-28,31.812000274658203,1.875,249.1,5.33,15.08,104.05999755859375,16509.259765625,3.455,37354.886
2023-08-29,31.81800079345703,1.875,249.1,5.33,14.45,103.55000305175781,16623.650390625,3.455,37354.886
2023-08-30,31.767000198364258,1.875,249.1,5.33,13.88,103.16000366210938,16719.8203125,3.455,37354.886
2023-08-31,31.798799514770508,1.875,249.1,5.33,13.57,103.62000274658203,16634.509765625,3.455,37354.886
2023-09-01,31.80780029296875,1.875,249.1,5.33,13.09,104.23999786376953,16644.939453125,3.455,38805.162
2023-09-05,31.857799530029297,1.875,249.1,5.33,14.01,104.80999755859375,16791.609375,3.455,38805.162
2023-09-06,31.904499053955078,1.875,249.1,5.33,14.45,104.86000061035156,16738.16015625,3.455,38805.162
2023-09-07,31.933900833129883,1.875,249.1,5.33,14.4,105.05999755859375,16619.140625,3.455,38805.162
2023-09-08,32.03139877319336,1.875,249.1,5.33,13.84,105.08999633789062,16576.01953125,3.455,38805.162
2023-09-11,32.084999084472656,1.875,249.1,5.33,13.8,104.56999969482422,16432.94921875,3.455,38805.162
2023-09-12,31.9064998626709,1.875,249.1,5.33,14.23,104.70999908447266,16572.7109375,3.455,38805.162
2023-09-13,31.96380043029785,1.875,249.1,5.33,13.48,104.7699966430664,16581.509765625,3.455,38805.162
2023-09-14,31.894899368286133,1.875,249.1,5.33,12.82,105.41000366210938,16807.560546875,3.455,38805.162
2023-09-15,31.868900299072266,1.875,249.1,5.33,13.79,105.31999969482422,16920.919921875,3.455,38805.162
2023-09-18,31.878000259399414,1.875,249.1,5.33,14.0,105.19999694824219,16698.240234375,3.455,38805.162
2023-09-19,31.898500442504883,1.875,249.1,5.33,14.11,105.19999694824219,16636.3203125,3.455,38805.162
2023-09-20,31.979999542236328,1.875,249.1,5.33,15.14,105.16000366210938,16534.75,3.455,38805.162
2023-09-21,32.0088996887207,1.875,249.1,5.33,17.54,105.36000061035156,16316.669921875,3.455,38805.162
2023-09-22,32.13800048828125,1.875,249.1,5.33,17.2,105.58000183105469,16344.48046875,3.455,38805.162
2023-09-25,32.13100051879883,1.875,249.1,5.33,16.9,106.0,16452.23046875,3.455,38805.162
2023-09-26,32.10279846191406,1.875,249.1,5.33,18.94,106.2300033569336,16276.0703125,3.455,38805.162
2023-09-27,32.18980026245117,1.875,249.1,5.33,18.22,106.66999816894531,16310.3603515625,3.455,38805.162
2023-09-28,32.225799560546875,1.875,249.1,5.33,17.34,106.22000122070312,16353.740234375,3.455,38805.162
2023-10-02,32.244998931884766,1.875,249.1,5.33,17.61,106.9000015258789,16557.310546875,3.455,38090.101
2023-10-03,32.306800842285156,1.875,249.1,5.33,19.78,107.0,16454.33984375,3.455,38090.101
2023-10-04,32.31169891357422,1.875,249.1,5.33,18.58,106.80000305175781,16273.3798828125,3.455,38090.101
2023-10-05,32.29119873046875,1.875,249.1,5.33,18.49,106.33000183105469,16453.51953125,3.455,38090.101
2023-10-06,32.20370101928711,1.875,249.1,5.33,17.45,106.04000091552734,16520.5703125,3.455,38090.101
2023-10-11,32.01649856567383,1.875,249.1,5.33,16.09,105.81999969482422,16672.029296875,3.455,38090.101
2023-10-12,32.059200286865234,1.875,249.1,5.33,16.69,106.56999969482422,16825.91015625,3.455,38090.101
2023-10-13,32.1697998046875,1.875,249.1,5.33,19.32,106.6500015258789,16782.5703125,3.455,38090.101
2023-10-16,32.19490051269531,1.875,249.1,5.33,17.21,106.23999786376953,16652.240234375,3.455,38090.101
2023-10-17,32.186500549316406,1.875,249.1,5.33,17.88,106.25,16642.55078125,3.455,38090.101
2023-10-18,32.32500076293945,1.875,249.1,5.33,19.22,106.56999969482422,16440.91015625,3.455,38090.101
2023-10-19,32.395301818847656,1.875,249.1,5.33,21.4,106.25,16452.73046875,3.455,38090.101
2023-10-20,32.34830093383789,1.875,249.1,5.33,21.71,106.16000366210938,16440.720703125,3.455,38090.101
2023-10-23,32.332000732421875,1.875,249.1,5.33,20.37,105.54000091552734,16251.3603515625,3.455,38090.101
2023-10-24,32.236000061035156,1.875,249.1,5.33,18.97,106.2699966430664,16309.759765625,3.455,38090.101
2023-10-25,32.20399856567383,1.875,249.1,5.33,20.19,106.52999877929688,16358.8896484375,3.455,38090.101
2023-10-26,32.38029861450195,1.875,249.1,5.33,20.68,106.5999984741211,16073.740234375,3.455,38090.101
2023-10-27,32.3588981628418,1.875,249.1,5.33,21.27,106.55999755859375,16134.6103515625,3.455,38090.101
2023-10-30,32.41400146484375,1.875,249.1,5.33,19.75,106.12000274658203,16149.6796875,3.455,38090.101
2023-10-31,32.247501373291016,1.875,249.1,5.33,18.14,106.66000366210938,16001.26953125,3.455,38090.101
2023-11-01,32.40290069580078,1.875,249.1,5.33,16.87,106.87999725341797,16038.5595703125,3.455,37456.355
2023-11-02,32.376800537109375,1.875,249.1,5.33,15.66,106.12000274658203,16396.94921875,3.455,37456.355
2023-11-03,32.159000396728516,1.875,249.1,5.33,14.91,105.0199966430664,16507.650390625,3.455,37456.355
2023-11-06,32.08940124511719,1.875,249.1,5.33,14.89,105.22000122070312,16649.359375,3.455,37456.355
2023-11-07,32.10200119018555,1.875,249.1,5.33,14.81,105.54000091552734,16684.94921875,3.455,37456.355
2023-11-08,32.0802001953125,1.875,249.1,5.33,14.45,105.58999633789062,16740.830078125,3.455,37456.355
2023-11-09,32.215999603271484,1.875,249.1,5.33,15.29,105.91000366210938,16745.650390625,3.455,37456.355
2023-11-10,32.253501892089844,1.875,249.1,5.33,14.17,105.86000061035156,16682.669921875,3.455,37456.355
2023-11-13,32.34579849243164,1.875,249.1,5.33,14.76,105.66000366210938,16839.2890625,3.455,37456.355
2023-11-14,32.24449920654297,1.875,249.1,5.33,14.16,104.11000061035156,16915.7109375,3.455,37456.355
2023-11-15,32.07699966430664,1.875,249.1,5.33,14.18,104.38999938964844,17128.779296875,3.455,37456.355
2023-11-16,32.00859832763672,1.875,249.1,5.33,14.32,104.37000274658203,17171.1796875,3.455,37456.355
2023-11-17,31.836999893188477,1.875,249.1,5.33,13.8,103.81999969482422,17208.94921875,3.455,37456.355
2023-11-20,31.734699249267578,1.875,249.1,5.33,13.41,103.47000122070312,17210.470703125,3.455,37456.355
2023-11-21,31.468000411987305,1.875,249.1,5.33,13.35,103.58999633789062,17416.69921875,3.455,37456.355
2023-11-22,31.374000549316406,1.875,249.1,5.33,12.85,103.91999816894531,17310.259765625,3.455,37456.355
2023-11-24,31.61400032043457,1.875,249.1,5.33,12.46,103.4000015258789,17287.419921875,3.455,37456.355
2023-11-27,31.63599967956543,1.875,-5.71,5.33,12.69,103.19999694824219,17137.419921875,3.455,37456.355
2023-11-28,31.524999618530273,1.875,-5.71,5.33,12.69,102.75,17341.25,3.455,37456.355
2023-11-29,31.27199935913086,1.875,-5.71,5.33,12.98,102.7699966430664,17370.560546875,3.455,37456.355
2023-11-30,31.069000244140625,1.875,-5.71,5.33,12.92,103.5,17433.849609375,3.455,37456.355
2023-12-01,31.374000549316406,1.875,-5.71,5.33,12.63,103.2699966430664,17438.349609375,3.455,39920.404
2023-12-04,31.18899917602539,1.875,-5.71,5.33,13.08,103.63999938964844,17421.48046875,3.455,39920.404
2023-12-05,31.423599243164062,1.875,-5.71,5.33,12.85,104.05000305175781,17328.009765625,3.455,39920.404
2023-12-06,31.516000747680664,1.875,223.72,5.33,12.97,104.1500015258789,17360.720703125,3.455,39920.404
2023-12-07,31.489099502563477,1.875,223.72,5.33,13.06,103.54000091552734,17278.740234375,3.455,39920.404
2023-12-08,31.427000045776367,1.875,223.72,5.33,12.35,104.01000213623047,17383.990234375,3.455,39920.404
2023-12-11,31.409500122070312,1.875,223.72,5.33,12.63,104.0999984741211,17418.33984375,3.455,39920.404
2023-12-12,31.327999114990234,1.875,223.72,5.33,12.07,103.87000274658203,17450.630859375,3.455,39920.404
2023-12-13,31.473100662231445,1.875,223.72,5.33,12.19,102.87000274658203,17468.9296875,3.455,39920.404
2023-12-14,31.156999588012695,1.875,223.72,5.33,12.48,101.95999908447266,17653.109375,3.455,39920.404
2023-12-15,31.18429946899414,1.875,223.72,5.33,12.28,102.55000305175781,17673.869140625,3.455,39920.404
2023-12-18,31.34779930114746,1.875,223.72,5.33,12.56,102.51000213623047,17652.029296875,3.455,39920.404
2023-12-19,31.375,1.875,285.82,5.33,12.53,102.16999816894531,17576.55078125,3.455,39920.404
2023-12-20,31.270000457763672,1.875,285.82,5.33,13.67,102.41000366210938,17635.19921875,3.455,39920.404
2023-12-21,31.309999465942383,1.875,285.82,5.33,13.65,101.83999633789062,17543.740234375,3.455,39920.404
2023-12-22,31.19300079345703,1.875,285.82,5.33,13.03,101.69999694824219,17596.630859375,3.455,39920.404
2023-12-26,31.119699478149414,1.875,285.82,5.33,12.99,101.47000122070312,17751.73046875,3.455,39920.404
2023-12-27,30.94300079345703,1.875,285.82,5.33,12.43,100.98999786376953,17891.5,3.455,39920.404
2023-12-28,30.845699310302734,1.875,285.82,5.33,12.47,101.2300033569336,17910.369140625,3.455,39920.404
2023-12-29,30.697999954223633,1.875,285.82,5.33,12.45,101.33000183105469,17930.810546875,3.455,39920.404
2024-01-02,30.66860008239746,1.875,285.82,5.33,13.2,102.19999694824219,17853.759765625,3.455,37082.467
2024-01-03,30.878999710083008,1.875,285.82,5.33,14.04,102.45999908447266,17559.310546875,3.455,37082.467
2024-01-04,31.041900634765625,1.875,285.82,5.33,14.13,102.41999816894531,17549.650390625,3.455,37082.467
2024-01-05,31.054000854492188,1.875,285.82,5.33,13.35,102.41000366210938,17519.140625,3.455,37082.467
2024-01-08,30.95199966430664,1.875,285.82,5.33,13.08,102.20999908447266,17572.66015625,3.455,37082.467
2024-01-09,30.72100067138672,1.875,-735.18,5.33,12.76,102.56999969482422,17535.490234375,3.455,37082.467
2024-01-10,31.061100006103516,1.875,-735.18,5.33,12.69,102.36000061035156,17465.630859375,3.455,37082.467
2024-01-11,31.117799758911133,1.875,-735.18,5.33,12.44,102.29000091552734,17545.3203125,3.455,37082.467
2024-01-12,30.893999099731445,1.875,-735.18,5.33,12.7,102.4000015258789,17512.830078125,3.455,37082.467
2024-01-16,31.19499969482422,1.875,-735.18,5.33,13.84,103.36000061035156,17346.869140625,3.455,37082.467
2024-01-17,31.45800018310547,1.875,-735.18,5.33,14.79,103.44999694824219,17161.7890625,3.455,37082.467
2024-01-18,31.542499542236328,1.875,-735.18,5.33,14.13,103.54000091552734,17227.7890625,3.455,37082.467
2024-01-19,31.58060073852539,1.875,-735.18,5.33,13.3,103.29000091552734,17681.51953125,3.455,37082.467
2024-01-22,31.383800506591797,1.875,-735.18,5.33,13.19,103.33000183105469,17815.099609375,3.455,37082.467
2024-01-23,31.368000030517578,1.875,-735.18,5.33,12.55,103.62000274658203,17874.58984375,3.455,37082.467
2024-01-24,31.395000457763672,1.875,868.66,5.33,13.14,103.23999786376953,17875.830078125,3.455,37082.467
2024-01-25,31.29199981689453,1.875,868.66,5.33,13.45,103.56999969482422,18002.619140625,3.455,37082.467
2024-01-26,31.315000534057617,1.875,868.66,5.33,13.26,103.47000122070312,17995.029296875,3.455,37082.467
2024-01-29,31.273099899291992,1.875,868.66,5.33,13.6,103.61000061035156,18119.630859375,3.455,37082.467
2024-01-30,31.184999465942383,1.875,868.66,5.33,13.31,103.4000015258789,18034.630859375,3.455,37082.467
2024-01-31,31.159099578857422,1.875,868.66,5.33,14.35,103.2699966430664,17889.560546875,3.455,37082.467
2024-02-01,31.2450008392334,1.875,868.66,5.33,13.88,103.05000305175781,17968.109375,3.455,31417.945
2024-02-02,31.233999252319336,1.875,868.66,5.33,13.85,103.91999816894531,18059.9296875,3.455,31417.945
2024-02-05,31.3257999420166,1.875,868.66,5.33,13.67,104.44999694824219,18096.0703125,3.455,31417.945
2024-02-15,31.34510040283203,1.875,868.66,5.33,14.01,104.30000305175781,18644.5703125,3.455,31417.945
2024-02-16,31.262699127197266,1.875,709.79,5.33,14.24,104.27999877929688,18607.25,3.455,31417.945
2024-02-20,31.402099609375,1.875,709.79,5.33,15.42,104.08000183105469,18753.16015625,3.455,31417.945
2024-02-21,31.37779998779297,1.875,709.79,5.33,15.34,104.01000213623047,18676.310546875,3.455,31417.945
2024-02-22,31.426300048828125,1.875,709.79,5.33,14.54,103.95999908447266,18852.779296875,3.455,31417.945
2024-02-23,31.45400047302246,1.875,709.79,5.33,13.75,103.94000244140625,18889.189453125,3.455,31417.945
2024-02-26,31.601999282836914,1.875,709.79,5.33,13.74,103.83000183105469,18948.05078125,3.455,31417.945
2024-02-27,31.5487003326416,1.875,709.79,5.33,13.43,103.83000183105469,18854.41015625,3.455,31417.945
2024-02-29,31.647899627685547,1.875,709.79,5.33,13.4,104.16000366210938,18966.76953125,3.455,31417.945
2024-03-01,31.614900588989258,1.875,709.79,5.33,13.11,103.86000061035156,18935.9296875,3.455,41789.527
2024-03-04,31.55929946899414,1.875,709.79,5.33,13.49,103.83000183105469,19305.310546875,3.455,41789.527
2024-03-05,31.509300231933594,1.875,709.79,5.33,14.46,103.80000305175781,19386.919921875,3.455,41789.527
2024-03-06,31.54050064086914,1.875,709.79,5.33,14.5,103.37000274658203,19499.44921875,3.455,41789.527
2024-03-07,31.464000701904297,1.875,709.79,5.33,14.44,102.81999969482422,19693.51953125,3.455,41789.527
2024-03-08,31.434799194335938,1.875,709.79,5.33,14.74,102.73999786376953,19785.3203125,3.455,41789.527
2024-03-11,31.452999114990234,1.875,709.79,5.33,15.22,102.87000274658203,19726.080078125,3.455,41789.527
2024-03-12,31.362199783325195,1.875,709.79,5.33,13.84,102.95999908447266,19914.55078125,3.455,41789.527
2024-03-13,31.398799896240234,1.875,709.79,5.33,13.75,102.79000091552734,19928.509765625,3.455,41789.527
2024-03-14,31.406600952148438,1.875,709.79,5.33,14.4,103.36000061035156,19937.919921875,3.455,41789.527
2024-03-15,31.525999069213867,1.875,709.79,5.33,14.41,103.43000030517578,19682.5,3.455,41789.527
2024-03-18,31.603700637817383,1.875,709.79,5.33,14.33,103.58000183105469,19879.849609375,3.455,41789.527
2024-03-19,31.641000747680664,1.875,709.79,5.33,13.82,103.80999755859375,19857.19921875,3.455,41789.527
2024-03-20,31.73040008544922,1.875,709.79,5.33,13.04,103.41000366210938,19784.44921875,3.455,41789.527
2024-03-21,31.76219940185547,1.875,709.79,5.33,12.92,104.0,20199.08984375,3.455,41789.527
2024-03-22,31.882999420166016,2.0,709.79,5.33,13.06,104.43000030517578,20228.4296875,3.33,41789.527
2024-03-25,31.934999465942383,2.0,709.79,5.33,13.19,104.2300033569336,20192.25,3.33,41789.527
2024-03-26,31.733999252319336,2.0,709.79,5.33,13.24,104.29000091552734,20126.490234375,3.33,41789.527
2024-03-27,31.885299682617188,2.0,709.79,5.33,12.78,104.3499984741211,20200.119140625,3.33,41789.527
2024-03-28,31.979400634765625,2.0,709.79,5.33,13.01,104.55000305175781,20146.55078125,3.33,41789.527
2024-04-01,31.93400001525879,2.0,709.79,5.33,13.65,105.0199966430664,20222.330078125,3.33,37442.675
2024-04-02,32.01499938964844,2.0,709.79,5.33,14.61,104.81999969482422,20466.5703125,3.33,37442.675
2024-04-03,32.03900146484375,2.0,709.79,5.33,14.33,104.25,20337.599609375,3.33,37442.675
2024-04-08,32.11119842529297,2.0,709.79,5.33,15.19,104.13999938964844,20417.69921875,3.33,37442.675
2024-04-09,32.07279968261719,2.0,709.79,5.33,14.98,104.1500015258789,20796.19921875,3.33,37442.675
2024-04-10,31.96619987487793,2.0,-409.52,5.33,15.8,105.25,20763.529296875,3.33,37442.675
2024-04-11,32.18299865722656,2.0,-409.52,5.33,14.91,105.27999877929688,20753.220703125,3.33,37442.675
2024-04-12,32.2244987487793,2.0,-409.52,5.33,17.31,106.04000091552734,20736.5703125,3.33,37442.675
2024-04-15,32.25400161743164,2.0,-409.52,5.33,19.23,106.20999908447266,20449.76953125,3.33,37442.675
2024-04-16,32.38880157470703,2.0,-409.52,5.33,18.4,106.26000213623047,19901.9609375,3.33,37442.675
2024-04-17,32.49789810180664,2.0,-409.52,5.33,18.21,105.94999694824219,20213.330078125,3.33,37442.675
2024-04-18,32.3380012512207,2.0,-409.52,5.33,18.0,106.1500015258789,20301.19921875,3.33,37442.675
2024-04-19,32.41590118408203,2.0,-409.52,5.33,18.71,106.1500015258789,19527.119140625,3.33,37442.675
2024-04-22,32.50400161743164,2.0,-409.52,5.33,16.94,106.08000183105469,19411.220703125,3.33,37442.675
2024-04-23,32.58300018310547,2.0,-409.52,5.33,15.69,105.69000244140625,19599.279296875,3.33,37442.675
2024-04-24,32.503501892089844,2.0,-409.52,5.33,15.97,105.86000061035156,20131.740234375,3.33,37442.675
2024-04-25,32.62730026245117,2.0,-409.52,5.33,15.37,105.5999984741211,19857.419921875,3.33,37442.675
2024-04-26,32.53099822998047,2.0,-409.52,5.33,15.03,105.94000244140625,20120.509765625,3.33,37442.675
2024-04-29,32.558998107910156,2.0,-409.52,5.33,14.67,105.58000183105469,20495.51953125,3.33,37442.675
2024-04-30,32.433998107910156,2.0,-409.52,5.33,15.65,106.22000122070312,20396.599609375,3.33,37442.675
2024-05-02,32.47600173950195,2.0,-409.52,5.33,14.68,105.30000305175781,20222.439453125,3.33,37317.931
2024-05-03,32.34600067138672,2.0,-409.52,5.33,13.49,105.02999877929688,20330.3203125,3.33,37317.931
2024-05-06,32.27690124511719,2.0,-409.52,5.33,13.49,105.05000305175781,20523.310546875,3.33,37317.931
2024-05-07,32.26300048828125,2.0,-409.52,5.33,13.23,105.41000366210938,20653.529296875,3.33,37317.931
2024-05-08,32.363800048828125,2.0,-409.52,5.33,13.0,105.55000305175781,20700.509765625,3.33,37317.931
2024-05-09,32.33300018310547,2.0,-409.52,5.33,12.69,105.2300033569336,20560.76953125,3.33,37317.931
2024-05-10,32.33879852294922,2.0,-409.52,5.33,12.55,105.30999755859375,20708.83984375,3.33,37317.931
2024-05-13,32.42399978637695,2.0,-409.52,5.33,13.6,105.22000122070312,20857.7109375,3.33,37317.931
2024-05-14,32.371498107910156,2.0,-409.52,5.33,13.42,105.01000213623047,20985.849609375,3.33,37317.931
2024-05-15,32.31370162963867,2.0,-409.52,5.33,12.45,104.3499984741211,21147.2109375,3.33,37317.931
2024-05-16,32.03129959106445,2.0,-409.52,5.33,12.42,104.45999908447266,21304.259765625,3.33,37317.931
2024-05-17,32.12379837036133,2.0,-409.52,5.33,11.99,104.44999694824219,21258.470703125,3.33,37317.931
2024-05-20,32.16400146484375,2.0,-409.52,5.33,12.15,104.56999969482422,21271.630859375,3.33,37317.931
2024-05-21,32.2057991027832,2.0,-409.52,5.33,11.86,104.66000366210938,21236.75,3.33,37317.931
2024-05-22,32.234798431396484,2.0,-409.52,5.33,12.29,104.94000244140625,21551.830078125,3.33,37317.931
2024-05-23,32.223899841308594,2.0,-409.52,5.33,12.77,105.11000061035156,21607.4296875,3.33,37317.931
2024-05-24,32.22079849243164,2.0,-409.52,5.33,11.93,104.72000122070312,21565.33984375,3.33,37317.931
2024-05-28,32.06999969482422,2.0,-409.52,5.33,12.92,104.61000061035156,21858.41015625,3.33,37317.931
2024-05-29,32.17380142211914,2.0,-409.52,5.33,14.28,105.0999984741211,21662.5,3.33,37317.931
2024-05-30,32.37699890136719,2.0,-409.52,5.33,14.47,104.72000122070312,21364.48046875,3.33,37317.931
2024-05-31,32.35639953613281,2.0,-409.52,5.33,12.92,104.66999816894531,21174.220703125,3.33,37317.931
2024-06-03,32.46500015258789,2.0,-409.52,5.33,13.11,104.13999938964844,21536.759765625,3.33,39879.799
2024-06-04,32.314300537109375,2.0,-409.52,5.33,13.16,104.11000061035156,21356.619140625,3.33,39879.799
2024-06-05,32.328800201416016,2.0,-409.52,5.33,12.63,104.2699966430664,21484.880859375,3.33,39879.799
2024-06-06,32.25199890136719,2.0,-409.52,5.33,12.58,104.0999984741211,21902.69921875,3.33,39879.799
2024-06-07,32.208900451660156,2.0,-409.52,5.33,12.22,104.88999938964844,21858.380859375,3.33,39879.799
2024-06-11,32.33399963378906,2.0,-409.52,5.33,12.85,105.2300033569336,21792.119140625,3.33,39879.799
2024-06-12,32.315799713134766,2.0,-409.52,5.33,12.04,104.6500015258789,22048.9609375,3.33,39879.799
2024-06-13,32.20100021362305,2.0,-409.52,5.33,11.94,105.19999694824219,22312.0390625,3.33,39879.799
2024-06-14,32.29899978637695,2.0,-409.52,5.33,12.66,105.55000305175781,22504.720703125,3.33,39879.799
2024-06-17,32.3489990234375,2.0,-409.52,5.33,12.75,105.31999969482422,22496.529296875,3.33,39879.799
2024-06-18,32.30099868774414,2.0,-409.52,5.33,12.3,105.26000213623047,22757.4296875,3.33,39879.799
2024-06-20,32.38079833984375,2.0,-409.52,5.33,13.28,105.58999633789062,23406.099609375,3.33,39879.799
2024-06-21,32.340999603271484,2.0,-409.52,5.33,13.2,105.80000305175781,23253.390625,3.33,39879.799
2024-06-24,32.362998962402344,2.0,-409.52,5.33,13.33,105.47000122070312,22813.69921875,3.33,39879.799
2024-06-25,32.32149887084961,2.0,-409.52,5.33,12.84,105.61000061035156,22875.970703125,3.33,39879.799
2024-06-26,32.4734992980957,2.0,-409.52,5.33,12.55,106.05000305175781,22986.689453125,3.33,39879.799
2024-06-27,32.582298278808594,2.0,-409.52,5.33,12.24,105.91000366210938,22905.98046875,3.33,39879.799
2024-06-28,32.52199935913086,2.0,-409.52,5.33,12.44,105.87000274658203,23032.25,3.33,39879.799
2024-07-01,32.50400161743164,2.0,-409.52,5.33,12.22,105.9000015258789,23058.5703125,3.33,39920.702
2024-07-02,32.52170181274414,2.0,-409.52,5.33,12.03,105.72000122070312,22879.369140625,3.33,39920.702
2024-07-03,32.57279968261719,2.0,-409.52,5.33,12.09,105.4000015258789,23172.4296875,3.33,39920.702
2024-07-05,32.50659942626953,2.0,-409.52,5.33,12.48,104.87999725341797,23556.58984375,3.33,39920.702
2024-07-08,32.393001556396484,2.0,-409.52,5.33,12.37,105.01000213623047,23878.150390625,3.33,39920.702
2024-07-09,32.47100067138672,2.0,-409.52,5.33,12.51,105.12000274658203,23900.080078125,3.33,39920.702
2024-07-10,32.50749969482422,2.0,-409.52,5.33,12.85,105.05000305175781,24007.080078125,3.33,39920.702
2024-07-11,32.58689880371094,2.0,-409.52,5.33,12.92,104.44000244140625,24390.029296875,3.33,39920.702
2024-07-12,32.38679885864258,2.0,-409.52,5.33,12.46,104.08999633789062,23916.9296875,3.33,39920.702
2024-07-15,32.54800033569336,2.0,-409.52,5.33,13.12,104.19000244140625,23879.359375,3.33,39920.702
2024-07-16,32.57400131225586,2.0,-409.52,5.33,13.19,104.2699966430664,23997.25,3.33,39920.702
2024-07-17,32.56330108642578,2.0,-409.52,5.33,14.48,103.75,23769.8203125,3.33,39920.702
2024-07-18,32.49079895019531,2.0,-409.52,5.33,15.93,104.16999816894531,23398.470703125,3.33,39920.702
2024-07-19,32.638999938964844,2.0,-409.52,5.33,16.52,104.4000015258789,22869.259765625,3.33,39920.702
2024-07-22,32.78099822998047,2.0,-409.52,5.33,14.91,104.30999755859375,22256.990234375,3.33,39920.702
2024-07-23,32.80849838256836,2.0,-409.52,5.33,14.72,104.44999694824219,22871.83984375,3.33,39920.702
2024-07-26,32.643001556396484,2.0,-409.52,5.33,16.39,104.31999969482422,22119.2109375,3.33,39920.702
2024-07-29,32.79800033569336,2.0,-409.52,5.33,16.6,104.55999755859375,22164.490234375,3.33,39920.702
2024-07-30,32.849300384521484,2.0,-409.52,5.33,17.69,104.55000305175781,22223.5703125,3.33,39920.702
2024-07-31,32.76150131225586,2.0,-409.52,5.33,16.36,104.0999984741211,22199.349609375,3.33,39920.702
2024-08-01,32.57229995727539,2.0,-409.52,5.33,18.59,104.41999816894531,22642.099609375,3.33,43623.277
2024-08-02,32.71649932861328,2.0,-409.52,5.33,23.39,103.20999908447266,21638.08984375,3.33,43623.277
2024-08-05,32.58890151977539,2.0,-409.52,5.33,38.57,102.69000244140625,19830.880859375,3.33,43623.277
2024-08-06,32.67900085449219,2.0,-409.52,5.33,27.71,102.97000122070312,20501.01953125,3.33,43623.277
2024-08-07,32.77799987792969,2.0,-409.52,5.33,27.85,103.19999694824219,21295.279296875,3.33,43623.277
2024-08-08,32.650001525878906,2.0,-409.52,5.33,23.79,103.20999908447266,20870.099609375,3.33,43623.277
2024-08-09,32.41019821166992,2.0,-409.52,5.33,20.37,103.13999938964844,21469.0,3.33,43623.277
2024-08-12,32.435001373291016,2.0,-409.52,5.33,20.71,103.13999938964844,21773.259765625,3.33,43623.277
2024-08-13,32.23899841308594,2.0,-409.52,5.33,18.12,102.55999755859375,21796.5703125,3.33,43623.277
2024-08-14,32.30500030517578,2.0,-409.52,5.33,16.19,102.56999969482422,22027.25,3.33,43623.277
2024-08-15,31.9950008392334,2.0,-252.89,5.33,15.23,102.9800033569336,21895.169921875,3.33,43623.277
2024-08-16,32.442501068115234,2.0,-252.89,5.33,14.8,102.45999908447266,22349.330078125,3.33,43623.277
2024-08-19,32.135501861572266,2.0,-252.89,5.33,14.65,101.88999938964844,22409.630859375,3.33,43623.277
2024-08-20,31.910499572753906,2.0,-252.89,5.33,15.88,101.44000244140625,22429.099609375,3.33,43623.277
2024-08-21,31.895000457763672,2.0,-252.89,5.33,16.27,101.04000091552734,22237.890625,3.33,43623.277
2024-08-22,31.69499969482422,2.0,-252.89,5.33,17.55,101.51000213623047,22148.830078125,3.33,43623.277
2024-08-23,32.03499984741211,2.0,-503.92,5.33,15.86,100.72000122070312,22158.05078125,3.33,43623.277
2024-08-26,31.754499435424805,2.0,-503.92,5.33,16.15,100.8499984741211,22240.119140625,3.33,43623.277
2024-08-27,31.80900001525879,2.0,-503.92,5.33,15.43,100.55000305175781,22185.0,3.33,43623.277
2024-08-28,31.69499969482422,2.0,-503.92,5.33,17.11,101.08999633789062,22370.66015625,3.33,43623.277
2024-08-29,31.982999801635742,2.0,-503.92,5.33,15.65,101.33999633789062,22201.849609375,3.33,43623.277
2024-08-30,31.857999801635742,2.0,-503.92,5.33,15.0,101.69999694824219,22268.08984375,3.33,43623.277
2024-09-03,31.930999755859375,2.0,-503.92,5.33,20.72,101.83000183105469,22092.2109375,3.33,40548.317
2024-09-04,31.981000900268555,2.0,-503.92,5.33,21.32,101.36000061035156,21092.75,3.33,40548.317
2024-09-05,31.954999923706055,2.0,-503.92,5.33,19.9,101.11000061035156,21187.7109375,3.33,40548.317
2024-09-06,32.00699996948242,2.0,-503.92,5.33,22.38,101.18000030517578,21435.189453125,3.33,40548.317
2024-09-09,32.025901794433594,2.0,-503.92,5.33,19.45,101.55000305175781,21144.439453125,3.33,40548.317
2024-09-10,32.108001708984375,2.0,-503.92,5.33,19.08,101.62999725341797,21064.080078125,3.33,40548.317
2024-09-11,32.15800094604492,2.0,-503.92,5.33,17.69,101.68000030517578,21031.0,3.33,40548.317
2024-09-12,32.106998443603516,2.0,-503.92,5.33,17.07,101.37000274658203,21653.25,3.33,40548.317
2024-09-13,31.92300033569336,2.0,-503.92,5.33,16.56,101.11000061035156,21759.650390625,3.33,40548.317
2024-09-16,31.937999725341797,2.0,-792.73,5.33,17.14,100.76000213623047,21850.080078125,3.33,40548.317
2024-09-18,31.93950080871582,2.0,-792.73,5.33,18.23,100.5999984741211,21678.83984375,3.33,40548.317
2024-09-19,31.77899932861328,2.0,-792.73,4.83,16.33,100.61000061035156,22042.689453125,2.83,40548.317
2024-09-20,31.76799964904785,2.0,-792.73,4.83,16.15,100.72000122070312,22159.419921875,2.83,40548.317
2024-09-23,31.98900032043457,2.0,-792.73,4.83,15.89,100.91999816894531,22285.529296875,2.83,40548.317
2024-09-24,31.933000564575195,2.0,-792.73,4.83,15.39,100.37000274658203,22431.779296875,2.83,40548.317
2024-09-25,31.700000762939453,2.0,-792.73,4.83,15.41,100.91999816894531,22761.599609375,2.83,40548.317
2024-09-26,31.863000869750977,2.0,-792.73,4.83,15.37,100.55999755859375,22858.810546875,2.83,40548.317
2024-09-27,31.459999084472656,2.0,-792.73,4.83,16.96,100.41999816894531,22822.7890625,2.83,40548.317
2024-09-30,31.575000762939453,2.0,-792.73,4.83,16.73,100.77999877929688,22224.5390625,2.83,40548.317
2024-10-01,31.579999923706055,2.0,-792.73,4.83,19.26,101.19000244140625,22390.390625,2.83,41281.858
2024-10-04,32.018001556396484,2.0,-792.73,4.83,19.21,102.5199966430664,22302.7109375,2.83,41281.858
2024-10-07,32.34000015258789,2.0,-792.73,4.83,22.64,102.54000091552734,22702.560546875,2.83,41281.858
2024-10-08,32.12179946899414,2.0,-792.73,4.83,21.42,102.55000305175781,22611.390625,2.83,41281.858
2024-10-09,32.16999816894531,2.0,-792.73,4.83,20.86,102.93000030517578,22659.080078125,2.83,41281.858
2024-10-11,32.195499420166016,2.0,-792.73,4.83,20.46,102.88999938964844,22901.640625,2.83,41281.858
2024-10-14,32.130001068115234,2.0,-792.73,4.83,19.7,103.30000305175781,22975.2890625,2.83,41281.858
2024-10-15,32.152000427246094,2.0,-792.73,4.83,20.64,103.26000213623047,23292.0390625,2.83,41281.858
2024-10-16,32.17100143432617,2.0,-792.73,4.83,19.58,103.58999633789062,23010.98046875,2.83,41281.858
2024-10-17,32.1349983215332,2.0,-792.73,4.83,19.11,103.83000183105469,23053.83984375,2.83,41281.858
2024-10-18,32.06800079345703,2.0,-792.73,4.83,18.03,103.48999786376953,23487.26953125,2.83,41281.858
2024-10-21,32.04199981689453,2.0,-792.73,4.83,18.37,104.01000213623047,23542.529296875,2.83,41281.858
2024-10-22,32.05099868774414,2.0,-792.73,4.83,18.2,104.08000183105469,23535.4296875,2.83,41281.858
2024-10-23,32.013999938964844,2.0,-792.73,4.83,19.24,104.43000030517578,23334.759765625,2.83,41281.858
2024-10-24,32.00400161743164,2.0,-792.73,4.83,19.08,104.05999755859375,23192.51953125,2.83,41281.858
2024-10-25,31.983800888061523,2.0,-792.73,4.83,20.33,104.26000213623047,23348.44921875,2.83,41281.858
2024-10-28,32.06380081176758,2.0,-792.73,4.83,19.8,104.31999969482422,23198.0703125,2.83,41281.858
2024-10-29,32.01380157470703,2.0,-792.73,4.83,19.34,104.27999877929688,22926.58984375,2.83,41281.858
2024-10-30,32.00299835205078,2.0,-792.73,4.83,20.35,103.98999786376953,22820.4296875,2.83,41281.858
2024-11-01,31.86280059814453,2.0,-792.73,4.83,21.88,104.27999877929688,22780.080078125,2.83,41064.795
2024-11-04,31.922800064086914,2.0,-792.73,4.83,21.98,103.88999938964844,22965.390625,2.83,41064.795
2024-11-05,31.91200065612793,2.0,-792.73,4.83,20.49,103.41999816894531,23106.7890625,2.83,41064.795
2024-11-06,31.82229995727539,2.0,177.28,4.83,16.27,105.08999633789062,23217.380859375,2.83,41064.795
2024-11-07,32.334598541259766,2.0,177.28,4.83,15.2,104.51000213623047,23408.8203125,2.83,41064.795
2024-11-08,32.034000396728516,2.0,678.47,4.58,14.94,105.0,23553.890625,2.58,41064.795
2024-11-11,32.23500061035156,2.0,678.47,4.58,14.97,105.54000091552734,23529.640625,2.58,41064.795
2024-11-12,32.37480163574219,2.0,678.47,4.58,14.71,106.0199966430664,22981.76953125,2.58,41064.795
2024-11-13,32.414798736572266,2.0,678.47,4.58,14.02,106.4800033569336,22860.23046875,2.58,41064.795
2024-11-14,32.40800094604492,2.0,678.47,4.58,14.31,106.66999816894531,22715.380859375,2.58,41064.795
2024-11-15,32.537200927734375,2.0,678.47,4.58,16.14,106.69000244140625,22742.76953125,2.58,41064.795
2024-11-18,32.46179962158203,2.0,678.47,4.58,15.58,106.27999877929688,22546.5390625,2.58,41064.795
2024-11-19,32.442298889160156,2.0,678.47,4.58,16.35,106.20999908447266,22848.80078125,2.58,41064.795
2024-11-20,32.32550048828125,2.0,678.47,4.58,17.16,106.68000030517578,22688.359375,2.58,41064.795
2024-11-21,32.471500396728516,2.0,678.47,4.58,16.87,106.97000122070312,22555.66015625,2.58,41064.795
2024-11-22,32.50529861450195,2.0,678.47,4.58,15.24,107.48999786376953,22904.3203125,2.58,41064.795
2024-11-25,32.56850051879883,2.0,678.47,4.58,14.6,106.81999969482422,22948.369140625,2.58,41064.795
2024-11-26,32.332000732421875,2.0,678.47,4.58,14.1,107.01000213623047,22678.759765625,2.58,41064.795
2024-11-27,32.404998779296875,2.0,678.47,4.58,14.1,106.08000183105469,22334.779296875,2.58,41064.795
2024-11-29,32.494300842285156,2.0,678.47,4.58,13.51,105.73999786376953,22262.5,2.58,41064.795
2024-12-02,32.43899917602539,2.0,678.47,4.58,13.34,106.44999694824219,22736.9296875,2.58,43555.861
2024-12-03,32.59149932861328,2.0,678.47,4.58,13.3,106.37000274658203,23027.4609375,2.58,43555.861
2024-12-04,32.4640007019043,2.0,678.47,4.58,13.45,106.33999633789062,23255.330078125,2.58,43555.861
2024-12-05,32.3129997253418,2.0,678.47,4.58,13.54,105.70999908447266,23267.939453125,2.58,43555.861
2024-12-06,32.32279968261719,2.0,678.47,4.58,12.77,105.97000122070312,23193.26953125,2.58,43555.861
2024-12-09,32.38800048828125,2.0,678.47,4.58,14.19,106.1500015258789,23273.25,2.58,43555.861
2024-12-10,32.37080001831055,2.0,678.47,4.58,14.18,106.4000015258789,23125.080078125,2.58,43555.861
2024-12-11,32.523799896240234,2.0,678.47,4.58,13.58,106.70999908447266,22903.630859375,2.58,43555.861
2024-12-12,32.485801696777344,2.0,-840.44,4.58,13.92,106.95999908447266,23046.80078125,2.58,43555.861
2024-12-13,32.465999603271484,2.0,-840.44,4.58,13.81,107.0,23020.48046875,2.58,43555.861
2024-12-16,32.49829864501953,2.0,-840.44,4.58,14.69,106.86000061035156,23039.900390625,2.58,43555.861
2024-12-17,32.41699981689453,2.0,-840.44,4.58,15.87,106.95999908447266,23018.009765625,2.58,43555.861
2024-12-18,32.4297981262207,2.0,-840.44,4.58,27.62,108.02999877929688,23168.669921875,2.58,43555.861
2024-12-19,32.678001403808594,2.0,-840.44,4.33,24.09,108.41000366210938,22932.25,2.33,43555.861
2024-12-20,32.630001068115234,2.0,-840.44,4.33,18.36,107.62000274658203,22510.25,2.33,43555.861
2024-12-23,32.61600112915039,2.0,-840.44,4.33,16.78,108.04000091552734,23104.5390625,2.33,43555.861
2024-12-24,32.608001708984375,2.0,-840.44,4.33,14.27,108.26000213623047,23120.240234375,2.33,43555.861
2024-12-26,32.70790100097656,2.0,-840.44,4.33,14.73,108.12999725341797,23246.939453125,2.33,43555.861
2024-12-27,32.721500396728516,2.0,-840.44,4.33,15.95,108.0,23275.6796875,2.33,43555.861
2024-12-30,32.80849838256836,2.0,-840.44,4.33,17.4,108.12999725341797,23190.19921875,2.33,43555.861
2024-12-31,32.7599983215332,2.0,-840.44,4.33,17.35,108.48999786376953,23035.099609375,2.33,43555.861
2025-01-02,32.80099868774414,2.0,-840.44,4.33,17.93,109.38999938964844,22832.060546875,2.33,38703.462
2025-01-03,32.86980056762695,2.0,-840.44,4.33,16.13,108.94999694824219,22908.30078125,2.33,38703.462
2025-01-06,32.91230010986328,2.0,-840.44,4.33,16.04,108.26000213623047,23547.7109375,2.33,38703.462
2025-01-07,32.735801696777344,2.0,-840.44,4.33,17.82,108.54000091552734,23651.26953125,2.33,38703.462
2025-01-08,32.7244987487793,2.0,-840.44,4.33,17.7,109.08999633789062,23407.330078125,2.33,38703.462
2025-01-09,32.9202995300293,2.0,-840.44,4.33,18.07,109.18000030517578,23081.130859375,2.33,38703.462
2025-01-10,32.83100128173828,2.0,-840.44,4.33,19.54,109.6500015258789,23011.859375,2.33,38703.462
2025-01-13,33.09629821777344,2.0,-840.44,4.33,19.19,109.95999908447266,22488.330078125,2.33,38703.462
2025-01-14,33.054500579833984,2.0,-840.44,4.33,18.71,109.2699966430664,22797.51953125,2.33,38703.462
2025-01-15,32.95240020751953,2.0,-840.44,4.33,16.12,109.08999633789062,22514.5703125,2.33,38703.462
2025-01-16,32.79600143432617,2.0,-840.44,4.33,16.6,108.95999908447266,23025.099609375,2.33,38703.462
2025-01-17,32.84299850463867,2.0,-840.44,4.33,15.97,109.3499984741211,23148.080078125,2.33,38703.462
2025-01-21,32.316001892089844,2.0,313.2,4.33,15.06,108.05999755859375,23300.009765625,2.33,38703.462
2025-01-22,32.58399963378906,2.0,313.2,4.33,15.1,108.16999816894531,23525.41015625,2.33,38703.462
2025-02-03,32.827999114990234,2.0,313.2,4.33,18.62,108.98999786376953,22694.7109375,2.33,41292.412
2025-02-04,32.98699951171875,2.0,313.2,4.33,17.21,107.95999908447266,22793.9609375,2.33,41292.412
2025-02-05,32.8916015625,2.0,313.2,4.33,15.77,107.58000183105469,23161.580078125,2.33,41292.412
2025-02-06,32.821800231933594,2.0,313.2,4.33,15.5,107.69000244140625,23316.599609375,2.33,41292.412
2025-02-07,32.79600143432617,2.0,313.2,4.33,16.54,108.04000091552734,23478.26953125,2.33,41292.412
2025-02-10,32.82789993286133,2.0,313.2,4.33,15.81,108.31999969482422,23252.140625,2.33,41292.412
2025-02-11,32.86539840698242,2.0,313.2,4.33,16.02,107.95999908447266,23384.05078125,2.33,41292.412
2025-02-12,32.80329895019531,2.0,313.2,4.33,15.89,107.94000244140625,23289.75,2.33,41292.412
2025-02-13,32.85580062866211,2.0,-217.33,4.33,15.1,107.30999755859375,23399.41015625,2.33,41292.412
2025-02-14,32.615299224853516,2.0,-217.33,4.33,14.77,106.56999969482422,23152.609375,2.33,41292.412
2025-02-18,32.706600189208984,2.0,-217.33,4.33,15.35,107.05000305175781,23666.109375,2.33,41292.412
2025-02-19,32.72129821777344,2.0,-217.33,4.33,15.27,107.16999816894531,23604.080078125,2.33,41292.412
2025-02-20,32.74620056152344,2.0,-217.33,4.33,15.66,106.33999633789062,23487.4609375,2.33,41292.412
2025-02-21,32.69329833984375,2.0,-217.33,4.33,18.21,106.61000061035156,23730.25,2.33,41292.412
2025-02-24,32.77299880981445,2.0,-217.33,4.33,18.98,106.5999984741211,23565.310546875,2.33,41292.412
2025-02-25,32.69969940185547,2.0,-217.33,4.33,19.43,106.30999755859375,23285.720703125,2.33,41292.412
2025-02-26,32.77830123901367,2.0,-217.33,4.33,19.1,106.41999816894531,23402.55078125,2.33,41292.412
2025-02-27,32.750301361083984,2.0,-217.33,4.33,21.13,107.23999786376953,23053.1796875,2.33,41292.412
2025-03-03,32.904998779296875,2.0,-217.33,4.33,22.78,106.75,22756.25,2.33,49541.737
2025-03-04,32.88890075683594,2.0,-217.33,4.33,23.51,105.73999786376953,22596.880859375,2.33,49541.737
2025-03-05,32.7947998046875,2.0,-217.33,4.33,21.93,105.73999786376953,22871.900390625,2.33,49541.737
2025-03-06,32.80110168457031,2.0,-217.33,4.33,24.87,104.05999755859375,22715.4296875,2.33,49541.737
2025-03-07,32.8578987121582,2.0,-217.33,4.33,23.37,103.83999633789062,22576.0703125,2.33,49541.737
2025-03-10,32.82699966430664,2.0,-217.33,4.33,27.86,103.91000366210938,22459.150390625,2.33,49541.737
2025-03-11,32.866600036621094,2.0,-217.33,4.33,26.92,103.44000244140625,22071.08984375,2.33,49541.737
2025-03-12,32.86880111694336,2.0,-217.33,4.33,24.23,103.61000061035156,22278.359375,2.33,49541.737
2025-03-13,32.90629959106445,2.0,-217.33,4.33,24.66,103.83000183105469,21961.6796875,2.33,49541.737
2025-03-14,32.96839904785156,2.0,-217.33,4.33,21.77,103.72000122070312,21968.05078125,2.33,49541.737
2025-03-17,32.92599868774414,2.0,-217.33,4.33,20.51,103.37000274658203,22118.630859375,2.33,49541.737
2025-03-18,32.95640182495117,2.0,-217.33,4.33,21.7,103.23999786376953,22271.669921875,2.33,49541.737
2025-03-19,32.97919845581055,2.0,-217.33,4.33,19.9,103.43000030517578,21960.830078125,2.33,49541.737
2025-03-20,33.003299713134766,2.0,-217.33,4.33,19.8,103.8499984741211,22377.259765625,2.33,49541.737
2025-03-21,32.987300872802734,2.0,-217.33,4.33,19.28,104.08999633789062,22209.099609375,2.33,49541.737
2025-03-24,32.974998474121094,2.0,-217.33,4.33,17.48,104.26000213623047,22106.640625,2.33,49541.737
2025-03-25,33.01129913330078,2.0,-217.33,4.33,17.15,104.18000030517578,22273.189453125,2.33,49541.737
2025-03-26,33.0452995300293,2.0,-53.61,4.33,18.33,104.55000305175781,22260.2890625,2.33,49541.737
2025-03-27,33.0885009765625,2.0,-53.61,4.33,18.69,104.06999969482422,21951.759765625,2.33,49541.737
2025-03-28,33.11140060424805,2.0,-53.61,4.33,21.65,104.04000091552734,21602.890625,2.33,49541.737
2025-03-31,33.18579864501953,2.0,-53.61,4.33,22.28,104.20999908447266,20695.900390625,2.33,49541.737
2025-04-01,33.23910140991211,2.0,-53.61,4.33,21.77,104.26000213623047,21280.169921875,2.33,48646.752
2025-04-02,33.20349884033203,2.0,-53.61,4.33,21.51,103.80999755859375,21298.220703125,2.33,48646.752
2025-04-07,33.162498474121094,2.0,-53.61,4.33,46.98,103.26000213623047,19232.349609375,2.33,48646.752
2025-04-08,32.980098724365234,2.0,-53.61,4.33,52.33,102.95999908447266,18459.94921875,2.33,48646.752
2025-04-09,33.0806999206543,2.0,-53.61,4.33,33.62,102.9000015258789,17391.759765625,2.33,48646.752
2025-04-10,32.58810043334961,2.0,-53.61,4.33,40.72,100.87000274658203,19000.029296875,2.33,48646.752
2025-04-11,32.78630065917969,2.0,-53.61,4.33,37.56,99.77999877929688,19528.76953125,2.33,48646.752
2025-04-14,32.36199951171875,2.0,-53.61,4.33,30.89,99.63999938964844,19513.08984375,2.33,48646.752
2025-04-15,32.3568000793457,2.0,768.23,4.33,30.12,100.22000122070312,19857.669921875,2.33,48646.752
2025-04-16,32.50400161743164,2.0,768.23,4.33,32.64,99.37999725341797,19468.0,2.33,48646.752
2025-04-17,32.37879943847656,2.0,768.23,4.33,29.65,99.37999725341797,19338.73046875,2.33,48646.752
2025-04-22,32.44060134887695,2.0,768.23,4.33,30.57,98.91999816894531,18793.4296875,2.33,48646.752
2025-04-23,32.57360076904297,2.0,768.23,4.33,28.45,99.83999633789062,19639.140625,2.33,48646.752
2025-04-24,32.532798767089844,2.0,768.23,4.33,26.47,99.29000091552734,19478.810546875,2.33,48646.752
2025-04-25,32.43560028076172,2.0,768.23,4.33,24.84,99.47000122070312,19872.73046875,2.33,48646.752
2025-04-28,32.51900100708008,2.0,768.23,4.33,25.15,99.01000213623047,20034.41015625,2.33,48646.752
2025-04-29,32.425899505615234,2.0,768.23,4.33,24.17,99.23999786376953,20232.630859375,2.33,48646.752
2025-04-30,32.32170104980469,2.0,768.23,4.33,24.7,99.47000122070312,20235.029296875,2.33,48646.752
2025-05-02,32.11159896850586,2.0,768.23,4.33,22.68,100.0,20787.640625,2.33,51738.058
2025-05-05,30.704299926757812,2.0,768.23,4.33,23.64,99.83000183105469,20532.990234375,2.33,51738.058
2025-05-06,29.15999984741211,2.0,768.23,4.33,24.76,99.23999786376953,20522.58984375,2.33,51738.058
2025-05-07,29.97760009765625,2.0,768.23,4.33,23.55,99.61000061035156,20546.490234375,2.33,51738.058
2025-05-08,30.39069938659668,2.0,768.23,4.33,22.48,100.63999938964844,20543.400390625,2.33,51738.058
2025-05-09,30.268999099731445,2.0,768.23,4.33,21.9,100.33999633789062,20915.0390625,2.33,51738.058
2025-05-12,30.246400833129883,2.0,768.23,4.33,18.39,101.79000091552734,21129.5390625,2.33,51738.058
2025-05-13,30.39310073852539,2.0,768.23,4.33,18.22,101.0,21330.140625,2.33,51738.058
2025-05-14,30.424999237060547,2.0,768.23,4.33,18.62,101.04000091552734,21782.869140625,2.33,51738.058
2025-05-15,30.33970069885254,2.0,768.23,4.33,17.83,100.87999725341797,21730.25,2.33,51738.058
2025-05-16,30.16699981689453,2.0,768.23,4.33,17.24,101.08999633789062,21843.689453125,2.33,51738.058
2025-05-19,30.202600479125977,2.0,768.23,4.33,18.14,100.43000030517578,21523.830078125,2.33,51738.058
2025-05-20,30.14579963684082,2.0,768.23,4.33,18.09,100.12000274658203,21526.029296875,2.33,51738.058
2025-05-21,30.146299362182617,2.0,768.23,4.33,20.87,99.55999755859375,21803.91015625,2.33,51738.058
2025-05-22,30.0221004486084,2.0,768.23,4.33,20.28,99.95999908447266,21670.9609375,2.33,51738.058
2025-05-23,30.046899795532227,2.0,768.23,4.33,22.29,99.11000061035156,21652.240234375,2.33,51738.058
2025-05-26,29.971500396728516,2.0,768.23,4.33,20.57,98.93000030517578,21536.5703125,2.33,51738.058
2025-05-27,29.915000915527344,2.0,768.23,4.33,18.96,99.5199966430664,21336.5390625,2.33,51738.058
2025-05-28,29.964799880981445,2.0,635.94,4.33,19.31,99.87999725341797,21357.720703125,2.33,51738.058
2025-05-29,29.950000762939453,2.0,635.94,4.33,19.18,99.27999877929688,21347.30078125,2.33,51738.058
2025-06-02,29.871000289916992,2.0,635.94,4.33,18.36,98.69999694824219,21002.7109375,2.33,53326.037
2025-06-03,29.987300872802734,2.0,635.94,4.33,17.69,99.25,21126.9296875,2.33,53326.037
2025-06-04,29.965900421142578,2.0,635.94,4.33,17.61,98.79000091552734,21618.08984375,2.33,53326.037
2025-06-05,29.941999435424805,2.0,590.7,4.33,18.48,98.73999786376953,21674.4296875,2.33,53326.037
2025-06-06,29.94529914855957,2.0,590.7,4.33,16.77,99.19000244140625,21660.66015625,2.33,53326.037
2025-06-09,29.917699813842773,2.0,590.7,4.33,17.16,98.94000244140625,21790.2890625,2.33,53326.037
2025-06-10,29.913799285888672,2.0,590.7,4.33,16.95,99.05000305175781,22242.140625,2.33,53326.037
2025-06-11,29.888900756835938,2.0,590.7,4.33,17.26,98.62999725341797,22470.099609375,2.33,53326.037
2025-06-12,29.8075008392334,2.0,964.41,4.33,18.02,97.91999816894531,22287.8203125,2.33,53326.037
2025-06-13,29.52519989013672,2.0,964.41,4.33,20.82,98.18000030517578,22072.94921875,2.33,53326.037
2025-06-16,29.5049991607666,2.0,274.52,4.33,19.11,98.0,22049.900390625,2.33,53326.037
2025-06-17,29.0049991607666,2.0,274.52,4.33,21.6,98.81999969482422,22211.58984375,2.33,53326.037
2025-06-18,29.6471004486084,2.0,274.52,4.33,20.14,98.91000366210938,22356.73046875,2.33,53326.037
2025-06-20,29.571300506591797,2.0,274.52,4.33,20.62,98.70999908447266,22045.740234375,2.33,53326.037
2025-06-23,29.533000946044922,2.0,274.52,4.33,19.83,98.41999816894531,21732.01953125,2.33,53326.037
2025-06-24,29.673900604248047,2.0,274.52,4.33,17.48,97.86000061035156,22188.759765625,2.33,53326.037
2025-06-25,29.458099365234375,2.0,274.52,4.33,16.76,97.68000030517578,22430.609375,2.33,53326.037
2025-06-26,29.341899871826172,2.0,274.52,4.33,16.59,97.1500015258789,22492.33984375,2.33,53326.037
2025-06-27,28.819000244140625,2.0,274.52,4.33,16.32,97.4000015258789,22580.080078125,2.33,53326.037
2025-06-30,29.094999313354492,2.0,274.52,4.33,16.73,96.87999725341797,22256.01953125,2.33,53326.037
2025-07-01,29.206600189208984,2.0,274.52,4.33,16.83,96.81999969482422,22553.720703125,2.33,56675.608
2025-07-02,29.225900650024414,2.0,274.52,4.33,16.64,96.77999877929688,22577.740234375,2.33,56675.608
2025-07-03,28.96809959411621,2.0,274.52,4.33,16.38,97.18000030517578,22712.970703125,2.33,56675.608
2025-07-07,28.900999069213867,2.0,274.52,4.33,17.79,97.4800033569336,22428.720703125,2.33,56675.608
2025-07-08,29.068300247192383,2.0,274.52,4.33,16.81,97.51000213623047,22362.26953125,2.33,56675.608
2025-07-09,29.107099533081055,2.0,274.52,4.33,15.94,97.47000122070312,22527.009765625,2.33,56675.608
2025-07-10,29.20560073852539,2.0,274.52,4.33,15.78,97.6500015258789,22693.25,2.33,56675.608
2025-07-11,29.243000030517578,2.0,274.52,4.33,16.4,97.8499984741211,22751.029296875,2.33,56675.608
2025-07-14,29.21299934387207,2.0,-326.36,4.33,17.2,98.08000183105469,22614.970703125,2.33,56675.608
2025-07-15,29.346099853515625,2.0,-326.36,4.33,17.38,98.62000274658203,22835.939453125,2.33,56675.608
2025-07-16,29.388099670410156,2.0,-326.36,4.33,17.16,98.38999938964844,23042.900390625,2.33,56675.608
2025-07-17,29.400999069213867,2.0,-326.36,4.33,16.52,98.7300033569336,23113.279296875,2.33,56675.608
2025-07-18,29.403200149536133,2.0,-326.36,4.33,16.41,98.4800033569336,23383.130859375,2.33,56675.608
2025-07-21,29.378000259399414,2.0,-326.36,4.33,16.65,97.8499984741211,23340.560546875,2.33,56675.608
2025-07-22,29.333599090576172,2.0,-326.36,4.33,16.5,97.38999938964844,22987.919921875,2.33,56675.608
2025-07-23,29.39900016784668,2.0,-326.36,4.33,15.37,97.20999908447266,23318.669921875,2.33,56675.608
2025-07-24,29.23419952392578,2.0,-326.36,4.33,15.39,97.37999725341797,23373.73046875,2.33,56675.608
2025-07-25,29.391000747680664,2.0,-326.36,4.33,14.93,97.6500015258789,23364.380859375,2.33,56675.608
2025-07-28,29.472000122070312,2.0,-326.36,4.33,15.03,98.66000366210938,23412.98046875,2.33,56675.608
2025-07-29,29.656999588012695,2.0,-326.36,4.33,15.98,98.91000366210938,23201.51953125,2.33,56675.608
2025-07-30,29.68950080871582,2.0,-326.36,4.33,15.48,99.94000244140625,23461.720703125,2.33,56675.608
2025-07-31,29.827999114990234,2.0,-326.36,4.33,16.72,100.02999877929688,23542.51953125,2.33,56675.608
2025-08-01,29.9060001373291,2.0,-326.36,4.33,20.38,98.69000244140625,23434.380859375,2.33,58429.982
2025-08-04,29.815000534057617,2.0,-326.36,4.33,17.52,98.77999877929688,23378.939453125,2.33,58429.982
2025-08-05,29.88409996032715,2.0,-326.36,4.33,17.85,98.77999877929688,23660.58984375,2.33,58429.982
2025-08-06,29.937400817871094,2.0,-326.36,4.33,16.77,98.18000030517578,23447.359375,2.33,58429.982
2025-08-07,29.91469955444336,2.0,-326.36,4.33,16.57,98.4000015258789,24003.76953125,2.33,58429.982
2025-08-08,29.8080997467041,2.0,-326.36,4.33,15.15,98.18000030517578,24021.259765625,2.33,58429.982
2025-08-11,29.85099983215332,2.0,-326.36,4.33,16.25,98.5199966430664,24135.5,2.33,58429.982
2025-08-12,29.947999954223633,2.0,-326.36,4.33,14.73,98.0999984741211,24158.359375,2.33,58429.982
2025-08-13,29.87809944152832,2.0,-326.36,4.33,14.49,97.83999633789062,24370.01953125,2.33,58429.982
2025-08-14,29.939699172973633,2.0,-326.36,4.33,14.83,98.25,24238.099609375,2.33,58429.982
2025-08-15,30.07900047302246,2.0,-326.36,4.33,15.09,97.8499984741211,24334.48046875,2.33,58429.982
2025-08-18,29.98900032043457,2.0,-326.36,4.33,14.99,98.16999816894531,24482.51953125,2.33,58429.982
2025-08-19,30.025100708007812,2.0,-326.36,4.33,15.57,98.2699966430664,24353.5,2.33,58429.982
2025-08-20,30.1072998046875,2.0,-326.36,4.33,15.69,98.22000122070312,23625.439453125,2.33,58429.982
2025-08-21,30.280099868774414,2.0,-326.36,4.33,16.6,98.62000274658203,23962.130859375,2.33,58429.982
2025-08-22,30.516000747680664,2.0,-326.36,4.33,14.22,97.72000122070312,23764.470703125,2.33,58429.982
2025-08-25,30.367300033569336,2.0,-326.36,4.33,14.79,98.43000030517578,24277.380859375,2.33,58429.982
2025-08-26,30.444000244140625,2.0,-326.36,4.33,14.62,98.2300033569336,24305.099609375,2.33,58429.982
2025-08-27,30.546600341796875,2.0,-326.36,4.33,14.85,98.2300033569336,24519.900390625,2.33,58429.982
2025-08-28,30.575000762939453,2.0,-326.36,4.33,14.43,97.80999755859375,24236.44921875,2.33,58429.982
2025-08-29,30.492799758911133,2.0,-326.36,4.33,15.36,97.7699966430664,24233.099609375,2.33,58429.982
2025-09-02,30.62529945373535,2.0,-326.36,4.33,17.17,98.4000015258789,24016.779296875,2.33,54228.538
2025-09-03,30.743999481201172,2.0,-326.36,4.33,16.35,98.13999938964844,24100.30078125,2.33,54228.538
2025-09-04,30.722000122070312,2.0,-326.36,4.33,15.3,98.3499984741211,24179.849609375,2.33,54228.538
2025-09-05,30.694000244140625,2.0,-326.36,4.33,15.18,97.7699966430664,24494.580078125,2.33,54228.538
2025-09-08,30.479000091552734,2.0,-326.36,4.33,15.11,97.44999694824219,24547.380859375,2.33,54228.538
2025-09-09,30.331100463867188,2.0,-326.36,4.33,15.04,97.79000091552734,24855.1796875,2.33,54228.538
2025-09-10,30.351600646972656,2.0,-326.36,4.33,15.35,97.77999877929688,25192.58984375,2.33,54228.538
2025-09-11,30.236799240112305,2.0,-326.36,4.33,14.71,97.54000091552734,25215.7109375,2.33,54228.538
2025-09-12,30.290000915527344,2.0,-326.36,4.33,14.76,97.55000305175781,25474.640625,2.33,54228.538
2025-09-15,30.284900665283203,2.0,-326.36,4.33,15.69,97.30000305175781,25357.16015625,2.33,54228.538
2025-09-16,30.19409942626953,2.0,-326.36,4.33,16.36,96.62999725341797,25629.640625,2.33,54228.538
2025-09-17,30.047199249267578,2.0,-326.36,4.33,15.72,96.87000274658203,25438.25,2.33,54228.538
2025-09-18,30.08639907836914,2.0,-326.36,4.08,15.7,97.3499984741211,25769.359375,2.08,54228.538
2025-09-19,30.11050033569336,2.0,-326.36,4.08,15.45,97.63999938964844,25578.369140625,2.08,54228.538
2025-09-22,30.215999603271484,2.0,-326.36,4.09,16.1,97.33000183105469,25880.599609375,2.09,54228.538
2025-09-23,30.21769905090332,2.0,-326.36,4.09,16.64,97.26000213623047,26247.369140625,2.09,54228.538
2025-09-24,30.27400016784668,2.0,-326.36,4.09,16.18,97.87000274658203,26196.73046875,2.09,54228.538
2025-09-25,30.364099502563477,2.0,407.22,4.09,16.74,98.55000305175781,26023.849609375,2.09,54228.538
2025-09-26,30.561500549316406,2.0,407.22,4.09,15.29,98.1500015258789,25580.3203125,2.09,54228.538
2025-09-30,30.458200454711914,2.0,407.22,4.09,16.28,97.7699966430664,25820.5390625,2.09,54228.538
2025-10-01,30.442100524902344,2.0,407.22,4.09,16.29,97.70999908447266,25982.91015625,2.09,60889.099
2025-10-02,30.44700050354004,2.0,407.22,4.09,16.63,97.8499984741211,26378.390625,2.09,60889.099
2025-10-03,30.46380043029785,2.0,407.22,4.09,16.65,97.72000122070312,26761.060546875,2.09,60889.099
2025-10-07,30.510499954223633,2.0,216.3,4.09,17.24,98.58000183105469,27211.94921875,2.09,60889.099
2025-10-08,30.536699295043945,2.0,216.3,4.1,16.3,98.8499984741211,27063.6796875,2.0999999999999996,60889.099
2025-10-09,30.524999618530273,2.0,216.3,4.1,16.43,99.54000091552734,27301.919921875,2.0999999999999996,60889.099
2025-10-13,30.665000915527344,2.0,216.3,4.1,19.03,99.2699966430664,26923.419921875,2.0999999999999996,60889.099
2025-10-14,30.69099998474121,2.0,216.3,4.1,20.81,99.05000305175781,26793.150390625,2.0999999999999996,60889.099
2025-10-15,30.683900833129883,2.0,216.3,4.1,20.64,98.79000091552734,27275.7109375,2.0999999999999996,60889.099
2025-10-16,30.609800338745117,2.0,216.3,4.11,25.31,98.38999938964844,27647.869140625,2.1100000000000003,60889.099
2025-10-17,30.611900329589844,2.0,216.3,4.11,20.78,98.43000030517578,27302.369140625,2.1100000000000003,60889.099
2025-10-20,30.62190055847168,2.0,216.3,4.11,18.23,98.58999633789062,27688.630859375,2.1100000000000003,60889.099
2025-10-21,30.597299575805664,2.0,216.3,4.11,17.87,98.93000030517578,27752.41015625,2.1100000000000003,60889.099
2025-10-22,30.67729949951172,2.0,216.3,4.11,18.6,98.9000015258789,27648.91015625,2.1100000000000003,60889.099
2025-10-23,30.745100021362305,2.0,216.3,4.11,17.3,98.94000244140625,27532.259765625,2.1100000000000003,60889.099
2025-10-27,30.83329963684082,2.0,216.3,4.12,15.79,98.77999877929688,27993.630859375,2.12,60889.099
2025-10-28,30.60110092163086,2.0,216.3,4.12,16.42,98.69000244140625,27949.109375,2.12,60889.099
2025-10-29,30.543100357055664,2.0,216.3,4.12,16.92,99.22000122070312,28294.740234375,2.12,60889.099
2025-10-30,30.665199279785156,2.0,216.3,3.87,16.91,99.52999877929688,28287.529296875,1.87,60889.099
2025-10-31,30.73069953918457,2.0,216.3,3.86,17.44,99.80000305175781,28233.349609375,1.8599999999999999,60889.099
2025-11-03,30.78179931640625,2.0,216.3,3.87,17.17,99.87000274658203,28334.58984375,1.87,64045.599
2025-11-04,30.903099060058594,2.0,216.3,3.87,19.0,100.22000122070312,28116.560546875,1.87,64045.599
2025-11-05,30.91900062561035,2.0,216.3,3.87,18.01,100.19999694824219,27717.060546875,1.87,64045.599
2025-11-06,30.892900466918945,2.0,216.3,3.87,19.5,99.7300033569336,27899.44921875,1.87,64045.599
2025-11-07,30.97879981994629,2.0,216.3,3.87,19.08,99.5999984741211,27651.41015625,1.87,64045.599
2025-11-10,30.966800689697266,2.0,216.3,3.87,17.6,99.62000274658203,27869.509765625,1.87,64045.599
2025-11-11,30.966800689697266,2.0,216.3,3.87,17.28,99.45999908447266,27784.94921875,1.87,64045.599
2025-11-12,30.96430015563965,2.0,216.3,3.87,17.51,99.4800033569336,27947.08984375,1.87,64045.599
2025-11-13,31.06410026550293,2.0,216.3,3.88,20.0,99.18000030517578,27903.560546875,1.88,64045.599
2025-11-14,31.124900817871094,2.0,216.3,3.88,19.83,99.2699966430664,27397.5,1.88,64045.599
2025-11-17,30.554500579833984,2.0,216.3,3.88,22.38,99.58999633789062,27447.310546875,1.88,64045.599
2025-11-18,31.174999237060547,2.0,216.3,3.88,24.69,99.55000305175781,26756.119140625,1.88,64045.599
2025-11-19,31.103200912475586,2.0,216.3,3.88,23.66,100.2300033569336,26580.119140625,1.88,64045.599
2025-11-20,31.183000564575195,2.0,216.3,3.88,26.42,100.16000366210938,27426.359375,1.88,64045.599
2025-11-21,31.352100372314453,2.0,216.3,3.88,23.43,100.18000030517578,26434.939453125,1.88,64045.599
2025-11-24,31.338600158691406,2.0,216.3,3.88,20.52,100.13999938964844,26504.240234375,1.88,64045.599
2025-11-25,31.42609977722168,2.0,216.3,3.88,18.56,99.66000366210938,26912.169921875,1.88,64045.599
2025-11-26,31.388099670410156,2.0,216.3,3.88,17.19,99.5999984741211,27409.5390625,1.88,64045.599
2025-11-28,31.314699172973633,2.0,216.3,3.89,16.35,99.45999908447266,27626.48046875,1.8900000000000001,64045.599
2025-12-01,31.37689971923828,2.0,216.3,3.89,17.24,99.41000366210938,27342.529296875,1.8900000000000001,62465.681
2025-12-02,31.395999908447266,2.0,216.3,3.89,16.59,99.36000061035156,27564.26953125,1.8900000000000001,62465.681
2025-12-03,31.402000427246094,2.0,216.3,3.89,16.08,98.8499984741211,27793.0390625,1.8900000000000001,62465.681
2025-12-04,31.314699172973633,2.0,216.3,3.89,15.78,98.98999786376953,27795.7109375,1.8900000000000001,62465.681
2025-12-05,31.364999771118164,2.0,216.3,3.89,15.41,98.98999786376953,27980.890625,1.8900000000000001,62465.681
2025-12-08,31.27400016784668,2.0,216.3,3.89,16.66,99.08999633789062,28303.779296875,1.8900000000000001,62465.681
2025-12-09,31.16469955444336,2.0,216.3,3.89,16.93,99.22000122070312,28182.599609375,1.8900000000000001,62465.681
2025-12-10,31.150999069213867,2.0,216.3,3.89,15.77,98.79000091552734,28400.73046875,1.8900000000000001,62465.681
2025-12-11,31.07699966430664,2.0,216.3,3.64,14.85,98.3499984741211,28024.75,1.6400000000000001,62465.681
2025-12-12,31.180099487304688,2.0,216.3,3.64,15.74,98.4000015258789,28198.01953125,1.6400000000000001,62465.681
2025-12-15,31.320100784301758,2.0,216.3,3.64,16.5,98.1500015258789,27866.939453125,1.6400000000000001,62465.681
2025-12-16,31.328699111938477,2.0,216.3,3.64,16.48,98.1500015258789,27536.66015625,1.6400000000000001,62465.681
2025-12-17,31.4689998626709,2.0,216.3,3.64,17.62,98.37000274658203,27525.169921875,1.6400000000000001,62465.681
2025-12-18,31.632099151611328,2.0,216.3,3.64,16.87,98.43000030517578,27468.529296875,1.6400000000000001,62465.681
2025-12-19,31.51409912109375,2.0,216.3,3.64,14.91,98.5999984741211,27696.349609375,1.6400000000000001,62465.681
2025-12-22,31.5039005279541,2.0,216.3,3.64,14.08,98.29000091552734,28149.640625,1.6400000000000001,62465.681
2025-12-23,31.53219985961914,2.0,216.3,3.64,14.0,97.94000244140625,28310.470703125,1.6400000000000001,62465.681
2025-12-24,31.489500045776367,2.0,216.3,3.64,13.47,97.9800033569336,28371.98046875,1.6400000000000001,62465.681
2025-12-26,31.570199966430664,2.0,216.3,3.64,13.6,98.0199966430664,28556.01953125,1.6400000000000001,62465.681
2025-12-29,31.3799991607666,2.0,216.3,3.64,14.2,98.04000091552734,28810.890625,1.6400000000000001,62465.681
2025-12-30,31.317800521850586,2.0,216.3,3.64,14.33,98.23999786376953,28707.130859375,1.6400000000000001,62465.681
2025-12-31,31.243600845336914,2.0,216.3,3.64,14.95,98.27999877929688,28963.599609375,1.6400000000000001,62465.681
2026-01-02,31.303499221801758,2.0,216.3,3.64,14.51,98.41999816894531,29349.810546875,1.6400000000000001,65757.995
2026-01-05,31.358699798583984,2.0,216.3,3.64,14.9,98.2699966430664,30105.0390625,1.6400000000000001,65757.995
2026-01-06,31.474599838256836,2.0,932.39,3.64,14.75,98.58000183105469,30576.30078125,1.6400000000000001,65757.995
2026-01-07,31.49209976196289,2.0,932.39,3.64,15.38,98.68000030517578,30435.470703125,1.6400000000000001,65757.995
2026-01-08,31.449100494384766,2.0,932.39,3.64,15.45,98.93000030517578,30360.55078125,1.6400000000000001,65757.995
2026-01-09,31.5447998046875,2.0,932.39,3.64,14.49,99.12999725341797,30288.9609375,1.6400000000000001,65757.995
2026-01-12,31.593299865722656,2.0,932.39,3.64,15.12,98.86000061035156,30567.2890625,1.6400000000000001,65757.995
2026-01-13,31.569900512695312,2.0,932.39,3.64,15.98,99.12999725341797,30707.220703125,1.6400000000000001,65757.995
2026-01-14,31.616899490356445,2.0,932.39,3.64,16.75,99.12999725341797,30941.779296875,1.6400000000000001,65757.995
2026-01-15,31.510700225830078,2.0,357.14,3.64,15.84,99.31999969482422,30810.580078125,1.6400000000000001,65757.995
2026-01-16,31.564199447631836,2.0,357.14,3.64,15.86,99.38999938964844,31408.69921875,1.6400000000000001,65757.995
2026-01-20,31.548999786376953,2.0,357.14,3.64,20.09,98.63999938964844,31759.990234375,1.6400000000000001,65757.995
2026-01-21,31.682300567626953,2.0,357.14,3.64,16.9,98.76000213623047,31246.369140625,1.6400000000000001,65757.995
2026-01-22,31.639999389648438,2.0,357.14,3.64,15.64,98.36000061035156,31746.080078125,1.6400000000000001,65757.995
2026-01-23,31.583999633789062,2.0,357.14,3.64,16.09,97.5999984741211,31961.509765625,1.6400000000000001,65757.995
2026-01-26,31.370800018310547,2.0,357.14,3.64,16.15,97.04000091552734,32064.51953125,1.6400000000000001,65757.995
2026-01-27,31.440500259399414,2.0,357.14,3.64,16.35,96.22000122070312,32317.919921875,1.6400000000000001,65757.995
2026-01-28,31.110300064086914,2.0,357.14,3.64,16.35,96.44999694824219,32803.8203125,1.6400000000000001,65757.995
2026-01-29,31.26959991455078,2.0,357.14,3.64,16.88,96.27999877929688,32536.26953125,1.6400000000000001,65757.995
2026-01-30,31.3617000579834,2.0,357.14,3.64,17.44,96.98999786376953,32063.75,1.6400000000000001,65757.995
2026-02-02,31.58300018310547,2.0,357.14,3.64,16.34,97.61000061035156,31624.029296875,1.6400000000000001,49789.046
2026-02-03,31.57710075378418,2.0,357.14,3.64,18.0,97.44000244140625,32195.359375,1.6400000000000001,49789.046
2026-02-04,31.573200225830078,2.0,357.14,3.64,18.64,97.62000274658203,32289.810546875,1.6400000000000001,49789.046
2026-02-05,31.657100677490234,2.0,357.14,3.64,21.77,97.81999969482422,31801.26953125,1.6400000000000001,49789.046
2026-02-06,31.648799896240234,2.0,357.14,3.64,17.76,97.62999725341797,31782.919921875,1.6400000000000001,49789.046
2026-02-09,31.575000762939453,2.0,357.14,3.64,17.36,96.81999969482422,32404.619140625,1.6400000000000001,49789.046
2026-02-10,31.561199188232422,2.0,357.14,3.64,17.79,96.80000305175781,33072.96875,1.6400000000000001,49789.046
2026-02-11,31.478700637817383,2.0,357.14,3.64,17.65,96.83000183105469,33605.7109375,1.6400000000000001,49789.046
2026-02-23,31.51099967956543,2.0,357.14,3.64,21.01,97.69999694824219,33773.26171875,1.6400000000000001,49789.046
2026-02-24,31.434799194335938,2.0,357.14,3.64,19.55,97.87999725341797,34700.8203125,1.6400000000000001,49789.046
2026-02-25,31.377099990844727,2.0,357.14,3.64,17.93,97.69999694824219,35413.0703125,1.6400000000000001,49789.046
2026-02-26,31.269100189208984,2.0,357.14,3.64,18.63,97.79000091552734,35414.48828125,1.6400000000000001,49789.046
2026-03-02,31.375,2.0,357.14,3.64,21.44,98.37999725341797,35095.08984375,1.6400000000000001,80182.5
2026-03-03,31.53499984741211,2.0,357.14,3.64,23.57,99.05000305175781,34323.6484375,1.6400000000000001,80182.5
2026-03-04,31.733999252319336,2.0,357.14,3.64,21.15,98.7699966430664,32828.87890625,1.6400000000000001,80182.5
2026-03-05,31.6299991607666,2.0,357.14,3.64,23.75,99.31999969482422,33672.94140625,1.6400000000000001,80182.5
2026-03-06,31.905899047851562,2.0,357.14,3.64,29.49,98.98999786376953,33599.5390625,1.6400000000000001,80182.5
2026-03-09,31.80229949951172,2.0,357.14,3.64,25.5,99.18000030517578,32110.419921875,1.6400000000000001,80182.5
2026-03-10,31.802000045776367,2.0,357.14,3.64,24.93,98.83000183105469,32771.87109375,1.6400000000000001,80182.5
2026-03-11,31.77389907836914,2.0,357.14,3.64,24.23,99.2300033569336,34114.19140625,1.6400000000000001,80182.5
2026-03-12,31.811500549316406,2.0,357.14,3.64,27.29,99.73999786376953,33581.859375,1.6400000000000001,80182.5
2026-03-13,31.89579963684082,2.0,357.14,3.64,27.19,100.36000061035156,33400.3203125,1.6400000000000001,80182.5
2026-03-16,32.16310119628906,2.0,357.14,3.64,23.51,99.70999908447266,33342.51171875,1.6400000000000001,80182.5
2026-03-17,31.94499969482422,2.0,357.14,3.64,22.37,99.58000183105469,33836.5703125,1.6400000000000001,80182.5
2026-03-18,31.885000228881836,2.0,357.14,3.64,25.09,100.08999633789062,34348.578125,1.6400000000000001,80182.5
2026-03-19,32.03120040893555,2.0,357.14,3.64,24.06,99.2300033569336,33689.6796875,1.6400000000000001,80182.5
2026-03-20,31.802099227905273,2.0,357.14,3.64,26.78,99.6500015258789,33543.87890625,1.6400000000000001,80182.5
2026-03-23,32.02170181274414,2.0,357.14,3.64,26.15,98.94999694824219,32722.5,1.6400000000000001,80182.5
2026-03-24,31.86199951171875,2.0,357.14,3.64,26.95,99.43000030517578,32612.240234375,1.6400000000000001,80182.5
2026-03-25,31.925800323486328,2.0,357.14,3.64,25.33,99.5999984741211,33439.109375,1.6400000000000001,80182.5
2026-03-26,31.93589973449707,2.0,357.14,3.64,27.44,99.9000015258789,33337.62109375,1.6400000000000001,80182.5
2026-03-27,31.93000030517578,2.0,357.14,3.64,31.05,100.1500015258789,33112.58984375,1.6400000000000001,80182.5
2026-03-30,31.976999282836914,2.0,357.14,3.64,30.61,100.51000213623047,32518.16015625,1.6400000000000001,80182.5
2026-03-31,32.03900146484375,2.0,357.14,3.64,25.25,99.95999908447266,31722.990234375,1.6400000000000001,80182.5
2026-04-01,31.93790054321289,2.0,357.14,3.64,24.54,99.6500015258789,33174.8203125,1.6400000000000001,67620.88
2026-04-02,32.00199890136719,2.0,357.14,3.64,23.87,100.02999877929688,32572.4296875,1.6400000000000001,67620.88
2026-04-07,31.913999557495117,2.0,357.14,3.64,25.78,99.63999938964844,33229.8203125,1.6400000000000001,67620.88
2026-04-08,31.893999099731445,2.0,357.14,3.64,21.04,99.12999725341797,34761.37890625,1.6400000000000001,67620.88
2026-04-09,31.720399856567383,2.0,357.14,3.64,19.49,98.81999969482422,34861.16015625,1.6400000000000001,67620.88
2026-04-10,31.725799560546875,2.0,357.14,3.64,19.23,98.6500015258789,35417.828125,1.6400000000000001,67620.88
2026-04-13,31.767000198364258,2.0,357.14,3.64,19.12,98.37000274658203,35457.2890625,1.6400000000000001,67620.88
2026-04-14,31.641199111938477,2.0,357.14,3.64,18.36,98.12000274658203,36296.12109375,1.6400000000000001,67620.88
2026-04-15,31.517000198364258,2.0,357.14,3.64,18.17,98.05999755859375,36722.140625,1.6400000000000001,67620.88
2026-04-16,31.586999893188477,2.0,357.14,3.64,17.94,98.22000122070312,37132.01953125,1.6400000000000001,67620.88
2026-04-17,31.558000564575195,2.0,721.14,3.64,17.48,98.0999984741211,36804.33984375,1.6400000000000001,67620.88
2026-04-20,31.468000411987305,2.0,721.14,3.64,18.87,98.05000305175781,36958.80078125,1.6400000000000001,67620.88
2026-04-21,31.41900062561035,2.0,721.14,3.64,19.5,98.41000366210938,37605.109375,1.6400000000000001,67620.88
2026-04-22,31.48200035095215,2.0,721.14,3.64,18.92,98.58999633789062,37878.46875,1.6400000000000001,67620.88
2026-04-23,31.466800689697266,2.0,448.69,3.64,19.31,98.80000305175781,37714.1484375,1.6400000000000001,67620.88
2026-04-24,31.530000686645508,2.0,448.69,3.64,18.71,98.51000213623047,38932.3984375,1.6400000000000001,67620.88
2026-04-27,31.440000534057617,2.0,448.69,3.64,18.02,98.4800033569336,39616.62890625,1.6400000000000001,67620.88
2026-04-28,31.455699920654297,2.0,448.69,3.64,17.83,98.62000274658203,39521.73046875,1.6400000000000001,67620.88
2026-04-29,31.51300048828125,2.0,448.69,3.64,18.81,98.91999816894531,39303.5,1.6400000000000001,67620.88
2026-04-30,31.62649917602539,2.0,448.69,3.64,16.89,98.08000183105469,38926.62890625,1.6400000000000001,67620.88
2026-05-04,31.554000854492188,2.0,448.69,3.64,18.29,98.47000122070312,40705.140625,1.6400000000000001,67620.88
2026-05-05,31.597999572753906,2.0,448.69,3.64,17.38,98.4800033569336,40769.2890625,1.6400000000000001,67620.88
2026-05-06,31.545000076293945,2.0,448.69,3.64,17.39,98.0199966430664,41138.8515625,1.6400000000000001,67620.88
2026-05-07,31.398500442504883,2.0,448.69,3.63,17.08,98.25,41933.78125,1.63,67620.88
2026-05-08,31.392099380493164,2.0,448.69,3.63,17.19,97.83999633789062,41603.94140625,1.63,67620.88
2026-05-11,31.301000595092773,2.0,448.69,3.63,18.38,97.94000244140625,41790.05859375,1.63,67620.88
2026-05-12,31.3518009185791,2.0,-45284.2,3.63,17.99,98.29000091552734,41898.3203125,1.63,67620.88
2026-05-13,31.501100540161133,2.0,-23490.33,3.63,17.87,98.4800033569336,41374.5,1.63,67620.88
2026-05-14,31.55900001525879,2.0,4237.09,3.63,17.26,98.87999725341797,41751.75,1.63,67620.88
2026-05-15,31.56439971923828,2.0,2932.57,3.63,18.43,99.2699966430664,41172.359375,1.63,67620.88
2026-05-18,31.586999893188477,2.0,-43079.3,3.63,17.82,98.97000122070312,40891.8203125,1.63,67620.88
